row	key	string_key	name	class	tags	tier	value_copper
0	2200	Pyeonjeon_Arrow	Stub Arrow	arrow	ammo arrow stackable tier-0 use-immediately	0	5
1	50001	Arrow	Arrow	arrow	ammo arrow stackable tier-0 use-immediately	0	2
2	1002557	Quiver	Replenishing Arrows	arrow	ammo arrow no-discard no-sell stackable tier-0 use-immediately	0	1
3	50003	Poison_Arrow	Poison Arrow	arrow	ammo arrow stackable tier-0 use-immediately	0	10
4	1000070	Sleep_Arrow	Sleep Arrow	arrow	ammo arrow stackable tier-0 use-immediately	0	15
5	50011	Hyosi_Arrow	Whistling Arrow	arrow	ammo arrow no-sell stackable tier-0 use-immediately	0	1
6	1001321	Bomb_Arrow	Explosive Arrow	arrow	ammo arrow stackable tier-0 use-immediately	0	300
7	1001316	Fire_Arrow	Fire Arrow	arrow	arrow goods npc-only stackable tier-0 use-immediately	0	2
8	1001315	Lightning_Arrow	Blitz Arrow	arrow	arrow goods npc-only stackable tier-0 use-immediately	0	2
9	1001314	Ice_Arrow	Chill Arrow	arrow	arrow goods npc-only stackable tier-0 use-immediately	0	2
10	50057	MultiArrow	Bundle of Arrows	ammo-bundle	ammo ammo-bundle arrow stackable tier-0 use-immediately	0	50
11	1000224	MultiArrow_Package_Small	Bundle of Arrows	ammo-bundle	ammo ammo-bundle arrow stackable tier-0 use-immediately	0	15
12	1000026	MultiBullet	Bundle of Bullets	ammo-bundle	ammo ammo-bundle bullet stackable tier-0 use-immediately	0	50
13	1003653	MultiBullet_Package_Small	Bundle of Bullets	ammo-bundle	ammo ammo-bundle bullet stackable tier-0 use-immediately	0	25
14	1000063	MultiCannonBall	Bundle of Cannonballs	ammo-bundle	ammo ammo-bundle cannonball stackable tier-0 use-immediately	0	130
15	1003654	MultiCannonBall_Package_Small	Bundle of Cannonballs	ammo-bundle	ammo ammo-bundle cannonball stackable tier-0 use-immediately	0	65
16	1000692	CannonBall	Small Cannonball	cannonball	ammo cannonball stackable tier-0 use-immediately	0	15
17	1003752	Continuous_Supply_CannonBall	Replenishing Cannonballs	cannonball	ammo cannonball no-discard no-sell stackable tier-0 use-immediately	0	1
18	1001773	Marni_Special_CannonBall	Disruptor Cannonball	cannonball	ammo cannonball stackable tier-0 use-immediately	0	15
19	1001884	BombSpider_CannonBall	Mine Spider Cannonball	cannonball	ammo cannonball stackable tier-0 use-immediately	0	15
20	1000017	Itano_CannonBall_Errant	Crude Itano Cannonball	cannonball	ammo cannonball stackable tier-0 use-immediately	0	15
21	1001935	Itano_CannonBall	Itano Cannonball	cannonball	ammo cannonball stackable tier-0 use-immediately	0	15
22	1000018	Bismuth_CannonBall_Errant	Crude Bismuth Cannonball	cannonball	ammo cannonball stackable tier-0 use-immediately	0	15
23	1000372	Bullet	Bullet	bullet	ammo bullet stackable tier-0 use-immediately	0	3
24	1003753	Continuous_Supply_Bullet	Replenishing Bullets	bullet	ammo bullet no-discard no-sell stackable tier-0 use-immediately	0	1
25	1001320	Shotgun_Bullet	Buckshot Bullet	bullet	ammo bullet stackable tier-0 use-immediately	0	3
26	1002125	Silver_Bullet	Silver Bullet	bullet	ammo bullet stackable tier-0 use-immediately	0	3
27	1001805	Fire_Bomb	Bomb	explosive	ammo buff explosive stackable tier-0	0	50
28	1001815	Crow_Bomb	Crow Bomb	explosive	ammo buff explosive stackable tier-0	0	50
29	1001819	Pervin_Bomb	Perwin Explosive	explosive	ammo buff explosive stackable tier-0	0	50
30	1001841	Brimstone_Bomb	Brimstone Bomb	explosive	ammo buff explosive stackable tier-0	0	50
31	1001842	Water_Bomb	Water Bomb	explosive	ammo buff explosive stackable tier-0	0	50
32	1001844	Vine_Bomb	Vine Bomb	explosive	ammo buff explosive stackable tier-0	0	50
33	1000877	Smoke_Bomb	Smoke Bomb	explosive	ammo buff explosive stackable tier-0	0	50
34	1000880	Caltrop_Bomb	Caltrop Explosive	explosive	ammo buff explosive stackable tier-0	0	50
35	1001934	Trap_Bomb	Trap Bomb	explosive	ammo buff explosive stackable tier-0	0	50
36	1000876	Titan_Spear	Titan's Spear	explosive	ammo buff explosive stackable tier-0	0	50
37	1002772	CircusMachine_Sphere	Circus Machine Sphere	explosive	ammo buff explosive stackable tier-0	0	50
38	1004838	Small_Fire_Bomb	Small Explosive	explosive	ammo buff explosive stackable tier-0	0	50
39	1001845	Dart	Dart	ammo	ammo tier-0	0	7
40	1001862	MagicBullet	Magic Bullet	magic-bullet	ammo magic-bullet tier-0	0	10
41	1000152	MagicBullet_Fire	Fire Magic Bullet	magic-bullet	ammo magic-bullet tier-0	0	10
42	1000153	MagicBullet_Water	Water Magic Bullet	magic-bullet	ammo magic-bullet tier-0	0	10
43	1000399	MagicBullet_Ice	Ice Magic Bullet	magic-bullet	ammo magic-bullet tier-0	0	10
44	1000482	MagicBullet_Dark_IceSpear	Dark Ice Spear Magic Bullet	magic-bullet	ammo magic-bullet tier-0	0	10
45	1000416	MagicBullet_DarkBall	Dark Magic Bullet	magic-bullet	ammo magic-bullet tier-0	0	10
46	1000429	MagicBullet_Electric	Lightning Magic Bullet	magic-bullet	ammo magic-bullet tier-0	0	10
47	1001937	MagicBullet_LightFist	Light Fist Magic Bullet	magic-bullet	ammo magic-bullet tier-0	0	10
48	1001939	MagicBullet_Snow	Snow Magic Bullet	magic-bullet	ammo magic-bullet tier-0	0	10
49	52006	Goblin_Pot	Goldleaf Censer	explosive	ammo explosive tier-0	0	15
50	52007	Oil_Barrel	Oil Canister	explosive	ammo explosive tier-0	0	30
51	1000123	InstallationBomb	Deployable Explosive	explosive	ammo explosive no-sell tier-0	0	1
52	1000803	Bomb_Smoke	Smoke Bomb	explosive	ammo explosive stackable tier-0	0	70
53	53032	BattleStickyBomb	Sticky Bomb	explosive	ammo explosive no-sell stackable tier-0	0	1
54	1000089	BattleSticky_FlowerBomb	Sticky Flower Bomb	explosive	ammo explosive no-sell stackable tier-0	0	1
55	53034	TimeBomb	Time Bomb	explosive	ammo explosive no-sell stackable tier-0	0	1
56	1000522	ShinyStone_02	Shiny Rock	ammo	ammo no-sell tier-0	0	1
57	1002141	NoticePaper_Her_LostCow	Missing Cows	poster	document poster quest tier-0 wild	0	27
58	1002147	NoticePaper_Her_StolenGoatHorn	Horn Thief	poster	document poster quest tier-0 wild	0	27
59	1002148	NoticePaper_Her_FindSheep	Missing Wooly	poster	document poster quest tier-0 wild	0	27
60	1002406	NoticePaper_Her_CaveSound	Strange Noises from the Cave	poster	document poster quest tier-0 wild	0	27
61	1001304	Quest_Paper_Circus3	Circus Invitation	poster	document poster quest tier-0 wild	0	27
62	802364	NoticePaper_Circus_DontMissIt	Invitation to the Demeniss Circus	poster	document poster quest tier-0 wild	0	27
63	802365	NoticePaper_Circus_ComeRightNow	Invitation to the Demeniss Circus	poster	document poster quest tier-0 wild	0	27
64	802366	NoticePaper_Circus_Chairless	Invitation to the Demeniss Circus	poster	document poster quest tier-0 wild	0	27
65	802286	NoticePaper_ArmWrestle	Recruiting Arm Wrestlers	poster	document poster quest tier-0 wild	0	27
66	1004363	Quest_Paper_Lumberjack_Testimony	Lumberjacks' Witness Report	poster	document poster quest tier-0 wild	0	27
67	1002288	Quest_Faction_Start_LongLeafForest	Warning of Longleaf Forest Entry	poster	document poster quest tier-0 wild	0	27
68	1001791	NoticePaper_Finale_WhiteHorn	News of White Horn's Defeat	poster	document poster quest tier-0 wild	0	27
69	1001792	NoticePaper_Finale_Muscan	News of the Bonepit	poster	document poster quest tier-0 wild	0	27
70	1001793	NoticePaper_Finale_DarkKing	News of Beloth, the Darksworn's Defeat	poster	document poster quest tier-0 wild	0	27
71	1001795	NoticePaper_Finale_SkullKnight	News of Skull Knight's Demise	poster	document poster quest tier-0 wild	0	27
72	1001796	NoticePaper_Finale_GoblinSandfang	News of the Sandfang Marauders' Defeat	poster	document poster quest tier-0 wild	0	27
73	1001797	NoticePaper_Finale_HyenabossSkevald	News of Skevald the Carrion King's Defeat	poster	document poster quest tier-0 wild	0	27
74	1001798	NoticePaper_Finale_LeeburtheShadowWolf	News of the Black Fang's Defeat	poster	document poster quest tier-0 wild	0	27
75	1001319	Quest_Paper_Her_Rhett	Rhett's Poster	poster	document poster quest tier-0 wild	0	27
76	1002188	Quest_Paper_Her_Delkin	Delkin's Poster	poster	document poster quest tier-0 wild	0	27
77	1002189	Quest_Paper_Her_Tina	Tina's Poster	poster	document poster quest tier-0 wild	0	27
78	1002190	Quest_Paper_Her_Bran	Bran's Poster	poster	document poster quest tier-0 wild	0	27
79	1001887	Quest_Paper_Her_Raine	Renee's Poster	poster	document poster quest tier-0 wild	0	27
80	1001888	Quest_Paper_Her_Alfred	Alfred's Poster	poster	document poster quest tier-0 wild	0	27
81	1001889	Quest_Paper_Her_Dahlia	Dahlia's Poster	poster	document poster quest tier-0 wild	0	27
82	1001890	Quest_Paper_Her_Anbella	Annabella's Poster	poster	document poster quest tier-0 wild	0	27
83	1002219	Quest_Paper_Her_Turnuli	Turnali's Poster	poster	document poster quest tier-0 wild	0	27
84	1002220	Quest_Paper_Her_Aldun	Alden's Poster	poster	document poster quest tier-0 wild	0	27
85	1002221	Quest_Paper_Her_Bruna	Bruna's Poster	poster	document poster quest tier-0 wild	0	27
86	1002222	Quest_Paper_Her_Grana	Grania's Poster	poster	document poster quest tier-0 wild	0	27
87	1002223	Quest_Paper_Her_Yjork	Nork's Poster	poster	document poster quest tier-0 wild	0	27
88	1002224	Quest_Paper_Her_Berdo	Berto's Poster	poster	document poster quest tier-0 wild	0	27
89	1002225	Quest_Paper_Her_Shirg	Serge's Poster	poster	document poster quest tier-0 wild	0	27
90	1002226	Quest_Paper_Her_Ugmum	Ugmon's Poster	poster	document poster quest tier-0 wild	0	27
91	1002227	Quest_Paper_Her_Frox	Prox's Poster	poster	document poster quest tier-0 wild	0	27
92	1002191	Quest_Paper_Her_Timmyr	Temir's Poster	poster	document poster quest tier-0 wild	0	27
93	1002228	Quest_Paper_Her_Peregrine	Peregrine's Poster	poster	document poster quest tier-0 wild	0	27
94	1002229	Quest_Paper_Her_Harveston	Haverson's Poster	poster	document poster quest tier-0 wild	0	27
95	1002230	Quest_Paper_Her_Drianna	Driana's Poster	poster	document poster quest tier-0 wild	0	27
96	1002231	Quest_Paper_Her_Gloin	Galen's Poster	poster	document poster quest tier-0 wild	0	27
97	1002232	Quest_Paper_Her_Matilda	Matilda's Poster	poster	document poster quest tier-0 wild	0	27
98	1002233	Quest_Paper_Her_Adelina	Adrina's Poster	poster	document poster quest tier-0 wild	0	27
99	1001894	Quest_Paper_Dem_Mariana	Mariana's Poster	poster	document poster quest tier-0 wild	0	27
100	1002192	Quest_Paper_Dem_Trollmag	Trolmagg's Poster	poster	document poster quest tier-0 wild	0	27
101	1002193	Quest_Paper_Dem_Orlonel	Olanelle's Poster	poster	document poster quest tier-0 wild	0	27
102	1002194	Quest_Paper_Dem_Kike	Kiki's Poster	poster	document poster quest tier-0 wild	0	27
103	1002214	Quest_Paper_Dem_Fiona	Fiona's Poster	poster	document poster quest tier-0 wild	0	27
104	1002215	Quest_Paper_Dem_Zarkon	Zargon's Poster	poster	document poster quest tier-0 wild	0	27
105	1002216	Quest_Paper_Dem_Eliza	Elise's Poster	poster	document poster quest tier-0 wild	0	27
106	1002217	Quest_Paper_Dem_Flint	Flint's Poster	poster	document poster quest tier-0 wild	0	27
107	1002131	Quest_Paper_Dem_Linda	Linda's Poster	poster	document poster quest tier-0 wild	0	27
108	1002186	Quest_Paper_Dem_Geoffroi	Jofroy's Poster	poster	document poster quest tier-0 wild	0	27
109	1002187	Quest_Paper_Dem_Mariel	Marielle's Poster	poster	document poster quest tier-0 wild	0	27
110	1002195	Quest_Paper_Dem_Khorn	Khron's Poster	poster	document poster quest tier-0 wild	0	27
111	1002196	Quest_Paper_Dem_GrainHart	Grannard's Poster	poster	document poster quest tier-0 wild	0	27
112	1001895	Quest_Paper_Dem_Palga	Palgar's Poster	poster	document poster quest tier-0 wild	0	27
113	1001896	Quest_Paper_Dem_Eldmor	Eldon's Poster	poster	document poster quest tier-0 wild	0	27
114	1001897	Quest_Paper_Dem_Kata	Kathor's Poster	poster	document poster quest tier-0 wild	0	27
115	1001908	Quest_Paper_Del_Inn	Anne's Poster	poster	document poster quest tier-0 wild	0	27
116	1002234	Quest_Paper_Del_Lior	Leore's Poster	poster	document poster quest tier-0 wild	0	27
117	1002235	Quest_Paper_Del_Rainier	Renier's Poster	poster	document poster quest tier-0 wild	0	27
118	1002236	Quest_Paper_Del_Merrigrain	Merrigan's Poster	poster	document poster quest tier-0 wild	0	27
119	1002237	Quest_Paper_Del_Skaldar	Skaldar's Poster	poster	document poster quest tier-0 wild	0	27
120	1002238	Quest_Paper_Del_Maiden	Maidon's Poster	poster	document poster quest tier-0 wild	0	27
121	1002239	Quest_Paper_Del_Martina	Martina's Poster	poster	document poster quest tier-0 wild	0	27
122	1002240	Quest_Paper_Del_Doni	Donny's Poster	poster	document poster quest tier-0 wild	0	27
123	1002241	Quest_Paper_Del_Randel	Randelle's Poster	poster	document poster quest tier-0 wild	0	27
124	1002242	Quest_Paper_Del_Forex	Forrex's Poster	poster	document poster quest tier-0 wild	0	27
125	1001909	Quest_Paper_Del_Marin	Marin's Poster	poster	document poster quest tier-0 wild	0	27
126	1001910	Quest_Paper_Del_Grundak	Grond's Poster	poster	document poster quest tier-0 wild	0	27
127	1001911	Quest_Paper_Del_Herbert	Herbert's Poster	poster	document poster quest tier-0 wild	0	27
128	1001912	Quest_Paper_Del_Nancy	Nancy's Poster	poster	document poster quest tier-0 wild	0	27
129	1001898	Quest_Paper_Kwe_RonHardt	Ronnard's Poster	poster	document poster quest tier-0 wild	0	27
130	1001899	Quest_Paper_Kwe_Terinand	Terianne's Poster	poster	document poster quest tier-0 wild	0	27
131	1003212	Quest_Paper_Kwe_Gorio	Gorio's Poster	poster	document poster quest tier-0 wild	0	27
132	1003213	Quest_Paper_Kwe_Henri	Harry's Poster	poster	document poster quest tier-0 wild	0	27
133	1003214	Quest_Paper_Kwe_Bargul	Bargul's Poster	poster	document poster quest tier-0 wild	0	27
134	1003215	Quest_Paper_Kwe_Gonthyr	Gunter's Poster	poster	document poster quest tier-0 wild	0	27
135	1003216	Quest_Paper_Kwe_Lora	Lola's Poster	poster	document poster quest tier-0 wild	0	27
136	1003217	Quest_Paper_Kwe_Richart	Richart's Poster	poster	document poster quest tier-0 wild	0	27
137	1003218	Quest_Paper_Kwe_Aldred	Eldred's Poster	poster	document poster quest tier-0 wild	0	27
138	1003219	Quest_Paper_Kwe_Ratko	Rocco's Poster	poster	document poster quest tier-0 wild	0	27
139	1001900	Quest_Paper_Kwe_Aeba	Ava's Poster	poster	document poster quest tier-0 wild	0	27
140	1001901	Quest_Paper_Kwe_Baris	Varis's Poster	poster	document poster quest tier-0 wild	0	27
141	1001902	Quest_Paper_Kwe_Lenard	Leonard's Poster	poster	document poster quest tier-0 wild	0	27
142	1001907	Quest_Paper_Crim_Thibault	Tibo's Poster	poster	document poster quest tier-0 wild	0	27
143	1002243	Quest_Paper_Crim_Khadija	Hadiza's Poster	poster	document poster quest tier-0 wild	0	27
144	1001903	Quest_Paper_Crim_Khadin	Caden's Poster	poster	document poster quest tier-0 wild	0	27
145	1001904	Quest_Paper_Crim_Gwendolyn	Gwendolyn's Poster	poster	document poster quest tier-0 wild	0	27
146	1001906	Quest_Paper_Crim_Bruknar	Brookner's Poster	poster	document poster quest tier-0 wild	0	27
147	1002244	Quest_Paper_Crim_Arinna	Alina's Poster	poster	document poster quest tier-0 wild	0	27
148	1002245	Quest_Paper_Crim_Samir	Samir's Poster	poster	document poster quest tier-0 wild	0	27
149	1002246	Quest_Paper_Crim_Zara	Zara's Poster	poster	document poster quest tier-0 wild	0	27
150	1002247	Quest_Paper_Crim_Fatima	Fatima's Poster	poster	document poster quest tier-0 wild	0	27
151	1002248	Quest_Paper_Crim_Noor	Nora's Poster	poster	document poster quest tier-0 wild	0	27
152	1002249	Quest_Paper_Crim_Esperd	Esford's Poster	poster	document poster quest tier-0 wild	0	27
153	1002305	Quest_Paper_Crim_Khalid	Khalid's Poster	poster	document poster quest tier-0 wild	0	27
154	1002307	Quest_Paper_Crim_Thomas	Thomas's Poster	poster	document poster quest tier-0 wild	0	27
155	1001905	Quest_Paper_Crim_Elowen	Rowan's Poster	poster	document poster quest tier-0 wild	0	27
156	1002308	Quest_Paper_Crim_Sniks	Nix's Poster	poster	document poster quest tier-0 wild	0	27
157	1002309	Quest_Paper_Crim_Beatrice	Bea's Poster	poster	document poster quest tier-0 wild	0	27
158	1002310	Quest_Paper_Crim_Omar	Omar's Poster	poster	document poster quest tier-0 wild	0	27
159	1004051	Quest_Paper_Military_Notice	Soldier Recruitment Post	poster	document poster quest tier-0 wild	0	27
160	1004052	Quest_Paper_Askelund_Judgment	Fort Askelund Written Judgment	poster	document poster quest tier-0 wild	0	27
161	1004053	Quest_Paper_Child_Notice	Missing Child Poster	poster	document poster quest tier-0 wild	0	27
162	1004212	Quest_Paper_Child_Notice_02	Missing Child Poster	poster	document poster quest tier-0 wild	0	27
163	1004213	Quest_Paper_Child_Notice_03	Missing Child Poster	poster	document poster quest tier-0 wild	0	27
164	1004214	Quest_Paper_Child_Notice_04	Missing Child Poster	poster	document poster quest tier-0 wild	0	27
165	1004054	Quest_Paper_Beighen_Notice	Beighen Poster	poster	document poster quest tier-0 wild	0	27
166	1004374	Quest_Paper_Hyena_Cave_Recapture	Hyena Den Reclamation Report	poster	document poster quest tier-0 wild	0	27
167	1001604	NoticePaper_Village_Muiquun	Request to Punish Outlaws in Muiquun	bounty-notice	bounty-notice document tier-0 wild	0	27
168	1000157	NoticePaper_Hyenamolar	Bounty Notice - Skevald, the Carrion King	bounty-notice	bounty-notice document tier-0 wild	0	27
169	1000811	NoticePaper_MudWalkerLutemir	Bounty on the Mud Monster	bounty-notice	bounty-notice document tier-0 wild	0	27
170	1001924	NoticePaper_BloodWalkerCrussis	Bounty on the Bloodied Monster	bounty-notice	bounty-notice document tier-0 wild	0	27
171	1001017	Quest_WantedPaper_0008	Bounty Notice - Dante	bounty-notice	bounty-notice document quest tier-0 wild	0	27
172	1001016	Quest_WantedPaper_0007	Bounty Notice - Salvatore	bounty-notice	bounty-notice document quest tier-0 wild	0	27
173	1001010	Quest_WantedPaper_0001	Bounty Notice - Simon de Montfort	bounty-notice	bounty-notice document quest tier-0 wild	0	27
174	1001232	Quest_WantedPaper_0059	Bounty Notice - Jeffrey	bounty-notice	bounty-notice document quest tier-0 wild	0	27
175	1001018	Quest_WantedPaper_0009	Bounty Notice - Warren	bounty-notice	bounty-notice document quest tier-0 wild	0	27
176	1001015	Quest_WantedPaper_0006	Bounty Notice - Bianca	bounty-notice	bounty-notice document quest tier-0 wild	0	27
177	1001014	Quest_WantedPaper_0005	Bounty Notice - Blix	bounty-notice	bounty-notice document quest tier-0 wild	0	27
178	1001011	Quest_WantedPaper_0002	Bounty Notice - Ulzok	bounty-notice	bounty-notice document quest tier-0 wild	0	27
179	1001013	Quest_WantedPaper_0004	Bounty Notice - Alessio	bounty-notice	bounty-notice document quest tier-0 wild	0	27
180	1001012	Quest_WantedPaper_0003	Bounty Notice - Haldin	bounty-notice	bounty-notice document quest tier-0 wild	0	27
181	1000599	Quest_WantedPaper_0101	Bounty Notice - Billy	bounty-notice	bounty-notice document quest tier-0 wild	0	27
182	1001047	Quest_WantedPaper_0038	Bounty Notice - Ivar	bounty-notice	bounty-notice document quest tier-0 wild	0	27
183	1001043	Quest_WantedPaper_0034	Bounty Notice - Rolf	bounty-notice	bounty-notice document quest tier-0 wild	0	27
184	1001040	Quest_WantedPaper_0031	Bounty Notice - Torfinn	bounty-notice	bounty-notice document quest tier-0 wild	0	27
185	1001044	Quest_WantedPaper_0035	Bounty Notice - Wolfe	bounty-notice	bounty-notice document quest tier-0 wild	0	27
186	1001041	Quest_WantedPaper_0032	Bounty Notice - Sigrid	bounty-notice	bounty-notice document quest tier-0 wild	0	27
187	1001045	Quest_WantedPaper_0036	Bounty Notice - Aera	bounty-notice	bounty-notice document quest tier-0 wild	0	27
188	1001048	Quest_WantedPaper_0039	Bounty Notice - Snaggle	bounty-notice	bounty-notice document quest tier-0 wild	0	27
189	1001046	Quest_WantedPaper_0037	Bounty Notice - Kronk	bounty-notice	bounty-notice document quest tier-0 wild	0	27
190	1001049	Quest_WantedPaper_0040	Bounty Notice - Sienna	bounty-notice	bounty-notice document quest tier-0 wild	0	27
191	1001042	Quest_WantedPaper_0033	Bounty Notice - Throk	bounty-notice	bounty-notice document quest tier-0 wild	0	27
192	1000613	Quest_WantedPaper_0107	Bounty Notice - Patrick	bounty-notice	bounty-notice document quest tier-0 wild	0	27
193	1000614	Quest_WantedPaper_0108	Bounty Notice - Jonathan	bounty-notice	bounty-notice document quest tier-0 wild	0	27
194	1001138	Quest_WantedPaper_0052	Bounty Notice - Rinaldo	bounty-notice	bounty-notice document quest tier-0 wild	0	27
195	1001021	Quest_WantedPaper_0012	Bounty Notice - Fabrizio	bounty-notice	bounty-notice document quest tier-0 wild	0	27
196	1001023	Quest_WantedPaper_0014	Bounty Notice - Selene	bounty-notice	bounty-notice document quest tier-0 wild	0	27
197	1001026	Quest_WantedPaper_0017	Bounty Notice - Bo	bounty-notice	bounty-notice document quest tier-0 wild	0	27
198	1001024	Quest_WantedPaper_0015	Bounty Notice - Cecil	bounty-notice	bounty-notice document quest tier-0 wild	0	27
199	1001025	Quest_WantedPaper_0016	Bounty Notice - Blair	bounty-notice	bounty-notice document quest tier-0 wild	0	27
200	1001020	Quest_WantedPaper_0011	Bounty Notice - Grull	bounty-notice	bounty-notice document quest tier-0 wild	0	27
201	1001022	Quest_WantedPaper_0013	Bounty Notice - Garth	bounty-notice	bounty-notice document quest tier-0 wild	0	27
202	1001028	Quest_WantedPaper_0019	Bounty Notice - Ursula	bounty-notice	bounty-notice document quest tier-0 wild	0	27
203	1001029	Quest_WantedPaper_0020	Bounty Notice - Helia	bounty-notice	bounty-notice document quest tier-0 wild	0	27
204	1000601	Quest_WantedPaper_0102	Bounty Notice - Gunder	bounty-notice	bounty-notice document quest tier-0 wild	0	27
205	1000604	Quest_WantedPaper_0103	Bounty Notice - Henrik	bounty-notice	bounty-notice document quest tier-0 wild	0	27
206	1000605	Quest_WantedPaper_0104	Bounty Notice - Aksel	bounty-notice	bounty-notice document quest tier-0 wild	0	27
207	1001034	Quest_WantedPaper_0025	Bounty Notice - Giovanni	bounty-notice	bounty-notice document quest tier-0 wild	0	27
208	1001030	Quest_WantedPaper_0021	Bounty Notice - Elara	bounty-notice	bounty-notice document quest tier-0 wild	0	27
209	1001037	Quest_WantedPaper_0028	Bounty Notice - Zelia	bounty-notice	bounty-notice document quest tier-0 wild	0	27
210	1001033	Quest_WantedPaper_0024	Bounty Notice - Borzak	bounty-notice	bounty-notice document quest tier-0 wild	0	27
211	1001031	Quest_WantedPaper_0022	Bounty Notice - Sigor	bounty-notice	bounty-notice document quest tier-0 wild	0	27
212	1001035	Quest_WantedPaper_0026	Bounty Notice - Morga	bounty-notice	bounty-notice document quest tier-0 wild	0	27
213	1001032	Quest_WantedPaper_0023	Bounty Notice - Duran	bounty-notice	bounty-notice document quest tier-0 wild	0	27
214	1001038	Quest_WantedPaper_0029	Bounty Notice - Talgrim	bounty-notice	bounty-notice document quest tier-0 wild	0	27
215	1001036	Quest_WantedPaper_0027	Bounty Notice - Lilith	bounty-notice	bounty-notice document quest tier-0 wild	0	27
216	1000525	Quest_WantedPaper_0105	Bounty Notice - Brooks	bounty-notice	bounty-notice document quest tier-0 wild	0	27
217	1000526	Quest_WantedPaper_0106	Bounty Notice - Obyss	bounty-notice	bounty-notice document quest tier-0 wild	0	27
218	1001053	Quest_WantedPaper_0044	Bounty Notice - Tarik	bounty-notice	bounty-notice document quest tier-0 wild	0	27
219	1001054	Quest_WantedPaper_0045	Bounty Notice - Zahir	bounty-notice	bounty-notice document quest tier-0 wild	0	27
220	1001059	Quest_WantedPaper_0050	Bounty Notice - Hakim	bounty-notice	bounty-notice document quest tier-0 wild	0	27
221	1001056	Quest_WantedPaper_0047	Bounty Notice - Nabila	bounty-notice	bounty-notice document quest tier-0 wild	0	27
222	1001050	Quest_WantedPaper_0041	Bounty Notice - Caesar	bounty-notice	bounty-notice document quest tier-0 wild	0	27
223	1001057	Quest_WantedPaper_0048	Bounty Notice - Brogar	bounty-notice	bounty-notice document quest tier-0 wild	0	27
224	1001058	Quest_WantedPaper_0049	Bounty Notice - Varka	bounty-notice	bounty-notice document quest tier-0 wild	0	27
225	1001051	Quest_WantedPaper_0042	Bounty Notice - Barrick	bounty-notice	bounty-notice document quest tier-0 wild	0	27
226	1001052	Quest_WantedPaper_0043	Bounty Notice - Sigrun	bounty-notice	bounty-notice document quest tier-0 wild	0	27
227	1000606	Quest_WantedPaper_0109	Bounty Notice - Frank	bounty-notice	bounty-notice document quest tier-0 wild	0	27
228	1000609	Quest_WantedPaper_0110	Bounty Notice - Broll	bounty-notice	bounty-notice document quest tier-0 wild	0	27
229	1003224	Lucky_Letter	Letter of Fortune	note	goods note stackable tier-0 wild	0	27
230	1003292	UnknownDiary_Bernor	Unknown Adventurer's Log	note	goods note tier-0 wild	0	27
231	1003293	UnknownDiary_Rainier	Unknown Adventurer's Log	note	goods note tier-0 wild	0	27
232	1003294	UnknownDiary_Contribution_5001	Unknown Adventurer's Log	note	goods note tier-0 wild	0	27
233	1003295	UnknownDiary_Faisal	Unknown Adventurer's Log	note	goods note tier-0 wild	0	27
234	1003296	UnknownDiary_Orlonel	Unknown Adventurer's Log	note	goods note tier-0 wild	0	27
235	1003297	UnknownDiary_Richart	Unknown Adventurer's Log	note	goods note tier-0 wild	0	27
236	1003298	UnknownDiary_Nolpix	Unknown Adventurer's Log	note	goods note tier-0 wild	0	27
237	1003299	UnknownDiary_Shay_Research	Unknown Adventurer's Log	note	goods note tier-0 wild	0	27
238	1003300	UnknownDiary_Provost_2	Unknown Adventurer's Log	note	goods note tier-0 wild	0	27
239	1003301	UnknownDiary_Khadin	Unknown Adventurer's Log	note	goods note tier-0 wild	0	27
240	1003302	UnknownDiary_Retonic	Unknown Adventurer's Log	note	goods note tier-0 wild	0	27
241	1003303	UnknownDiary_RonHardt	Unknown Adventurer's Log	note	goods note tier-0 wild	0	27
242	1003304	UnknownDiary_Aldun	Unknown Adventurer's Log	note	goods note tier-0 wild	0	27
243	1003305	LostLetter_Berdo	Letter to a Comrade	note	goods note tier-0 wild	0	27
244	1003306	LostLetter_Khadija	News for a Nephew	note	goods note tier-0 wild	0	27
245	1003307	LostLetter_Goorba	Unsealed Secret Letter	note	goods note tier-0 wild	0	27
246	1003308	LostLetter_Food_Trader_1	Periodic Report	note	goods note tier-0 wild	0	27
247	1003309	LostLetter_Mineral_Trader_1	Letter to Croft	note	goods note tier-0 wild	0	27
248	1003310	LostLetter_Sniks	Letter with a Torn Corner	note	goods note tier-0 wild	0	27
249	1003311	LostLetter_Provost_1	Scented Letter	note	goods note tier-0 wild	0	27
250	1003312	LostLetter_Provost_4	Scented Letter	note	goods note tier-0 wild	0	27
251	1003313	LostLetter_Burk	Letter from Mom	note	goods note tier-0 wild	0	27
252	1003314	LostLetter_Slywick	Unknown Duke's Order	note	goods note tier-0 wild	0	27
253	1003315	LostLetter_Skint	Crumpled Letter	note	goods note tier-0 wild	0	27
254	1003316	LostLetter_Montpellier	Demeniss Orphanage Registration Form	note	goods note tier-0 wild	0	27
255	1003317	LostLetter_Castiel	Letter with Smudged Words	note	goods note tier-0 wild	0	27
256	1003318	LostLetter_Eirik	Sawdust-Stained Letter	note	goods note tier-0 wild	0	27
257	1003319	LostLetter_Roger	Letter with a Scorched Corner	note	goods note tier-0 wild	0	27
258	1003320	LostLetter_Bartholomew	Priest Ordination Recommendation Letter	note	goods note tier-0 wild	0	27
259	1003321	LostLetter_Marin	Suspicious Letter	note	goods note tier-0 wild	0	27
260	1003356	Quest_Paper_Empty_I	Simple Poster	poster	document poster quest stackable tier-0 wild	0	27
261	1003357	Quest_Paper_Empty_II	Simple Poster	poster	document poster quest stackable tier-0 wild	0	27
262	1003358	Quest_Paper_EmptyIII	Simple Poster	poster	document poster quest stackable tier-0 wild	0	27
263	1003359	Quest_Paper_EmptyIV	Simple Poster	poster	document poster quest stackable tier-0 wild	0	27
264	1003777	NoticePaper_Skill_LungeCombination	Hernand Constabulary Warning Notice No. 66	skill-poster	document poster skill-poster tier-0 wild	0	27
265	1003778	NoticePaper_Skill_TurnBash_II	Hernand Anonymous Jottings No. 27	skill-poster	document poster skill-poster tier-0 wild	0	27
266	1003779	NoticePaper_Skill_MoveCutting_II	Hernand Anonymous Jottings No. 32	skill-poster	document poster skill-poster tier-0 wild	0	27
267	1003780	NoticePaper_Skill_RotationBash_II	Hernand Constabulary Warning Notice No. 84	skill-poster	document poster skill-poster tier-0 wild	0	27
268	1003781	NoticePaper_Skill_SwordRush	Kailok's Request	skill-poster	document poster skill-poster tier-0 wild	0	27
269	1003782	NoticePaper_Skill_Charge_Shot	Hernand Anonymous Jottings No. 34	skill-poster	document poster skill-poster tier-0 wild	0	27
270	1003783	NoticePaper_Skill_MultiShot	Random Note No. 1	skill-poster	document poster skill-poster tier-0 wild	0	27
271	1003784	NoticePaper_Skill_EvadeShot	Pailune Warning Notice No. 66	skill-poster	document poster skill-poster tier-0 wild	0	27
272	1003785	NoticePaper_Skill_EvadeExplosionShot	Hernand Constabulary Warning Notice No. 77	skill-poster	document poster skill-poster tier-0 wild	0	27
273	1003786	NoticePaper_Skill_UnArmedCombination	Request from the Communal Training Grounds	skill-poster	document poster skill-poster tier-0 wild	0	27
274	1003787	NoticePaper_Skill_SkyKick	Anonymous Note No. 1	skill-poster	document poster skill-poster tier-0 wild	0	27
275	1003788	NoticePaper_Skill_DoubleKick_I	Hernand Anonymous Jottings No. 42	skill-poster	document poster skill-poster tier-0 wild	0	27
276	1003789	NoticePaper_Skill_DropKick	Hernand Anonymous Jottings No. 45	skill-poster	document poster skill-poster tier-0 wild	0	27
277	1003790	NoticePaper_Skill_JumpStep	Request from the Merchant Guild	skill-poster	document poster skill-poster tier-0 wild	0	27
278	1003791	NoticePaper_Skill_Wrestle_Lariat	Call for Challengers: Black Bear	skill-poster	document poster skill-poster tier-0 wild	0	27
279	1003792	NoticePaper_Skill_Wrestle_AirBodySlam	Hernand Constabulary Warning Notice No. 103	skill-poster	document poster skill-poster tier-0 wild	0	27
280	1003793	NoticePaper_Skill_ShieldJustGuard_Attack	An old man's request	skill-poster	document poster skill-poster tier-0 wild	0	27
281	1003794	NoticePaper_Skill_DoubleJump	Random Note No. 2	skill-poster	document poster skill-poster tier-0 wild	0	27
282	1003795	NoticePaper_Skill_RollCancel	Hernand Anonymous Jottings No. 48	skill-poster	document poster skill-poster tier-0 wild	0	27
283	1003796	NoticePaper_Skill_Greywolf_Detect	Anonymous Note No. 2	skill-poster	document poster skill-poster tier-0 wild	0	27
284	1003797	NoticePaper_Skill_Lift	Hernand Anonymous Jottings No. 52	skill-poster	document poster skill-poster tier-0 wild	0	27
285	1003798	NoticePaper_Skill_Mabongpa	Hernand Anonymous Jottings No. 57	skill-poster	document poster skill-poster tier-0 wild	0	27
286	1003799	NoticePaper_Skill_JiJeongTa_I	Anonymous Note No. 3	skill-poster	document poster skill-poster tier-0 wild	0	27
287	1003800	NoticePaper_Skill_JiJeongTa_Deep	Anonymous Note No. 4	skill-poster	document poster skill-poster tier-0 wild	0	27
288	1003801	NoticePaper_Skill_Tathagata_mini	Anonymous Note No. 5	skill-poster	document poster skill-poster tier-0 wild	0	27
289	1003802	NoticePaper_Skill_Greywolf_Detect_Unleash	Random Note No. 3	skill-poster	document poster skill-poster tier-0 wild	0	27
290	1003803	NoticePaper_Skill_CrowWing_Dash	Hernand Anonymous Jottings No. 61	skill-poster	document poster skill-poster tier-0 wild	0	27
291	1003804	NoticePaper_Skill_CloneAttack	Tribunal Warning Notice No. 52367	skill-poster	document poster skill-poster tier-0 wild	0	27
292	1003805	NoticePaper_Skill_MpFire	White Crow's Letter	skill-poster	document poster skill-poster tier-0 wild	0	27
293	1003806	NoticePaper_Skill_MpIce	White Crow's Letter	skill-poster	document poster skill-poster tier-0 wild	0	27
294	1003807	NoticePaper_Skill_MpLightning	White Crow's Letter	skill-poster	document poster skill-poster tier-0 wild	0	27
295	1003808	NoticePaper_Skill_MpWind	White Crow's Letter	skill-poster	document poster skill-poster tier-0 wild	0	27
296	1003809	NoticePaper_Skill_Oongka_Dash	Hernand Anonymous Jottings No. 23	skill-poster	document poster skill-poster tier-0 wild	0	27
297	1003810	NoticePaper_Skill_Oongka_RotationBash_II	A man's plea	skill-poster	document poster skill-poster tier-0 wild	0	27
298	1003811	NoticePaper_Skill_Oongka_GroundSmash_II	Random Note No. 4	skill-poster	document poster skill-poster tier-0 wild	0	27
299	1003812	NoticePaper_Skill_Oongka_Wrestle_Combo	Troll Wrestling Invitation	skill-poster	document poster skill-poster tier-0 wild	0	27
300	1003813	NoticePaper_Skill_Oongka_AimExplosionShot	Anonymous Note No. 6	skill-poster	document poster skill-poster tier-0 wild	0	27
301	1003814	NoticePaper_Skill_Damian_LungeCatch	Hernand Anonymous Jottings No. 63	skill-poster	document poster skill-poster tier-0 wild	0	27
302	1003815	NoticePaper_Skill_Damian_TurnBash_II	Circus Invitation	skill-poster	document poster skill-poster tier-0 wild	0	27
303	1003816	NoticePaper_Skill_Damian_QuickReload	Hernand Anonymous Jottings No. 72	skill-poster	document poster skill-poster tier-0 wild	0	27
304	1003817	NoticePaper_Skill_Damian_SpinningKick	Call for Challengers: Master of Kicks	skill-poster	document poster skill-poster tier-0 wild	0	27
305	1003818	NoticePaper_Skill_Wrestle_GrabSpinThrow	Pailune Anonymous Jottings No. 77	skill-poster	document poster skill-poster tier-0 wild	0	27
306	1002086	Recipe_Book_OneHandWeapon_I	One-Handed Weapons of the World, Vol. I	skill-book	document recipe recipe-book skill-book tier-0	0	250
307	1002087	Recipe_Book_OneHandWeapon_II	One-Handed Weapons of the World, Vol. II	skill-book	document recipe recipe-book skill-book tier-0	0	1400
308	1002088	Recipe_Book_OneHandWeapon_III	One-Handed Weapons of the World, Vol. III	skill-book	document recipe recipe-book skill-book tier-0	0	5000
309	1002089	Recipe_Book_OneHandWeapon_IV	One-Handed Weapons of the World, Vol. IV	skill-book	document recipe recipe-book skill-book tier-0	0	10000
310	1000401	Recipe_Book_TwoHandWeapon_I	Two-Handed Weapons of the World, Vol. I	skill-book	document recipe recipe-book skill-book tier-0	0	250
311	1000402	Recipe_Book_TwoHandWeapon_II	Two-Handed Weapons of the World, Vol. II	skill-book	document recipe recipe-book skill-book tier-0	0	1400
312	1000403	Recipe_Book_TwoHandWeapon_III	Two-Handed Weapons of the World, Vol. III	skill-book	document recipe recipe-book skill-book tier-0	0	5000
313	1000404	Recipe_Book_TwoHandWeapon_IV	Two-Handed Weapons of the World, Vol. IV	skill-book	document recipe recipe-book skill-book tier-0	0	10000
314	1000405	Recipe_Book_RangeWeapon_Wood_I	Ranged Weapons of the World - Bows, Vol. I	skill-book	document recipe recipe-book skill-book tier-0	0	250
315	1000406	Recipe_Book_RangeWeapon_Wood_II	Ranged Weapons of the World - Bows, Vol. II	skill-book	document recipe recipe-book skill-book tier-0	0	1400
316	1000407	Recipe_Book_RangeWeapon_Wood_III	Ranged Weapons of the World - Bows, Vol. III	skill-book	document recipe recipe-book skill-book tier-0	0	5000
317	1000408	Recipe_Book_RangeWeapon_Wood_IV	Ranged Weapons of the World - Bows, Vol. IV	skill-book	document recipe recipe-book skill-book tier-0	0	10000
318	1000409	Recipe_Book_RangeWeapon_Metal_I	Ranged Weapons of the World - Guns, Vol. I	skill-book	document recipe recipe-book skill-book tier-0	0	250
319	1000410	Recipe_Book_RangeWeapon_Metal_II	Ranged Weapons of the World - Guns, Vol. II	skill-book	document recipe recipe-book skill-book tier-0	0	1400
320	1000411	Recipe_Book_RangeWeapon_Metal_III	Ranged Weapons of the World - Guns, Vol. III	skill-book	document recipe recipe-book skill-book tier-0	0	5000
321	1000413	Recipe_Book_RangeWeapon_Metal_IV	Ranged Weapons of the World - Guns, Vol. IV	skill-book	document recipe recipe-book skill-book tier-0	0	10000
322	1000414	Recipe_Book_OneHandShield_I	Shields of the World, Vol. I	skill-book	document recipe recipe-book skill-book tier-0	0	50
323	1000415	Recipe_Book_OneHandShield_II	Shields of the World, Vol. II	skill-book	document recipe recipe-book skill-book tier-0	0	200
324	1000417	Recipe_Book_OneHandShield_III	Shields of the World, Vol. III	skill-book	document recipe recipe-book skill-book tier-0	0	1200
325	1000418	Recipe_Book_OneHandShield_IV	Shields of the World, Vol. IV	skill-book	document recipe recipe-book skill-book tier-0	0	3000
326	1000419	Recipe_Book_PlateArmor_I	Plate Armors of the World, Vol. I	skill-book	document recipe recipe-book skill-book tier-0	0	60
327	1000420	Recipe_Book_PlateArmor_II	Plate Armors of the World, Vol. II	skill-book	document recipe recipe-book skill-book tier-0	0	260
328	1000421	Recipe_Book_PlateArmor_III	Plate Armors of the World, Vol. III	skill-book	document recipe recipe-book skill-book tier-0	0	1320
329	1000422	Recipe_Book_PlateArmor_IV	Plate Armors of the World, Vol. IV	skill-book	document recipe recipe-book skill-book tier-0	0	3340
330	1000428	Recipe_Book_LeatherArmor_I	Leather Armors of the World, Vol. I	skill-book	document recipe recipe-book skill-book tier-0	0	54
331	1000430	Recipe_Book_LeatherArmor_II	Leather Armors of the World, Vol. II	skill-book	document recipe recipe-book skill-book tier-0	0	240
332	1000432	Recipe_Book_LeatherArmor_III	Leather Armors of the World, Vol. III	skill-book	document recipe recipe-book skill-book tier-0	0	1260
333	1000433	Recipe_Book_LeatherArmor_IV	Leather Armors of the World, Vol. IV	skill-book	document recipe recipe-book skill-book tier-0	0	3200
334	1000434	Recipe_Book_FabricArmor_I	Cloth Armors of the World, Vol. I	skill-book	document recipe recipe-book skill-book tier-0	0	50
335	1000435	Recipe_Book_FabricArmor_II	Cloth Armors of the World, Vol. II	skill-book	document recipe recipe-book skill-book tier-0	0	230
336	1000436	Recipe_Book_FabricArmor_III	Cloth Armors of the World, Vol. III	skill-book	document recipe recipe-book skill-book tier-0	0	1280
337	1000437	Recipe_Book_FabricArmor_IV	Cloth Armors of the World, Vol. IV	skill-book	document recipe recipe-book skill-book tier-0	0	3150
338	1000530	Recipe_Book_Accessory_I	Accessories of the World, Vol. I	skill-book	document recipe recipe-book skill-book tier-0	0	50
339	1000533	Recipe_Book_Accessory_II	Accessories of the World, Vol. II	skill-book	document recipe recipe-book skill-book tier-0	0	200
340	1000535	Recipe_Book_Accessory_III	Accessories of the World, Vol. III	skill-book	document recipe recipe-book skill-book tier-0	0	1200
341	1000536	Recipe_Book_Accessory_IV	Accessories of the World, Vol. IV	skill-book	document recipe recipe-book skill-book tier-0	0	3000
342	1000690	Recipe_Book_Beekeeping	Beekeeper Gear Blueprint	recipe-book	document recipe recipe-book tier-0	0	500
343	1000714	Recipe_Book_Ent	Shadowleaf Disguise Blueprint	recipe-book	document recipe recipe-book tier-0	0	500
344	1000755	Recipe_Book_Varnia	Varnian Equipment Blueprint	recipe-book	document recipe recipe-book tier-0	0	500
345	1000841	Recipe_Book_Scarecrow_Camouflage_Cloak	Scarecrow Cloak Blueprint	recipe-book	document recipe recipe-book tier-0	0	500
346	1002149	Recipe_Book_Spear_Fire	Flame Spear Blueprint	recipe-book	document recipe recipe-book tier-0	0	2000
347	1002161	Recipe_Book_Spear_Wind	Propeller Spear Blueprint	recipe-book	document recipe recipe-book tier-0	0	2000
348	1002162	Recipe_Book_Spear_Lightning	Lightning Spear Blueprint	recipe-book	document recipe recipe-book tier-0	0	2000
349	1002292	Recipe_Book_FishingRod_II	Fine Fishing Rod Blueprint	recipe-book	document recipe recipe-book tier-0	0	500
350	1001746	Recipe_Book_Equip_Felling_Axe_I	Fine Logging Axe Blueprint	recipe-book	document recipe recipe-book tier-0	0	500
351	1003662	Recipe_Book_Equip_Pickaxe_I	Fine Pickaxe Blueprint	recipe-book	document recipe recipe-book tier-0	0	500
352	1003663	Recipe_Book_Equip_Felling_Axe_II	Olvald's Logging Axe Blueprint	recipe-book	document recipe recipe-book tier-0	0	500
353	1003664	Recipe_Book_Equip_Pickaxe_II	Bernor's Pickaxe Blueprint	recipe-book	document recipe recipe-book tier-0	0	500
354	1001102	Recipe_Book_Posion_Aroww	Poison Arrow Blueprint	recipe-book	document recipe recipe-book tier-0	0	500
355	1000641	Recipe_Book_Wells_HorseArmor	Wells Military Tack Blueprint	recipe-book	document recipe recipe-book tier-0	0	500
356	1004110	Recipe_Book_Pumpkin_Helm	Pumpkin Head Crafting Manual	recipe-book	document recipe recipe-book tier-0	0	500
357	1001420	CraftingRecipe_Kuku_Pot_Book	Kuku Pot Special Blueprint	recipe-book	document recipe-book tier-0	0	500
358	1002128	CraftingRecipe_Kuku_Pot_Spear_Book	Kuku Spear Special Blueprint	recipe-book	document recipe-book tier-0	0	3000
359	1002129	CraftingRecipe_Kuku_Pot_Backpack_Book	Kuku Pack Special Blueprint	recipe-book	document recipe-book tier-0	0	800
360	1003652	CraftingRecipe_Kuku_Pot_Arms_Book	Kuku Gear Special Blueprint	recipe-book	document recipe-book tier-0	0	500
361	1000425	CraftingRecipe_Kuku_Golden999K	Kuku Transmission Pack Blueprint	recipe-book	document recipe-book tier-0	0	99900
362	1002311	CraftingRecipe_Kuku_Pot_Machine_Book	Kuku Robot Special Blueprint	recipe-book	document recipe-book tier-0	0	1450
363	1002771	CraftingRecipe_Dragon_Weapon	Aeserion Gear Blueprint	recipe-book	document recipe-book tier-0	0	20000
364	1000980	CraftingRecipe_Demian_Pure_White_Plate_Boots_II	Fluttering Radiance Plate Boots	recipe-book	document recipe-book tier-0	0	500
365	1000983	CraftingRecipe_Oongka_PlateArmor_Armor_III	Belkandor Plate Armor Blueprint	recipe-book	document recipe-book tier-0	0	1000
366	1000984	CraftingRecipe_Oongka_PlateArmor_Cloak_III	Belkandor Plate Cloak Blueprint	recipe-book	document recipe-book tier-0	0	1000
367	1000988	CraftingRecipe_Oongka_PlateArmor_Gloves_III	Belkandor Plate Gloves Blueprint	recipe-book	document recipe-book tier-0	0	1000
368	1000990	CraftingRecipe_Oongka_PlateArmor_Boots_III	Belkandor Plate Boots Blueprint	recipe-book	document recipe-book tier-0	0	1000
369	1000999	CraftingRecipe_Oongka_PlateArmor_Helm_III	Belkandor Plate Helm Blueprint	recipe-book	document recipe-book tier-0	0	1000
370	1002203	CraftingRecipe_Demian_PlateArmor_Helm_XIII	Elegant Carmine Helm Blueprint	recipe-book	document recipe-book tier-0	0	1000
371	1002204	CraftingRecipe_Demian_Leather_Armor_V	Elegant Carmine Armor Blueprint	recipe-book	document recipe-book tier-0	0	1000
372	1002550	CraftingRecipe_Demian_PlateArmor_Gloves_VI	Elegant Carmine Gloves Blueprint	recipe-book	document recipe-book tier-0	0	1000
373	1002553	CraftingRecipe_Demian_Leather_Cloak_I	Elegant Carmine Cloak Blueprint	recipe-book	document recipe-book tier-0	0	1000
374	1000580	Blank_Book	Empty Book	book	book goods tier-0	0	20
375	1000542	BoardPaperBundle	Posters	book	book goods tier-0	0	20
376	1004393	Scholarstone_Book_I	Trove of Wisdom, Scholastone	book	book document tier-0	0	27
377	1003909	Alustin_Journal_Book_I	Archive Records: Vol. I	book	book document tier-0 wild	0	27
378	1003910	Alustin_Journal_Book_II	Archive Records: Vol. II	book	book document tier-0 wild	0	27
379	1003911	Alustin_Journal_Book_III	Archive Records: Vol. III	book	book document tier-0 wild	0	27
380	1003912	Alustin_Journal_Book_IV	Archive Records: Vol. IV	book	book document tier-0 wild	0	27
381	1003913	Alustin_Journal_Book_V	Archive Records: Vol. V	book	book document tier-0 wild	0	27
382	1003914	Alustin_Journal_Book_VI	Archive Records: Vol. VI	book	book document tier-0 wild	0	27
383	1001066	Ziane_Diary	Jian's Journal	book	book document tier-0 wild	0	200
384	1002549	EngineerWorkLog_Book	An Engineer's Work Log	book	book document tier-0	0	200
385	1002559	JijeongTempleShipLog_Book	Voyage Log to Jijeong Temple	book	book document tier-0	0	200
386	1002727	Criminal_Urga_Book	Ursula's Journal	book	book document tier-0 wild	0	200
387	1000298	Friendly_Legendary_Animal_Book	Black Lion Observation Log	book	book document tier-0 wild	0	200
388	1002608	ValleyRockWatchTower_Book	Gorgerock Watchman's Journal	book	book document tier-0	0	200
389	1002609	GiantBallista_Book	Pailunese Guard's Journal	book	book document tier-0	0	200
390	1002707	BloodyFarmhouse_Book	Quarry Manager's Log	book	book document tier-0	0	200
391	1002610	BoneCollectorWagon_Book	Skull Collector's Journal	book	book document tier-0	0	200
392	1002611	WindmillCoastShipWreck_Book	Navigator's Log	book	book document tier-0	0	200
393	1002615	IceStrandedShip_Book	Shipwreck Voyage Log	book	book document tier-0	0	200
394	1002387	CabinDeathMystery_Book	Journal at the Cabin	book	book document tier-0	0	200
395	1001002	Book_Hernand_story	Tales of Sunset Valley	book	book document tier-0	0	200
396	1000899	Book_Grace_Diary_Journal	Count Grace's Journal	book	book document tier-0	0	200
397	1000336	MarniDragon_Visione	The Features of the Visione	book	book document tier-0	0	300
398	1004386	Book_KukuBirdJournal	Leaping Kuku Bird Research Journal	book	book document tier-0	0	200
399	1004387	Book_WyvernJournal	Balthazar's Wyvern Observation Journal	book	book document tier-0	0	200
400	1000563	PororinChildrenForest_Book	A Traveler's Log	book	book document quest tier-0 wild	0	200
401	1000626	StoreWitchHint_Book	Witches of Pywel	book	book document quest tier-0 wild	0	500
402	1000774	Anamorphic_Book	Constellation Research Journal	book	book document quest tier-0 wild	0	500
403	1000061	Book_Investigation_GoldleafGuildhouse	Investigative Log: Extinguishing the Last Flames	book	book document quest tier-0 wild	0	200
404	1003249	Book_GoldleafGuildhouse_Clue	Horse Hire Ledger	book	book document quest tier-0 wild	0	200
405	1003250	Book_GoldleafGuildhouse_Clue_I	Empty Ledger	book	book document quest tier-0 wild	0	200
406	1000958	Book_Investigation_Log	Investigative Log: Shadows in the Village	book	book document quest tier-0 wild	0	200
407	1000815	Book_WeightOfKnowledge	Investigative Log: The Weight of Knowledge	book	book document quest tier-0 wild	0	200
408	1000816	Book_Misappropriation_Log	Investigative Log: Ambition in the Ruins	book	book document quest tier-0 wild	0	200
409	1000611	Book_TruthontheSand	Investigative Log: Truth on the Sands	book	book document quest tier-0 wild	0	200
410	1000838	Book_FruitofGreed	Investigative Log: Harvest of Greed	book	book document quest tier-0 wild	0	200
411	1000488	Book_RedfoxTradePost_Questioning	Investigative Log: Broken Silence	book	book document quest tier-0 wild	0	200
412	1001162	Book_ScholarLibrary_Knowledge_Knowledge_PlateArmor_Helm	The Knowledge Helm	book	book document quest tier-0 wild	0	500
413	1001768	MartialArts_Secret_Manual	Secret Book of Unknown Source	book	book document quest tier-0 wild	0	200
414	1000170	Halsius_Record	Journal on Treating Lunatics	book	book document quest tier-0 wild	0	200
415	1000677	Caliburn_Report	Investigative Report	book	book document quest tier-0 wild	0	200
416	1000534	Book_Battle_DEF_Alfonso	Spear Manual of House Alfonso, Vol. 1	book	book document quest tier-0 wild	0	200
417	1000537	Book_Battle_ATT_Alfonso	Spear Manual of House Alfonso, Vol. 2	book	book document quest tier-0 wild	0	200
418	1000539	Book_Battle_EXP_Alfonso	Spear Manual of House Alfonso, Vol. 3	book	book document quest tier-0 wild	0	200
419	1002518	Book_DrugFactory	Equipment Manual	book	book document quest tier-0 wild	0	200
420	1000625	Book_HyperSpace	Old Research Journal	book	book document quest tier-0 wild	0	200
421	1001151	Book_Beighen_Diary	Journal	book	book document quest tier-0 wild	0	200
422	1004056	Book_Octabus_Research_Diary	Octavius's Research Log	book	book document quest tier-0 wild	0	200
423	1004215	Book_Antumbra_Temple	Antumbra Underground Temple Vol. 1	book	book document quest tier-0 wild	0	200
424	1004266	Book_Antumbra_Temple_II	Antumbra Underground Temple Vol. 2	book	book document quest tier-0 wild	0	200
425	1004267	Book_Antumbra_Temple_III	Antumbra Underground Temple Vol. 3	book	book document quest tier-0 wild	0	200
426	1004268	Book_Antumbra_Temple_IV	Antumbra Underground Temple Vol. 4	book	book document quest tier-0 wild	0	200
427	1004270	Book_Bastier_Journal	Bastier Journal	book	book document quest tier-0 wild	0	200
428	1004057	Book_Azerian_Diary	Azerian's Journal	book	book document quest tier-0 wild	0	200
429	1004271	Book_Biological_Journal	Test Subject Log	book	book document quest tier-0 wild	0	200
430	1004281	Book_MasterJournal_01	A Master's Journal	book	book document quest tier-0 wild	0	200
431	1004058	Book_Old_Kliff_Diary	Goyen's Journal	book	book document quest tier-0 wild	0	200
432	1004059	Book_Tax_Collection_Ledger	Tax Collection Ledger	book	book document quest tier-0 wild	0	200
433	1004060	Book_Urdavah_Research_Book	Urdavah Book	book	book document quest tier-0 wild	0	200
434	1004061	Book_Dusty_Diary	Dusty Journal	book	book document quest tier-0 wild	0	200
435	1004062	Book_Vordis_Research_Diary	Vordis Research Log	book	book document quest tier-0 wild	0	200
436	1004063	Book_Marni_Tech_Book	Marni's Skills from Marshell	book	book document quest tier-0 wild	0	200
437	1004216	Book_Ancient_Lore	Tale of the Defeated Ancients	book	book document quest tier-0 wild	0	200
438	1004272	Book_Marni_CtrafingJournal	Marni's Invention Log	book	book document quest tier-0 wild	0	200
439	1004273	Book_BiologicalResearch_Journal	Research Log on Living Subjects	book	book document quest tier-0 wild	0	200
440	1004274	Book_Orphanage_Register_01	Orphanage Registry	book	book document quest tier-0 wild	0	200
441	1004275	Book_Tristan_Journal	Tristan's Journal	book	book document quest tier-0 wild	0	200
442	1004276	Book_Askelund_SlaveJournal	Fort Askelund Slaver's Journal	book	book document quest tier-0 wild	0	200
443	1004277	Book_Merrick_Memoris_01	Merrick's Journal	book	book document quest tier-0 wild	0	200
444	1004278	Book_Sparring_Journal	Duel Log	book	book document quest tier-0 wild	0	200
445	1004279	Book_Chaser_Journal	Tracker's Torn Journal	book	book document quest tier-0 wild	0	200
446	1004280	Book_Tariv_Storybook	Tariv Fairytale	book	book document quest tier-0 wild	0	200
447	1004283	Book_Heresy_Manual_01	Heretical Religion Guidebook	book	book document quest tier-0 wild	0	200
448	1004284	Book_Pursuers_Journal_01	Pursuing Soldiers' Journal	book	book document quest tier-0 wild	0	200
449	1004285	Book_Confidential_Record_01	Classified Investigation Records	book	book document quest tier-0 wild	0	200
450	1004288	Book_Technician_Journal	Kidnapped Engineer's Journal	book	book document quest tier-0 wild	0	200
451	1004289	Book_MarniAirship_Journal	Marni Airship Journal	book	book document quest tier-0 wild	0	200
452	1004290	Book_Airship_Journal	REN-X Flight Journal	book	book document quest tier-0 wild	0	200
453	1004291	Book_Walter_Document	Walter's Research Journal	book	book document quest tier-0 wild	0	200
454	1004292	Book_Ravok_Journal_01	Chief Priest's Journal	book	book document quest tier-0 wild	0	200
455	1004293	Quest_Faction_Research_Book	Research Report	book	book document quest tier-0 wild	0	200
456	1004294	Quest_Faction_Urdavah_Mount_Study	Urdavah Mount Research Journal	book	book document quest tier-0 wild	0	200
457	1004295	Quest_Faction_GoldLeaf_Membership_Pledge	Goldleaf Merchant Guild Pledge	book	book document quest tier-0 wild	0	200
458	1004296	Quest_Faction_Shai_Record	About Shais	book	book document quest tier-0 wild	0	200
459	1004297	Quest_Faction_Herb_Journal	A Herbalist's Log	book	book document quest tier-0 wild	0	200
460	1004298	Quest_Faction_Crimsondesert_Chronicle	Crimson Desert Travelog	book	book document quest tier-0 wild	0	200
461	1004299	Quest_Faction_Pirate_Logbook	A Sailor's Voyage Log	book	book document quest tier-0 wild	0	200
462	1004300	Quest_Faction_Tariv_Textbook	Tariv Textbook	book	book document quest tier-0 wild	0	200
463	1004302	Quest_Faction_Witch_Journal	Record of Axiom and Balance	book	book document quest tier-0 wild	0	200
464	1004303	Quest_Faction_Pailune_Chronicle	Pailune Travelog	book	book document quest tier-0 wild	0	200
465	1004375	Quest_Hexe_Marie_Experiment	Hexe Marie's Experimental Log	book	book document quest tier-0 wild	0	200
466	1004547	Quest_Faction_Urdavah_Eco_Energy	Urdavah Earthwise Energy Development Log	book	book document quest tier-0 wild	0	200
467	1004306	Quest_Faction_Wolf_Pursuer_Record	Humans Held Captive by the Wolf Trackers	book	book document quest tier-0 wild	0	200
468	1004309	Quest_Faction_Solumena_Inspection_Report	Solumena Inspection Report	book	book document quest tier-0 wild	0	200
469	1004310	Quest_Faction_Solumena_Heresy_Report	Heresy Inspection Report	book	book document quest tier-0 wild	0	200
470	1004548	Quest_Faction_Legendary_Wolf	Legendary Wolf Storybook	book	book document quest tier-0 wild	0	200
471	1005363	Book_Sebastian_Diary_Reeddevil	Sebastian's Journal - Scarecrow of the Reed Field	book	book document quest tier-0 wild	0	200
472	1005364	Book_Sebastian_Diary_Ludvig	Sebastian's Journal – Jackal of Pailune	book	book document quest tier-0 wild	0	200
473	1005365	Book_Sebastian_Diary_Gregor	Sebastian's Journal – The Halberd of Carnage at Fort Ironclad	book	book document quest tier-0 wild	0	200
474	1005366	Book_Sebastian_Diary_Caliburn	Sebastian's Journal – The Duke Who Claimed Demeniss	book	book document quest tier-0 wild	0	200
475	1005367	Book_Sebastian_Diary_MasterDoo	Sebastian's Journal - Goblin of the Cloister	book	book document quest tier-0 wild	0	200
476	1005368	Book_Sebastian_Diary_HexeMarie	Sebastian's Journal – The Mother Who Lost the Child of Tariv	book	book document quest tier-0 wild	0	200
477	1005369	Book_Sebastian_Diary_MineFortress	Sebastian's Journal - Iron Cart at the Aeronautical Research Base	book	book document quest tier-0 wild	0	200
478	1005370	Book_Sebastian_Diary_ValvegardWallFort	Sebastian's Journal – Iron Cart at the Valvegard Garrison	book	book document quest tier-0 wild	0	200
479	1005371	Book_Sebastian_Diary_MarniLab	Sebastian's Journal – The Iron Gatekeeper of Marni's Laboratorium	book	book document quest tier-0 wild	0	200
480	1005372	Book_Sebastian_Diary_TheFaceless	Sebastian's Journal – The Faceless of Crimson Desert	book	book document quest tier-0 wild	0	200
481	1005373	Book_Sebastian_Diary_DeerKing	Sebastian's Journal – The Staglord of Icemoor Castle Ruins	book	book document quest tier-0 wild	0	200
482	1005374	Book_Sebastian_Diary_WhiteBear	Sebastian's Journal – The White Bear of Pailune's Northern Snowy Mountains	book	book document quest tier-0 wild	0	200
483	1005375	Book_Sebastian_Diary_GoldenKnightMerrick	Sebastian's Journal - The Crimson Desert's Knight of Fortune	book	book document quest tier-0 wild	0	200
484	1005376	Book_Sebastian_Diary_Trukan	Sebastian's Journal - The Ascended of Jijeong Temple	book	book document quest tier-0 wild	0	200
485	1005377	Book_Sebastian_Diary_Titan	Sebastian's Journal – The Lightning God of Windsong Peaks	book	book document quest tier-0 wild	0	200
486	1005378	Book_Sebastian_Diary_MarniExcavatron	Sebastian's Journal – Karin Quarry's Excavatron	book	book document quest tier-0 wild	0	200
487	1005379	Book_Sebastian_Diary_TheScarletExcecutioner	Sebastian's Journal - The Warden of Demeniss Wildlife Park	book	book document quest tier-0 wild	0	200
488	1005380	book_folktales_Kailok	The Calf That Cleaved Horns	book	book document quest tier-0 wild	0	200
489	1005381	book_folktales_Nuclear	The Forbidden Gateway	book	book document quest tier-0 wild	0	200
490	1005382	book_folktales_Imp_Banquet	Benevolence of the Despoiled Beast	book	book document quest tier-0 wild	0	200
491	1005383	book_folktales_CrowCaller	Tale of the Orphaned Crow	book	book document quest tier-0 wild	0	200
492	1005384	book_folktales_CassiusMorten	The Tarnished Shield of Silver	book	book document quest tier-0 wild	0	200
493	1005385	book_folktales_Ludvig_OneArmed	The Left Arm of Betrayal	book	book document quest tier-0 wild	0	200
494	1005386	book_folktales_Myurdin	Tale of the Renegade Bear	book	book document quest tier-0 wild	0	200
495	1005387	book_folktales_Fortain	The Shadowbound Knight	book	book document quest tier-0 wild	0	200
496	1005388	book_folktales_Bastier	The Duke's Bloodhound	book	book document quest tier-0 wild	0	200
497	1005389	book_folktales_GolemDragon	Tale of the Goldwrought Wyrm	book	book document quest tier-0 wild	0	200
498	1005390	book_folktales_Seraphim	Tale of the Wish-Eater	book	book document quest tier-0 wild	0	200
499	1005391	book_folktales_Sizlek	Tale of the Restless Master	book	book document quest tier-0 wild	0	200
500	1005392	book_folktales_Gwen_Kraver	Tale of the Witch's Runt	book	book document quest tier-0 wild	0	200
501	1005393	book_folktales_Hemon_Beindel	Tale of the Insatiable Hound	book	book document quest tier-0 wild	0	200
502	1005394	book_folktales_Tarandus	Tale of the Sightless Apothecary	book	book document quest tier-0 wild	0	200
503	1005395	book_folktales_GoldenKnightMerrick	Tale of the Gilded Hoarder	book	book document quest tier-0 wild	0	200
504	1005396	book_folktales_Muskan	The Emperor of Sand and Stone	book	book document quest tier-0 wild	0	200
505	1005397	book_folktales_Darkness_King	The Eternal Reign of Winter	book	book document quest tier-0 wild	0	200
506	1005398	book_folktales_AncientPriscus	Tale of the Geomancer	book	book document quest tier-0 wild	0	200
507	1005399	book_folktales_AncientPraevus	Tale of the Pyromancer	book	book document quest tier-0 wild	0	200
508	1005400	book_folktales_BossHyenaSkevald	Tale of the Carrion King	book	book document quest tier-0 wild	0	200
509	1005401	book_folktales_Varnia_Dragon	Wings of Virtue	book	book document quest tier-0 wild	0	200
510	1005402	book_folktales_Aircastle	The Flying Fortress of Death	book	book document quest tier-0 wild	0	200
511	1004043	Item_gimmick_craft_cook_oven_03_housing	Cooking Pot	cooking-facility	cooking-facility furniture gimmick housing-only stackable storage tier-0	0	3200
512	1004044	Item_gimmick_craft_cook_oven_04_housing	Cooking Griddle	cooking-facility	cooking-facility furniture gimmick housing-only stackable storage tier-0	0	3200
513	1004045	Item_craft_medicine_01_housing	Cauldron	cooking-facility	cooking-facility furniture housing-only stackable storage tier-0	0	4800
514	1000569	Collection_Prop_Picture_0001	Study - Fields of Color	painting	collectible decoration furniture knowledge painting stackable tier-0	0	13
515	1000570	Collection_Prop_Picture_0002	Study - Poverty Amidst Plenty	painting	collectible decoration furniture knowledge painting stackable tier-0	0	13
516	1000571	Collection_Prop_Picture_0003	Study - Golden Lands	painting	collectible decoration furniture knowledge painting stackable tier-0	0	13
517	1000575	Collection_Prop_Picture_0007	Notable - Poverty Amidst Plenty	painting	collectible decoration furniture knowledge painting stackable tier-0	0	13
518	1001341	Collection_Prop_Picture_0010	Study - Hernand Castle	painting	collectible decoration furniture knowledge painting stackable tier-0	0	13
519	1001345	Collection_Prop_Picture_0014	Notable - Saint Reventine	painting	collectible decoration furniture knowledge no-discard painting stackable tier-0	0	13
520	1001348	Collection_Prop_Picture_0017	Replica - Prelude to War	painting	collectible decoration furniture knowledge painting stackable tier-0	0	13
521	1001359	Collection_Prop_Picture_0028	Notable - Execution	painting	collectible decoration furniture knowledge no-discard painting stackable tier-0	0	13
522	1001392	Collection_Prop_Picture_0061	Study - Marni's Room	painting	collectible decoration furniture knowledge painting stackable tier-0	0	13
523	1001391	Collection_Prop_Picture_0060	Study - Dignified Genius	painting	collectible decoration furniture knowledge painting stackable tier-0	0	13
524	1001355	Collection_Prop_Picture_0024	Study - Eghod the Great	painting	collectible decoration furniture knowledge painting stackable tier-0	0	13
525	1001396	Collection_Prop_Picture_0066	Study - Emptiness	painting	collectible decoration furniture knowledge no-discard painting stackable tier-0	0	13
526	1001342	Collection_Prop_Picture_0011	Study - Saint Grein	painting	collectible decoration furniture knowledge painting stackable tier-0	0	50
527	1001349	Collection_Prop_Picture_0018	Notable - Those Who Celebrate the Harvest Festival	painting	collectible decoration furniture knowledge painting stackable tier-0	0	50
528	1001350	Collection_Prop_Picture_0019	Notable - Those Headed to the Chapel	painting	collectible decoration furniture knowledge painting stackable tier-0	0	50
529	1001353	Collection_Prop_Picture_0022	Study - Delesyia	painting	collectible decoration furniture knowledge painting stackable tier-0	0	50
530	1001356	Collection_Prop_Picture_0025	Notable - Duel Between Rivals	painting	collectible decoration furniture knowledge painting stackable tier-0	0	50
531	1001390	Collection_Prop_Picture_0059	Notable - Marni's Portrait	painting	collectible decoration furniture knowledge no-discard painting stackable tier-0	0	50
532	1002471	Collection_Prop_Picture_0067	Study - Gathering Genius	painting	collectible decoration furniture knowledge painting stackable tier-0	0	50
533	1002472	Collection_Prop_Picture_0068	Study - Discovering Genius	painting	collectible decoration furniture knowledge painting stackable tier-0	0	50
534	1000568	Collection_Prop_Picture_0065	Replica - Poverty Amidst Plenty	painting	collectible decoration furniture knowledge painting stackable tier-0	0	50
535	1001340	Collection_Prop_Picture_0009	Study - Hiding the Evidence	painting	collectible decoration furniture knowledge painting stackable tier-0	0	100
536	1001346	Collection_Prop_Picture_0015	Notable - Nameless	painting	collectible decoration furniture knowledge no-discard painting stackable tier-0	0	100
537	1001347	Collection_Prop_Picture_0016	Replica - Idle Hands	painting	collectible decoration furniture knowledge painting stackable tier-0	0	100
538	1001354	Collection_Prop_Picture_0023	Notable - Glory of Days Past	painting	collectible decoration furniture knowledge painting stackable tier-0	0	100
539	1001358	Collection_Prop_Picture_0027	Notable - Duel - Echoes of the Battlefield	painting	collectible decoration furniture knowledge no-discard painting stackable tier-0	0	100
540	1001361	Collection_Prop_Picture_0030	Acclaimed - Poverty Amidst Plenty	painting	collectible decoration furniture knowledge no-discard painting stackable tier-0	0	100
541	1001364	Collection_Prop_Picture_0033	Study - The Rat's Roll	painting	collectible decoration furniture knowledge painting stackable tier-0	0	100
542	1001385	Collection_Prop_Picture_0054	Study - My Beloved Steed	painting	collectible decoration furniture knowledge painting stackable tier-0	0	100
543	1002473	Collection_Prop_Picture_0069	Study - Contemplative Genius	painting	collectible decoration furniture knowledge painting stackable tier-0	0	100
544	1004206	Collection_Prop_Picture_0071	Acclaimed - The Great Delesyia	painting	collectible decoration furniture knowledge painting stackable tier-0	0	100
545	1004207	Collection_Prop_Picture_0072	Notable - Crescent Moon	painting	collectible decoration furniture knowledge painting stackable tier-0	0	100
546	1004208	Collection_Prop_Picture_0073	Notable - Crescent Moon	painting	collectible decoration furniture knowledge painting stackable tier-0	0	100
547	1004209	Collection_Prop_Picture_0074	Notable - Full Moon	painting	collectible decoration furniture knowledge painting stackable tier-0	0	100
548	1004210	Collection_Prop_Picture_0075	Notable - Crescent Moon	painting	collectible decoration furniture knowledge painting stackable tier-0	0	100
549	1004211	Collection_Prop_Picture_0076	Notable - The Three Moons	painting	collectible decoration furniture knowledge painting stackable tier-0	0	100
550	1001395	Collection_Prop_Picture_0064	Notable - Nameless	painting	collectible decoration furniture knowledge no-discard painting stackable tier-0	0	100
551	1000573	Collection_Prop_Picture_0005	Acclaimed - Abundance	painting	collectible decoration furniture knowledge painting stackable tier-0	0	175
552	1000574	Collection_Prop_Picture_0006	Acclaimed - Prelude to War	painting	collectible decoration furniture knowledge painting stackable tier-0	0	175
553	1001363	Collection_Prop_Picture_0032	Study - Blooming Rabbit	painting	collectible decoration furniture knowledge painting stackable tier-0	0	175
554	1001367	Collection_Prop_Picture_0036	Acclaimed - The Lamb	painting	collectible decoration furniture knowledge painting stackable tier-0	0	175
555	1001378	Collection_Prop_Picture_0047	Study - The Hound	painting	collectible decoration furniture knowledge painting stackable tier-0	0	175
556	1001380	Collection_Prop_Picture_0049	Study - Red Bighorn Sheep	painting	collectible decoration furniture knowledge painting stackable tier-0	0	175
557	1001381	Collection_Prop_Picture_0050	Notable - King of Hens	painting	collectible decoration furniture knowledge no-discard painting stackable tier-0	0	175
558	1001360	Collection_Prop_Picture_0029	Notable - Fields of Color	painting	collectible decoration furniture knowledge no-discard painting stackable tier-0	0	175
559	1000572	Collection_Prop_Picture_0004	Acclaimed - Idle Hands	painting	collectible decoration furniture knowledge painting stackable tier-0	0	300
560	1001343	Collection_Prop_Picture_0012	Study - The Blessed Queen	painting	collectible decoration furniture knowledge painting stackable tier-0	0	300
561	1001362	Collection_Prop_Picture_0031	Study - The Cat and the Bird	painting	collectible decoration furniture knowledge painting stackable tier-0	0	300
562	1001377	Collection_Prop_Picture_0046	Study - A Sheep with Horns	painting	collectible decoration furniture knowledge painting stackable tier-0	0	300
563	1001384	Collection_Prop_Picture_0053	Notable - Winged Fox	painting	collectible decoration furniture knowledge no-discard painting stackable tier-0	0	300
564	1001386	Collection_Prop_Picture_0055	Study - Bighorn Sheep	painting	collectible decoration furniture knowledge painting stackable tier-0	0	300
565	1001387	Collection_Prop_Picture_0056	Notable - The Fox	painting	collectible decoration furniture knowledge painting stackable tier-0	0	300
566	1001388	Collection_Prop_Picture_0057	Notable - Snowfield Fox	painting	collectible decoration furniture knowledge painting stackable tier-0	0	300
567	1001394	Collection_Prop_Picture_0063	Notable - Golden Lands	painting	collectible decoration furniture knowledge no-discard painting stackable tier-0	0	300
568	1001357	Collection_Prop_Picture_0026	Acclaimed - Golden Lands	painting	collectible decoration furniture knowledge no-discard painting stackable tier-0	0	300
569	1001370	Collection_Prop_Picture_0039	Acclaimed - Dawnbreak	painting	collectible decoration furniture knowledge painting stackable tier-0	0	450
570	1001368	Collection_Prop_Picture_0037	Acclaimed - Gatekeeper of Death	painting	collectible decoration furniture knowledge painting stackable tier-0	0	450
571	1001365	Collection_Prop_Picture_0034	Acclaimed - Bighorn Sheep	painting	collectible decoration furniture knowledge painting stackable tier-0	0	450
572	1001372	Collection_Prop_Picture_0041	Acclaimed - A Dairy Cow	painting	collectible decoration furniture knowledge painting stackable tier-0	0	450
573	1001393	Collection_Prop_Picture_0062	Acclaimed - Fields of Color	painting	collectible decoration furniture knowledge no-discard painting stackable tier-0	0	450
574	1001352	Collection_Prop_Picture_0021	Masterpiece - Silence of Dawn	painting	collectible decoration furniture knowledge painting stackable tier-0	0	450
575	1001351	Collection_Prop_Picture_0020	Acclaimed - Silence of Dawn	painting	collectible decoration furniture knowledge painting stackable tier-0	0	450
576	1001374	Collection_Prop_Picture_0043	Acclaimed - Man's Best Friend	painting	collectible decoration furniture knowledge painting stackable tier-0	0	450
577	1004114	Collection_Prop_Picture_0070	Acclaimed - Stefan Lanford	painting	collectible decoration furniture knowledge painting stackable tier-0	0	450
578	1004364	Collection_Prop_Picture_0077	Acclaimed - The Mighty Delesyia	painting	collectible decoration furniture knowledge painting stackable tier-0	0	450
579	1004372	Collection_Prop_Picture_0078	Acclaimed - Demeniss Soldiers	painting	collectible decoration furniture knowledge painting stackable tier-0	0	450
580	1001339	Collection_Prop_Picture_0008	Masterpiece - Poverty Amidst Plenty	painting	collectible decoration furniture knowledge painting stackable tier-0	0	700
581	1001376	Collection_Prop_Picture_0045	Acclaimed - Lion's Majesty	painting	collectible decoration furniture knowledge painting stackable tier-0	0	700
582	1001366	Collection_Prop_Picture_0035	Masterpiece - Bighorn Sheep	painting	collectible decoration furniture knowledge painting stackable tier-0	0	700
583	1001373	Collection_Prop_Picture_0042	Masterpiece - A Dairy Cow	painting	collectible decoration furniture knowledge painting stackable tier-0	0	850
584	1001375	Collection_Prop_Picture_0044	Masterpiece - Man's Best Friend	painting	collectible decoration furniture knowledge painting stackable tier-0	0	850
585	1001389	Collection_Prop_Picture_0058	Masterpiece - Crown Prince Edward Thorel	painting	collectible decoration furniture knowledge no-discard painting stackable tier-0	0	850
586	1001369	Collection_Prop_Picture_0038	Masterpiece - Gatekeeper of Death	painting	collectible decoration furniture knowledge painting stackable tier-0	0	1050
587	1001382	Collection_Prop_Picture_0051	Magnum Opus - Priest of Bulls	painting	collectible decoration furniture knowledge no-discard painting stackable tier-0	0	1050
588	1001371	Collection_Prop_Picture_0040	Masterpiece - Dawnbreak	painting	collectible decoration furniture knowledge painting stackable tier-0	0	1050
589	1001344	Collection_Prop_Picture_0013	Magnum Opus - Saint Bartali	painting	collectible decoration furniture knowledge painting stackable tier-0	0	1700
590	1001379	Collection_Prop_Picture_0048	Masterpiece - King of Death	painting	collectible decoration furniture knowledge painting stackable tier-0	0	1700
591	1001383	Collection_Prop_Picture_0052	Magnum Opus - The Tiger General	painting	collectible decoration furniture knowledge no-discard painting stackable tier-0	0	1700
592	1001121	Collection_Prop_FlowerPot_0002	Flower Basket	flower-pot	collectible decoration flower-pot furniture knowledge stackable tier-0	0	2
593	1001122	Collection_Prop_FlowerPot_0003	Daisy Flower Basket	flower-pot	collectible decoration flower-pot furniture knowledge stackable tier-0	0	2
594	1001132	Collection_Prop_FlowerPot_0004	Yellow Blue-Eyed Grass Basket	flower-pot	collectible decoration flower-pot furniture knowledge stackable tier-0	0	2
595	1001440	Collection_Prop_FlowerPot_0007	Ornamental Plant Pot	flower-pot	collectible decoration flower-pot furniture knowledge stackable tier-0	0	2
596	1001442	Collection_Prop_FlowerPot_0009	Violet Flower Pot	flower-pot	collectible decoration flower-pot furniture knowledge stackable tier-0	0	2
597	1000878	Collection_Prop_FlowerPot_0001	Flower Basket	flower-pot	collectible decoration flower-pot furniture knowledge stackable tier-0	0	2
598	1001441	Collection_Prop_FlowerPot_0008	Colorful Gerbera Pot	flower-pot	collectible decoration flower-pot furniture knowledge stackable tier-0	0	5
599	1001443	Collection_Prop_FlowerPot_0010	Purple Gerbera Flower Pot	flower-pot	collectible decoration flower-pot furniture knowledge stackable tier-0	0	5
600	1001444	Collection_Prop_FlowerPot_0011	Dark Brown Gerbera Flower Pot	flower-pot	collectible decoration flower-pot furniture knowledge stackable tier-0	0	5
601	1001445	Collection_Prop_FlowerPot_0012	Light Brown Gerbera Flower Pot	flower-pot	collectible decoration flower-pot furniture knowledge stackable tier-0	0	5
602	1001447	Collection_Prop_FlowerPot_0014	Chalice Flower Pot	flower-pot	collectible decoration flower-pot furniture knowledge stackable tier-0	0	5
603	1001438	Collection_Prop_FlowerPot_0005	Red Rose Flower Pot	flower-pot	collectible decoration flower-pot furniture knowledge stackable tier-0	0	13
604	1001439	Collection_Prop_FlowerPot_0006	Yellow Rose Flower Pot	flower-pot	collectible decoration flower-pot furniture knowledge stackable tier-0	0	13
605	1001446	Collection_Prop_FlowerPot_0013	Flower-Shaped Marigold Pot	flower-pot	collectible decoration flower-pot furniture knowledge stackable tier-0	0	13
606	1001448	Collection_Prop_FlowerPot_0015	White Flower-Shaped Marigold Pot	flower-pot	collectible decoration flower-pot furniture knowledge stackable tier-0	0	25
607	1000554	Collection_Prop_FlowerPot_0031	Small Plant Pot	flower-pot	collectible decoration flower-pot furniture knowledge stackable tier-0	0	25
608	1000628	Collection_Prop_FlowerPot_0027	Chalice Bush Pot	flower-pot	collectible decoration flower-pot furniture knowledge stackable tier-0	0	25
609	1004001	Item_cd_ex_dpf_flowerpot_61_housing	Apple Tree Pot	flower-pot	decoration flower-pot furniture gimmick housing-only stackable tier-0	0	37
610	1004002	Item_cd_ex_dpf_flowerpot_21_housing	Small Wooden Flower Pot	flower-pot	decoration flower-pot furniture gimmick housing-only stackable tier-0	0	25
611	1004004	Item_cd_ex_dpf_flowerpot_23_housing	Laurel Pot	flower-pot	decoration flower-pot furniture gimmick housing-only stackable tier-0	0	25
612	1000517	Collection_Prop_FlowerPot_0025	Purple Flower-Shaped Cactus Pot	flower-pot	collectible decoration flower-pot furniture knowledge stackable tier-0	0	75
613	1000548	Collection_Prop_FlowerPot_0020	Leafy Pot	flower-pot	collectible decoration flower-pot furniture knowledge stackable tier-0	0	75
614	1001093	Collection_Prop_FlowerPot_0023	Purple Cactus Pot	flower-pot	collectible decoration flower-pot furniture knowledge stackable tier-0	0	75
615	1004000	Item_cd_ex_dpf_flowerpot_24_housing	Large Alocasia Pot	flower-pot	decoration flower-pot furniture gimmick housing-only stackable tier-0	0	62
616	1004003	Item_cd_ex_dpf_flowerpot_37_housing	Desert Cactus Pot	flower-pot	decoration flower-pot furniture gimmick housing-only stackable tier-0	0	75
617	1003999	Item_cd_ex_dpf_flowerpot_16_housing	Palm Tree Pot	flower-pot	decoration flower-pot furniture gimmick housing-only stackable tier-0	0	50
618	1000551	Collection_Prop_FlowerPot_0032	Red Flower Pot	flower-pot	collectible decoration flower-pot furniture knowledge stackable tier-0	0	250
619	1001092	Collection_Prop_FlowerPot_0029	Flower-Decorated Cactus Pot	flower-pot	collectible decoration flower-pot furniture knowledge stackable tier-0	0	250
620	1001329	gimmick_tool_kinetic_barbell_0001	Kinetic Counterweight	ornament	decoration furniture knowledge ornament stackable tier-0	0	7000
621	1002254	gimmick_tool_kinetic_dolphin_0001	Kinetic Dolphin Family	ornament	decoration furniture knowledge ornament stackable tier-0	0	10500
622	1002255	gimmick_tool_kinetic_dolphin_0002	Kinetic Dolphin	ornament	decoration furniture knowledge ornament stackable tier-0	0	6500
623	1002256	gimmick_tool_kinetic_boat_0001	Kinetic Boat	ornament	decoration furniture knowledge ornament stackable tier-0	0	10000
624	1002257	gimmick_tool_kinetic_circle_0001	Kinetic Circle	ornament	decoration furniture knowledge ornament stackable tier-0	0	11500
625	1003678	gimmick_tool_kinetic_barbell_0002	Kinetic Knight	ornament	decoration furniture knowledge ornament stackable tier-0	0	12000
626	1001571	Collection_Prop_viewingstone_0001	Blue Dragon Scale Decorative Stone	ornament	collectible decoration furniture knowledge ornament stackable tier-0	0	1250
627	1001572	Collection_Prop_viewingstone_0002	Ancient's Decorative Stone	ornament	collectible decoration furniture knowledge ornament stackable tier-0	0	1500
628	1001573	Collection_Prop_viewingstone_0003	Red Fire Decorative Stone	ornament	collectible decoration furniture knowledge ornament stackable tier-0	0	1000
629	1001665	Collection_Prop_Bismuthornament_0001	Broken Bismuth Ornament	ornament	collectible decoration furniture knowledge ornament stackable tier-0	0	500
630	1001666	Collection_Prop_Bismuthornament_0002	Angular Bismuth Ornament	ornament	collectible decoration furniture knowledge ornament stackable tier-0	0	700
631	1001667	Collection_Prop_Bismuthornament_0003	Round Bismuth Ornament	ornament	collectible decoration furniture knowledge ornament stackable tier-0	0	1100
632	1003545	Collection_Prop_Statue_0001	Woman Holding a Water Bottle	ornament	collectible decoration furniture knowledge ornament stackable tier-0	0	600
633	1003546	Collection_Prop_Statue_0003	Priest in a Mask	ornament	collectible decoration furniture knowledge ornament stackable tier-0	0	200
634	1004049	Item_Collection_Prop_Statue_0002	The Sitting Lion	ornament	decoration furniture knowledge ornament stackable tier-0	0	500
635	1001713	Collection_Prop_Tool_0010	Pile of Clothing Materials	household	collectible decoration furniture household knowledge stackable tier-0	0	8
636	1000727	Collection_Prop_Tool_0001	Cast Iron Pan	household	collectible decoration furniture household knowledge stackable tier-0	0	8
637	1001714	Collection_Prop_Tool_0011	Pile of Cloth	household	collectible decoration furniture household knowledge stackable tier-0	0	8
638	1001694	Collection_Prop_Tool_0008	Magnifying Glass	household	collectible decoration furniture household knowledge stackable tier-0	0	15
639	1001690	Collection_Prop_Tool_0004	Teapot	household	collectible decoration furniture household knowledge stackable tier-0	0	15
640	1001153	Collection_Prop_Tool_0002	Pot	household	collectible decoration furniture household knowledge stackable tier-0	0	15
641	1004019	Item_gimmick_item_tool_bookstand_0001	Book Stand	household	decoration furniture gimmick household housing-only stackable tier-0	0	12
642	1003941	Item_gimmick_item_tool_book_0001	Book	household	decoration furniture gimmick household housing-only stackable tier-0	0	20
643	1005600	Item_Background_Breakable_Wood_339	Book Stand	household	decoration furniture household knowledge stackable tier-0	0	5
644	1005601	Item_Background_Breakable_Wood_340	Book Stand	household	decoration furniture household knowledge stackable tier-0	0	5
645	1001695	Collection_Prop_Tool_0009	Scales	household	collectible decoration furniture household knowledge stackable tier-0	0	38
646	1001692	Collection_Prop_Tool_0006	Hourglass	household	collectible decoration furniture household knowledge stackable tier-0	0	38
647	1001693	Collection_Prop_Tool_0007	Ornate Magnifying Glass	household	collectible decoration furniture household knowledge stackable tier-0	0	63
648	1001691	Collection_Prop_Tool_0005	Iron Basin	household	collectible decoration furniture household knowledge stackable tier-0	0	63
649	1001206	Collection_Prop_Tool_0003	Gilded Mirror	household	collectible decoration furniture household knowledge stackable tier-0	0	200
650	1004016	Item_gimmick_alchemy_globe_0002	Large Rotating Globe	household	decoration furniture gimmick household housing-only stackable tier-0	0	200
651	1004015	Item_gimmick_alchemy_globe_0001	Medium Rotating Globe	household	decoration furniture gimmick household housing-only stackable tier-0	0	800
652	1002112	Collection_Prop_Doll_0001	Simple Dress Doll	ornament	collectible decoration furniture knowledge ornament stackable tier-0	0	285
653	1002113	Collection_Prop_Doll_0002	Fine Blue Bonnet Doll	ornament	collectible decoration furniture knowledge ornament stackable tier-0	0	1420
654	1002116	Collection_Prop_Doll_0005	Brown Dress Doll	ornament	collectible decoration furniture knowledge ornament stackable tier-0	0	404
655	1002117	Collection_Prop_Doll_0006	Doll Wearing Brown Bonnet	ornament	collectible decoration furniture knowledge ornament stackable tier-0	0	487
656	1002114	Collection_Prop_Doll_0003	Simple Brown Bonnet Doll	ornament	collectible decoration furniture knowledge ornament stackable tier-0	0	276
657	1002115	Collection_Prop_Doll_0004	Beige Bandana Doll	ornament	collectible decoration furniture knowledge ornament stackable tier-0	0	108
658	1000979	Collection_Prop_Doll_0007	Fine Dress Doll	ornament	collectible decoration furniture knowledge ornament stackable tier-0	0	2904
659	1001697	Collection_Prop_Chest_0002	Document Storage	decoration	collectible decoration furniture knowledge stackable tier-0	0	203
660	1001698	Collection_Prop_Chest_0003	Sturdy Wooden Box	decoration	collectible decoration furniture knowledge stackable tier-0	0	115
661	1001699	Collection_Prop_Chest_0004	Wooden Box	decoration	collectible decoration furniture knowledge stackable tier-0	0	311
662	1001704	Collection_Prop_Chest_0009	Multipurpose Wooden Box	decoration	collectible decoration furniture knowledge stackable tier-0	0	152
663	1001696	Collection_Prop_Chest_0001	Strongbox	decoration	collectible decoration furniture knowledge stackable tier-0	0	300
664	1001700	Collection_Prop_Chest_0005	Engraved Wooden Box	decoration	collectible decoration furniture knowledge stackable tier-0	0	130
665	1001701	Collection_Prop_Chest_0006	Iron-Adorned Storage	decoration	collectible decoration furniture knowledge stackable tier-0	0	200
666	1001702	Collection_Prop_Chest_0007	Jewelry Storage	decoration	collectible decoration furniture knowledge stackable tier-0	0	230
667	1001703	Collection_Prop_Chest_0008	Jewel Box	decoration	collectible decoration furniture knowledge stackable tier-0	0	210
668	1001248	Collection_Prop_WeaponBox_0001	Firearms Box	decoration	collectible decoration furniture knowledge tier-0	0	500
669	1001688	Collection_Prop_WeaponBox_0002	Swords Box	decoration	collectible decoration furniture knowledge tier-0	0	100
670	1001689	Collection_Prop_WeaponBox_0003	Weapons Box	decoration	collectible decoration furniture knowledge tier-0	0	100
671	1001509	Collection_Prop_Trophy_0001	Trophy - All-Out Duel	ornament	collectible decoration furniture knowledge ornament tier-0	0	15940
672	1001510	Collection_Prop_Trophy_0002	Trophy - Unarmed Duel	ornament	collectible decoration furniture knowledge ornament tier-0	0	5300
673	1001511	Collection_Prop_Trophy_0003	Trophy - Wrestling Match	ornament	collectible decoration furniture knowledge ornament tier-0	0	7300
674	1001521	Collection_Prop_Trophy_0004	Trophy - Spear Duel	ornament	collectible decoration furniture knowledge ornament tier-0	0	6800
675	1001522	Collection_Prop_Trophy_0005	Trophy - Sword Duel	ornament	collectible decoration furniture knowledge ornament tier-0	0	8620
676	1002750	Legendary_Animal_Phoenix	Nightmare Burner	ornament	decoration furniture important legendary legendary-animal no-discard no-sell ornament stackable tier-0	0	1
677	1000282	Collection_Prop_Glasscraft_0003	Unicorn Glass Art	ornament	collectible decoration furniture knowledge no-discard ornament stackable tier-0	0	26316
678	1000288	Collection_Prop_Glasscraft_0004	Dolphin Glass Art	ornament	collectible decoration furniture knowledge ornament stackable tier-0	0	17000
679	1000532	Collection_Prop_Glasscraft_0005	Humpback Whale Glass Art	ornament	collectible decoration furniture knowledge ornament stackable tier-0	0	12000
680	1004411	Item_gimmick_in_dpf_carpet_0001	Round Twilight Floral Carpet	furniture	furniture gimmick knowledge no-discard stackable tier-0	0	1500
681	1004412	Item_gimmick_in_dpf_carpet_0002	Mist-woven Carpet	furniture	furniture gimmick knowledge no-discard stackable tier-0	0	750
682	1004413	Item_gimmick_in_dpf_carpet_0003	Frost-woven Carpet	furniture	furniture gimmick knowledge no-discard stackable tier-0	0	750
683	1004414	Item_gimmick_in_dpf_carpet_0004	Moonlit Garden Carpet	furniture	furniture gimmick knowledge no-discard stackable tier-0	0	1500
684	1004415	Item_gimmick_in_dpf_carpet_0005	Rhombic Vermillion Carpet	furniture	furniture gimmick knowledge no-discard stackable tier-0	0	1500
685	1004416	Item_gimmick_in_dpf_carpet_0006	Large Twilight Floral Carpet	furniture	furniture gimmick knowledge no-discard stackable tier-0	0	3000
686	1004417	Item_gimmick_in_dpf_carpet_0006_index01	Large Moonlit Garden Carpet	furniture	furniture gimmick knowledge no-discard stackable tier-0	0	3000
687	1004418	Item_gimmick_in_dpf_carpet_0007	Large Stone Knotted Carpet	furniture	furniture gimmick knowledge no-discard stackable tier-0	0	3000
688	1004419	Item_gimmick_in_dpf_carpet_0008	Sunset Plaid Carpet	furniture	furniture gimmick knowledge no-discard stackable tier-0	0	3000
689	1004420	Item_gimmick_in_dpf_carpet_0008_index01	Double Mist-woven Carpet	furniture	furniture gimmick knowledge no-discard stackable tier-0	0	3000
690	1004421	Item_gimmick_in_dpf_carpet_0009	Large Rosy Dragonscale Carpet	furniture	furniture gimmick knowledge no-discard stackable tier-0	0	6000
691	1004422	Item_gimmick_in_dpf_carpet_0010	Wide Sunset Plaid Carpet	furniture	furniture gimmick knowledge no-discard stackable tier-0	0	6000
692	1004423	Item_gimmick_in_dpf_carpet_0010_index01	Wide Hushed Earth Carpet	furniture	furniture gimmick knowledge no-discard stackable tier-0	0	6000
693	1004424	Item_gimmick_in_dpf_carpet_0011	Wide Sunlit Garden Carpet	furniture	furniture gimmick knowledge no-discard stackable tier-0	0	6000
694	1004425	Item_gimmick_in_dpf_carpet_0011_index01	Wide Mist-woven Carpet	furniture	furniture gimmick knowledge no-discard stackable tier-0	0	6000
695	1004426	Item_gimmick_in_dpf_carpet_0012	Long Sunset Plaid Carpet	furniture	furniture gimmick knowledge no-discard stackable tier-0	0	12000
696	1004427	Item_gimmick_in_dpf_carpet_0012_index01	Long Mist-woven Carpet	furniture	furniture gimmick knowledge no-discard stackable tier-0	0	12000
697	1004637	Item_gimmick_in_dpf_carpet_0013	Wide Dawndrop Garden Carpet	furniture	furniture gimmick knowledge no-discard stackable tier-0	0	8000
698	1004638	Item_gimmick_in_dpf_carpet_0014	Round Wide Mist-woven Carpet	furniture	furniture gimmick knowledge no-discard stackable tier-0	0	8000
699	1004639	Item_gimmick_in_dpf_carpet_0015	Wide Multicolor Knotted Carpet	furniture	furniture gimmick knowledge no-discard stackable tier-0	0	8000
700	1004640	Item_gimmick_in_dpf_carpet_0016	Round Wide Moonlit Garden Carpet	furniture	furniture gimmick knowledge no-discard stackable tier-0	0	8000
701	1001450	Collection_Prop_Bottle_0002	Wooden Container	container	collectible container decoration furniture household knowledge stackable tier-0	0	3
702	1001451	Collection_Prop_Bottle_0003	Portable Wooden Container	container	collectible container decoration furniture household knowledge stackable tier-0	0	3
703	1001465	Collection_Prop_Bottle_0017	Water Bottle for Patients	container	collectible container decoration furniture household knowledge stackable tier-0	0	3
704	1001477	Collection_Prop_Bottle_0029	Old Two-Handled Iron Water Bottle	container	collectible container decoration furniture household knowledge stackable tier-0	0	3
705	1001460	Collection_Prop_Bottle_0012	Slim Indigo Glass Bottle	container	collectible container decoration furniture household knowledge stackable tier-0	0	3
706	1001454	Collection_Prop_Bottle_0006	Short-Necked Ceramic Container	container	collectible container decoration furniture household knowledge stackable tier-0	0	3
707	1001455	Collection_Prop_Bottle_0007	Liquor Bottle	container	collectible container decoration furniture household knowledge stackable tier-0	0	3
708	1001456	Collection_Prop_Bottle_0008	Sturdy Clay Container	container	collectible container decoration furniture household knowledge stackable tier-0	0	3
709	1001463	Collection_Prop_Bottle_0015	Waterskin	container	collectible container decoration furniture household knowledge stackable tier-0	0	3
710	1001472	Collection_Prop_Bottle_0024	Clay Container	container	collectible container decoration furniture household knowledge stackable tier-0	0	3
711	1001679	Collection_Prop_Bottle_0041	Wide-Mouthed Water Bottle	container	collectible container decoration furniture household knowledge stackable tier-0	0	3
712	1001686	Collection_Prop_Bottle_0048	Clay-Handled Water Bottle	container	collectible container decoration furniture household knowledge stackable tier-0	0	3
713	1001709	Collection_Prop_Bottle_0050	Wide-Bottomed Water Bottle	container	collectible container decoration furniture household knowledge stackable tier-0	0	3
714	1002100	Collection_Prop_Bottle_0053	Large Water Bottle	container	collectible container decoration furniture household knowledge stackable tier-0	0	3
715	1001461	Collection_Prop_Bottle_0013	Gourd Bottle	container	collectible container decoration furniture household knowledge stackable tier-0	0	3
716	1001462	Collection_Prop_Bottle_0014	Pale Blue Container	container	collectible container decoration furniture household knowledge stackable tier-0	0	3
717	1001466	Collection_Prop_Bottle_0018	White-Handled Water Bottle	container	collectible container decoration furniture household knowledge stackable tier-0	0	3
718	1001482	Collection_Prop_Bottle_0034	White Jar-Shaped Water Bottle	container	collectible container decoration furniture household knowledge stackable tier-0	0	3
719	1001485	Collection_Prop_Bottle_0037	Long White Water Bottle	container	collectible container decoration furniture household knowledge stackable tier-0	0	3
720	1001491	Collection_Prop_Ceramic_0003	Freshly Fired Celadon Vase	container	collectible container decoration furniture household knowledge stackable tier-0	0	3
721	1001453	Collection_Prop_Bottle_0005	Ceramic Container	container	collectible container decoration furniture household knowledge stackable tier-0	0	7
722	1001711	Collection_Prop_Bottle_0052	Glazed Clay Water Bottle	container	collectible container decoration furniture household knowledge stackable tier-0	0	7
723	1001449	Collection_Prop_Bottle_0001	Crimson Glass Container	container	collectible container decoration furniture household knowledge stackable tier-0	0	7
724	1001452	Collection_Prop_Bottle_0004	Blue Round Water Bottle	container	collectible container decoration furniture household knowledge stackable tier-0	0	7
725	1001458	Collection_Prop_Bottle_0010	Round Blue Container	container	collectible container decoration furniture household knowledge stackable tier-0	0	7
726	1001459	Collection_Prop_Bottle_0011	Round Blue Container	container	collectible container decoration furniture household knowledge stackable tier-0	0	7
727	1001464	Collection_Prop_Bottle_0016	Portable Blue Water Bottle	container	collectible container decoration furniture household knowledge stackable tier-0	0	7
728	1001484	Collection_Prop_Bottle_0036	Long Crimson Water Bottle	container	collectible container decoration furniture household knowledge stackable tier-0	0	7
729	1001487	Collection_Prop_Bottle_0039	Long Blue Water Bottle	container	collectible container decoration furniture household knowledge stackable tier-0	0	7
730	1001681	Collection_Prop_Bottle_0043	White Iron Water Bottle	container	collectible container decoration furniture household knowledge stackable tier-0	0	7
731	1001708	Collection_Prop_Bottle_0049	Indigo Bottle	container	collectible container decoration furniture household knowledge stackable tier-0	0	7
732	1002306	Collection_Prop_Bottle_0045	Travel Flask	container	collectible container decoration furniture household knowledge stackable tier-0	0	7
733	1001947	Collection_Prop_Bottle_0054	Leather Strap Gourd Bottle	container	collectible container decoration furniture household knowledge stackable tier-0	0	7
734	1001948	Collection_Prop_Bottle_0055	Plaid Gourd Bottle	container	collectible container decoration furniture household knowledge stackable tier-0	0	7
735	1001471	Collection_Prop_Bottle_0023	Brass Container	container	collectible container decoration furniture household knowledge stackable tier-0	0	7
736	1001473	Collection_Prop_Bottle_0025	Iron Container	container	collectible container decoration furniture household knowledge stackable tier-0	0	7
737	1001476	Collection_Prop_Bottle_0028	Two-Handled Iron Water Bottle	container	collectible container decoration furniture household knowledge stackable tier-0	0	7
738	1001483	Collection_Prop_Bottle_0035	Green Jar-Shaped Water Bottle	container	collectible container decoration furniture household knowledge stackable tier-0	0	13
739	1001467	Collection_Prop_Bottle_0019	Purple-Handled Water Bottle	container	collectible container decoration furniture household knowledge stackable tier-0	0	13
740	1001486	Collection_Prop_Bottle_0038	Long Yellow Water Bottle	container	collectible container decoration furniture household knowledge stackable tier-0	0	13
741	1001684	Collection_Prop_Bottle_0046	Yellow-Glazed Water Bottle	container	collectible container decoration furniture household knowledge stackable tier-0	0	13
742	1001457	Collection_Prop_Bottle_0009	Tin Water Bottle	container	collectible container decoration furniture household knowledge stackable tier-0	0	13
743	1001469	Collection_Prop_Bottle_0021	Rusty Iron Water Bottle	container	collectible container decoration furniture household knowledge stackable tier-0	0	13
744	1001470	Collection_Prop_Bottle_0022	Copper Water Bottle	container	collectible container decoration furniture household knowledge stackable tier-0	0	13
745	1001474	Collection_Prop_Bottle_0026	Decorative Iron Water Bottle	container	collectible container decoration furniture household knowledge stackable tier-0	0	13
746	1001475	Collection_Prop_Bottle_0027	Decorative Brass Water Bottle	container	collectible container decoration furniture household knowledge stackable tier-0	0	13
747	1001680	Collection_Prop_Bottle_0042	Small Pot for Boiling	container	collectible container decoration furniture household knowledge stackable tier-0	0	13
748	1001468	Collection_Prop_Bottle_0020	Iron Distiller	container	collectible container decoration furniture household knowledge stackable tier-0	0	50
749	1001710	Collection_Prop_Bottle_0051	Decorative Water Bottle with Lid	container	collectible container decoration furniture household knowledge stackable tier-0	0	50
750	1001479	Collection_Prop_Bottle_0031	Water Bottle of the Agonized	container	collectible container decoration furniture household knowledge stackable tier-0	0	50
751	1001682	Collection_Prop_Bottle_0044	Black Ceramic Water Bottle	container	collectible container decoration furniture household knowledge stackable tier-0	0	50
752	1001478	Collection_Prop_Bottle_0030	Two-Handled Brass Container	container	collectible container decoration furniture household knowledge stackable tier-0	0	50
753	1001480	Collection_Prop_Bottle_0032	Distiller	container	collectible container decoration furniture household knowledge stackable tier-0	0	50
754	1001481	Collection_Prop_Bottle_0033	Blue Jar-Shaped Water Bottle	container	collectible container decoration furniture household knowledge stackable tier-0	0	50
755	1001685	Collection_Prop_Bottle_0047	White-Glazed Water Bottle	container	collectible container decoration furniture household knowledge stackable tier-0	0	50
756	1001517	Collection_Prop_Ceramic_0029	Silver Carafe	container	collectible container decoration furniture household knowledge stackable tier-0	0	53
757	1001490	Collection_Prop_Ceramic_0002	Slim Celadon Bottle	container	collectible container decoration furniture household knowledge stackable tier-0	0	53
758	1001678	Collection_Prop_Bottle_0040	Silver-Decorated Water Bottle	container	collectible container decoration furniture household knowledge stackable tier-0	0	250
759	1003820	Collection_Prop_Ceramic_0058	Blue Ceramic Container	container	collectible container decoration furniture household knowledge stackable tier-0	0	125
760	1001518	Collection_Prop_Ceramic_0030	Golden Carafe	container	collectible container decoration furniture household knowledge stackable tier-0	0	125
761	1001520	Collection_Prop_Ceramic_0032	Gilded Vase	container	collectible container decoration furniture household knowledge stackable tier-0	0	125
762	1001512	Collection_Prop_Ceramic_0024	Gilded Slim Bottle	container	collectible container decoration furniture household knowledge stackable tier-0	0	125
763	1001536	Collection_Prop_Cup_0004	Wooden Mug	container	collectible container decoration furniture household knowledge stackable tier-0	0	3
764	1001538	Collection_Prop_Cup_0006	Sturdy Wooden Beer Mug	container	collectible container decoration furniture household knowledge stackable tier-0	0	3
765	1001539	Collection_Prop_Cup_0007	Worn Wooden Beer Mug	container	collectible container decoration furniture household knowledge stackable tier-0	0	3
766	1001540	Collection_Prop_Cup_0008	Old Wooden Beer Mug	container	collectible container decoration furniture household knowledge stackable tier-0	0	3
767	1001549	Collection_Prop_Cup_0017	Plain Wooden Beer Mug	container	collectible container decoration furniture household knowledge stackable tier-0	0	3
768	1001537	Collection_Prop_Cup_0005	Brass Goblet	container	collectible container decoration furniture household knowledge stackable tier-0	0	6
769	1001542	Collection_Prop_Cup_0010	Decorative Brass Goblet	container	collectible container decoration furniture household knowledge stackable tier-0	0	6
770	1001544	Collection_Prop_Cup_0012	Worn Decorative Silver Mug	container	collectible container decoration furniture household knowledge stackable tier-0	0	6
771	1001545	Collection_Prop_Cup_0013	Large Multipurpose Vessel	container	collectible container decoration furniture household knowledge stackable tier-0	0	6
772	1001547	Collection_Prop_Cup_0015	Artisan's Metal Goblet	container	collectible container decoration furniture household knowledge stackable tier-0	0	8
773	1001535	Collection_Prop_Cup_0003	Bronze Goblet	container	collectible container decoration furniture household knowledge stackable tier-0	0	8
774	1001543	Collection_Prop_Cup_0011	Large Decorative Goblet	container	collectible container decoration furniture household knowledge stackable tier-0	0	8
775	1001534	Collection_Prop_Cup_0002	Silver Goblet	container	collectible container decoration furniture household knowledge stackable tier-0	0	25
776	1001541	Collection_Prop_Cup_0009	Decorative Silver Mug	container	collectible container decoration furniture household knowledge stackable tier-0	0	25
777	1001533	Collection_Prop_Cup_0001	Golden Goblet	container	collectible container decoration furniture household knowledge stackable tier-0	0	275
778	1001546	Collection_Prop_Cup_0014	Fine Gold Goblet	container	collectible container decoration furniture household knowledge stackable tier-0	0	275
779	1001548	Collection_Prop_Cup_0016	Ornate Gold Goblet	container	collectible container decoration furniture household knowledge stackable tier-0	0	275
780	1003927	Pail_Cup_Oath	Pailunese Chalice of Oaths	container	container decoration furniture household important legendary no-discard no-sell stackable tier-0	0	1
781	1002739	Legendary_Animal_Redriver_hog	Chalice of Devouring	container	container decoration furniture household important legendary legendary-animal no-discard no-sell stackable tier-0	0	1
782	1001493	Collection_Prop_Ceramic_0005	Multipurpose Jar	container	collectible container decoration furniture household knowledge stackable tier-0	0	3
783	1001495	Collection_Prop_Ceramic_0007	Round Jar	container	collectible container decoration furniture household knowledge stackable tier-0	0	3
784	1001496	Collection_Prop_Ceramic_0008	Worn Two-Handled Jar	container	collectible container decoration furniture household knowledge stackable tier-0	0	3
785	1001505	Collection_Prop_Ceramic_0017	Cylindrical Jar	container	collectible container decoration furniture household knowledge stackable tier-0	0	3
786	1001507	Collection_Prop_Ceramic_0019	Water Pot	container	collectible container decoration furniture household knowledge stackable tier-0	0	3
787	1001508	Collection_Prop_Ceramic_0020	Grain Jar	container	collectible container decoration furniture household knowledge stackable tier-0	0	3
788	1001513	Collection_Prop_Ceramic_0025	Water Jug	container	collectible container decoration furniture household knowledge stackable tier-0	0	3
789	1002299	Collection_Prop_Ceramic_0050	Cylindrical Ocher Jar	container	collectible container decoration furniture household knowledge stackable tier-0	0	3
790	1002300	Collection_Prop_Ceramic_0051	Cylindrical Clay Jar	container	collectible container decoration furniture household knowledge stackable tier-0	0	3
791	1002301	Collection_Prop_Ceramic_0052	Old Round Jar	container	collectible container decoration furniture household knowledge stackable tier-0	0	3
792	1002302	Collection_Prop_Ceramic_0053	Brown Round Jar	container	collectible container decoration furniture household knowledge stackable tier-0	0	3
793	1002303	Collection_Prop_Ceramic_0054	Old Water Pot	container	collectible container decoration furniture household knowledge stackable tier-0	0	3
794	1002304	Collection_Prop_Ceramic_0055	Light Brown Water Pot	container	collectible container decoration furniture household knowledge stackable tier-0	0	3
795	1001492	Collection_Prop_Ceramic_0004	Ceramic for Medicinal Use	container	collectible container decoration furniture household knowledge stackable tier-0	0	6
796	1001494	Collection_Prop_Ceramic_0006	Medicine Jar	container	collectible container decoration furniture household knowledge stackable tier-0	0	6
797	1001504	Collection_Prop_Ceramic_0016	Large Medicine Jar	container	collectible container decoration furniture household knowledge stackable tier-0	0	6
798	1001519	Collection_Prop_Ceramic_0031	Storage Jar	container	collectible container decoration furniture household knowledge stackable tier-0	0	6
799	1001515	Collection_Prop_Ceramic_0027	Wide Jar	container	collectible container decoration furniture household knowledge stackable tier-0	0	6
800	1001498	Collection_Prop_Ceramic_0010	Gray Two-Handled Jar	container	collectible container decoration furniture household knowledge stackable tier-0	0	6
801	1001499	Collection_Prop_Ceramic_0011	Brown Two-Handled Jar	container	collectible container decoration furniture household knowledge stackable tier-0	0	6
802	1001500	Collection_Prop_Ceramic_0012	Red One-Handled Jar	container	collectible container decoration furniture household knowledge stackable tier-0	0	6
803	1001501	Collection_Prop_Ceramic_0013	Gray Jar	container	collectible container decoration furniture household knowledge stackable tier-0	0	6
804	1001502	Collection_Prop_Ceramic_0014	Ocher Jar	container	collectible container decoration furniture household knowledge stackable tier-0	0	6
805	1001503	Collection_Prop_Ceramic_0015	Small Storage Jar	container	collectible container decoration furniture household knowledge stackable tier-0	0	6
806	1001516	Collection_Prop_Ceramic_0028	Dark Brown Jar	container	collectible container decoration furniture household knowledge stackable tier-0	0	6
807	1003930	Item_gimmick_collection_prop_Ceramic_0021	Ocher Jar	container	container decoration furniture gimmick household housing-only stackable tier-0	0	5
808	1003931	Item_gimmick_collection_prop_Ceramic_0023	Milky White Jar	container	container decoration furniture gimmick household housing-only stackable tier-0	0	5
809	1003932	Item_gimmick_collection_prop_Ceramic_0033	Patterned Long-Necked Jar	container	container decoration furniture gimmick household housing-only stackable tier-0	0	5
810	1003933	Item_gimmick_collection_prop_Ceramic_0034	Dark Earthen Jar	container	container decoration furniture gimmick household housing-only stackable tier-0	0	10
811	1003934	Item_gimmick_collection_prop_Ceramic_0036	Patterned Jar	container	container decoration furniture gimmick household housing-only stackable tier-0	0	10
812	1003935	Item_gimmick_collection_prop_Ceramic_0040	String-Wrapped Jar	container	container decoration furniture gimmick household housing-only stackable tier-0	0	15
813	1003936	Item_gimmick_collection_prop_Ceramic_0042	Bright Flat Jar	container	container decoration furniture gimmick household housing-only stackable tier-0	0	15
814	1003937	Item_gimmick_collection_prop_Ceramic_0043	Dark Flat Jar	container	container decoration furniture gimmick household housing-only stackable tier-0	0	15
815	1003938	Item_gimmick_collection_prop_Ceramic_0044	Round-Handled Jar	container	container decoration furniture gimmick household housing-only stackable tier-0	0	15
816	1003939	Item_gimmick_collection_prop_Ceramic_0048	Reddish-Brown Jar	container	container decoration furniture gimmick household housing-only stackable tier-0	0	5
817	1003940	Item_gimmick_collection_prop_Ceramic_0049	Earth-Colored Jar	container	container decoration furniture gimmick household housing-only stackable tier-0	0	5
818	1001489	Collection_Prop_Ceramic_0001	Blue Patterned Ceramic	container	collectible container decoration furniture household knowledge stackable tier-0	0	53
819	1001744	Collection_Prop_Ceramic_0045	Silver Water Pot	container	collectible container decoration furniture household knowledge stackable tier-0	0	53
820	1001763	Collection_Prop_Ceramic_0046	Long-Necked Silver Jar	container	collectible container decoration furniture household knowledge stackable tier-0	0	53
821	1001785	Collection_Prop_Ceramic_0047	Ornate Silver Conical Jar	container	collectible container decoration furniture household knowledge stackable tier-0	0	53
822	1001514	Collection_Prop_Ceramic_0026	Wide White Jar	container	collectible container decoration furniture household knowledge stackable tier-0	0	53
823	1003819	Collection_Prop_Ceramic_0057	Blue Gilded Handle Ceramic	container	collectible container decoration furniture household knowledge stackable tier-0	0	125
824	1001497	Collection_Prop_Ceramic_0009	Shiny Ceramic Vase	container	collectible container decoration furniture household knowledge stackable tier-0	0	425
825	1001506	Collection_Prop_Ceramic_0018	Ornate Tree Pattern Vase	container	collectible container decoration furniture household knowledge stackable tier-0	0	425
826	1003821	Collection_Prop_Ceramic_0059	The Blue Mirage	container	collectible container decoration furniture household knowledge stackable tier-0	0	425
827	1001563	Collection_Prop_Bowl_0013	Damaged Bowl	container	collectible container decoration furniture household knowledge stackable tier-0	0	3
828	1001583	Collection_Prop_Plate_0009	Thinly Carved Wooden Plate	container	collectible container decoration furniture household knowledge stackable tier-0	0	3
829	1001551	Collection_Prop_Bowl_0001	Bread Plate	container	collectible container decoration furniture household knowledge stackable tier-0	0	3
830	1001555	Collection_Prop_Bowl_0005	Nut Bowl	container	collectible container decoration furniture household knowledge stackable tier-0	0	3
831	1001556	Collection_Prop_Bowl_0006	Grain Bowl	container	collectible container decoration furniture household knowledge stackable tier-0	0	3
832	1003679	Collection_Prop_Bowl_0007	Large Grain Bowl	container	collectible container decoration furniture household knowledge stackable tier-0	0	3
833	1001558	Collection_Prop_Bowl_0008	Cheese Plate	container	collectible container decoration furniture household knowledge stackable tier-0	0	3
834	1001612	Collection_Prop_Bowl_0023	Wooden Beaker	container	collectible container decoration furniture household knowledge stackable tier-0	0	3
835	1001613	Collection_Prop_Bowl_0024	Oak Beaker	container	collectible container decoration furniture household knowledge stackable tier-0	0	3
836	1001553	Collection_Prop_Bowl_0003	Storage Bowl	container	collectible container decoration furniture household knowledge stackable tier-0	0	3
837	1001552	Collection_Prop_Bowl_0002	Deep Bowl	container	collectible container decoration furniture household knowledge stackable tier-0	0	3
838	1001554	Collection_Prop_Bowl_0004	Wide Bowl	container	collectible container decoration furniture household knowledge stackable tier-0	0	3
839	1001575	Collection_Prop_Plate_0001	Large Wooden Plate	container	collectible container decoration furniture household knowledge stackable tier-0	0	3
840	1001576	Collection_Prop_Plate_0002	Bright Wooden Plate	container	collectible container decoration furniture household knowledge stackable tier-0	0	3
841	1001578	Collection_Prop_Plate_0004	Sturdy Wooden Plate	container	collectible container decoration furniture household knowledge stackable tier-0	0	3
842	1001580	Collection_Prop_Plate_0006	Deep Wooden Plate	container	collectible container decoration furniture household knowledge stackable tier-0	0	3
843	1001581	Collection_Prop_Plate_0007	Soft Wooden Plate	container	collectible container decoration furniture household knowledge stackable tier-0	0	3
844	1001582	Collection_Prop_Plate_0008	Dark Wooden Plate	container	collectible container decoration furniture household knowledge stackable tier-0	0	7
845	1001561	Collection_Prop_Bowl_0011	Small Mortar Bowl	container	collectible container decoration furniture household knowledge stackable tier-0	0	7
846	1001562	Collection_Prop_Bowl_0012	Herb Mortar Bowl	container	collectible container decoration furniture household knowledge stackable tier-0	0	7
847	1001297	Collection_Prop_Bowl_0016	Red Spice Bowl	container	collectible container decoration furniture household knowledge stackable tier-0	0	7
848	1001606	Collection_Prop_Bowl_0017	Green Spice Bowl	container	collectible container decoration furniture household knowledge stackable tier-0	0	7
849	1001607	Collection_Prop_Bowl_0018	Blue Spice Bowl	container	collectible container decoration furniture household knowledge stackable tier-0	0	7
850	1001608	Collection_Prop_Bowl_0019	Ashen Spice Bowl	container	collectible container decoration furniture household knowledge stackable tier-0	0	7
851	1001577	Collection_Prop_Plate_0003	Concave Wooden Plate	container	collectible container decoration furniture household knowledge stackable tier-0	0	7
852	1001584	Collection_Prop_Plate_0010	Brass Bowl	container	collectible container decoration furniture household knowledge stackable tier-0	0	7
853	1001588	Collection_Prop_Plate_0014	Ceramic Bowl	container	collectible container decoration furniture household knowledge stackable tier-0	0	7
854	1001587	Collection_Prop_Plate_0013	Decorative Plate	container	collectible container decoration furniture household knowledge stackable tier-0	0	7
855	1001589	Collection_Prop_Plate_0015	Fruit Bowl	container	collectible container decoration furniture household knowledge stackable tier-0	0	7
856	1001590	Collection_Prop_Plate_0016	Deep Iron Plate	container	collectible container decoration furniture household knowledge stackable tier-0	0	7
857	1001591	Collection_Prop_Plate_0017	Wide Iron Plate	container	collectible container decoration furniture household knowledge stackable tier-0	0	7
858	1001592	Collection_Prop_Plate_0018	Round Iron Plate	container	collectible container decoration furniture household knowledge stackable tier-0	0	7
859	1003226	Collection_Prop_Plate_0019	Decorative Iron Plate	container	collectible container decoration furniture household knowledge stackable tier-0	0	7
860	1001610	Collection_Prop_Bowl_0021	Glazed Bowl	container	collectible container decoration furniture household knowledge stackable tier-0	0	23
861	1001611	Collection_Prop_Bowl_0022	Stacked Glazed Bowls	container	collectible container decoration furniture household knowledge stackable tier-0	0	23
862	1001564	Collection_Prop_Bowl_0014	Iron Bowl	container	collectible container decoration furniture household knowledge stackable tier-0	0	23
863	1001687	Collection_Prop_Bowl_0026	Pot	container	collectible container decoration furniture household knowledge stackable tier-0	0	23
864	1001586	Collection_Prop_Plate_0012	Square Tray	container	collectible container decoration furniture household knowledge stackable tier-0	0	85
865	1001614	Collection_Prop_Bowl_0025	Two-Handled Bronze Cup	container	collectible container decoration furniture household knowledge stackable tier-0	0	85
866	1001609	Collection_Prop_Bowl_0020	Glazed Mortar	container	collectible container decoration furniture household knowledge stackable tier-0	0	85
867	1001585	Collection_Prop_Plate_0011	Ritual Copper Plate	container	collectible container decoration furniture household knowledge stackable tier-0	0	200
868	1001565	Collection_Prop_Bowl_0015	Golden Bowl	container	collectible container decoration furniture household knowledge stackable tier-0	0	200
869	1003822	Collection_Prop_Ceramic_0056	Flower Bird Glass Pottery	container	collectible container decoration furniture household knowledge stackable tier-0	0	425
870	1003227	Collection_Prop_Bowl_0027	Large Ceremonial Bowl	container	collectible container decoration furniture household housing-only stackable tier-0	0	2500
871	1001593	Collection_Prop_Candle_0001	Twin Candles	light	collectible furniture knowledge light stackable tier-0	0	2
872	1001603	Collection_Prop_Candle_0011	Tarnished Four-Candle Candelabra	light	collectible furniture knowledge light stackable tier-0	0	2
873	1001594	Collection_Prop_Candle_0002	Candle	light	collectible furniture knowledge light stackable tier-0	0	2
874	1001595	Collection_Prop_Candle_0003	Plain Candle	light	collectible furniture knowledge light stackable tier-0	0	2
875	1001600	Collection_Prop_Candle_0008	Iron Candle	light	collectible furniture knowledge light stackable tier-0	0	2
876	1001601	Collection_Prop_Candle_0009	Tripod Candle	light	collectible furniture knowledge light stackable tier-0	0	2
877	1001597	Collection_Prop_Candle_0005	Copper Candlestick	light	collectible furniture knowledge light stackable tier-0	0	5
878	1001599	Collection_Prop_Candle_0007	Iron Cup Candle	light	collectible furniture knowledge light stackable tier-0	0	5
879	1001598	Collection_Prop_Candle_0006	Three-Candle Candelabra	light	collectible furniture knowledge light stackable tier-0	0	10
880	1001602	Collection_Prop_Candle_0010	Four-Candle Candelabra	light	collectible furniture knowledge light stackable tier-0	0	25
881	1001596	Collection_Prop_Candle_0004	Five-Candle Candelabra	light	collectible furniture knowledge light stackable tier-0	0	88
882	1002749	Legendary_Animal_Giant_Bull	White King's Candlestick	light	furniture important legendary legendary-animal light no-discard no-sell stackable tier-0	0	1
883	1002672	Collection_Lamp_Candle_0001	Icy White Glass Lamp	lamp	furniture knowledge lamp light stackable tier-0	0	13
884	1002673	Collection_Lamp_Candle_0001_index01	Twilight Glass Lamp	lamp	furniture knowledge lamp light stackable tier-0	0	13
885	1002674	Collection_Lamp_Candle_0001_index02	Lilac Glass Lamp	lamp	furniture knowledge lamp light stackable tier-0	0	13
886	1002684	Collection_gemstone_lamp_0002	Icy White Crystal	lamp	furniture knowledge lamp light stackable tier-0	0	38
887	1002685	Collection_gemstone_lamp_0002_index01	Twilight Crystal	lamp	furniture knowledge lamp light stackable tier-0	0	38
888	1002687	Collection_gemstone_lamp_0001	Icy White Processed Crystal	lamp	furniture knowledge lamp light stackable tier-0	0	38
889	1002688	Collection_gemstone_lamp_0001_index01	Twilight Processed Crystal	lamp	furniture knowledge lamp light stackable tier-0	0	38
890	1002689	Collection_gemstone_lamp_0001_index02	Lilac Processed Crystal	lamp	furniture knowledge lamp light stackable tier-0	0	38
891	1003980	Item_gimmick_hanger_top_lamp_0001	Icy White Lampshade	lamp	furniture gimmick knowledge lamp light no-discard stackable tier-0	0	37
892	1003981	Item_gimmick_hanger_top_lamp_0001_index01	Twilight Lampshade	lamp	furniture gimmick knowledge lamp light no-discard stackable tier-0	0	37
893	1003982	Item_gimmick_hanger_top_lamp_0001_index02	Lilac Lampshade	lamp	furniture gimmick knowledge lamp light no-discard stackable tier-0	0	37
894	1003983	Item_gimmick_hanger_top_lamp_0003	Icy White Drop Light	lamp	furniture gimmick knowledge lamp light no-discard stackable tier-0	0	37
895	1003984	Item_gimmick_hanger_top_lamp_0003_index01	Twilight Drop Light	lamp	furniture gimmick knowledge lamp light no-discard stackable tier-0	0	37
896	1003985	Item_gimmick_hanger_top_lamp_0003_index02	Lilac Drop Light	lamp	furniture gimmick knowledge lamp light no-discard stackable tier-0	0	37
897	1002679	Collection_Lamp_Candle_0003_index01	Twilight Watchtower Glass Lamp	lamp	furniture knowledge lamp light stackable tier-0	0	75
898	1002677	Collection_Lamp_Candle_0002_index02	Lilac Pavilion Glass Lamp	lamp	furniture knowledge lamp light stackable tier-0	0	75
899	1002675	Collection_Lamp_Candle_0002	Icy White Pavilion Glass Lamp	lamp	furniture knowledge lamp light stackable tier-0	0	75
900	1002676	Collection_Lamp_Candle_0002_index01	Twilight Pavilion Glass Lamp	lamp	furniture knowledge lamp light stackable tier-0	0	75
901	1003986	Item_gimmick_hanger_side_lamp_0001	Icy White Wall Lantern	lamp	furniture gimmick knowledge lamp light no-discard stackable tier-0	0	75
902	1003987	Item_gimmick_hanger_side_lamp_0001_index01	Twilight Wall Lantern	lamp	furniture gimmick knowledge lamp light no-discard stackable tier-0	0	75
903	1003988	Item_gimmick_hanger_side_lamp_0001_index02	Lilac Wall Lantern	lamp	furniture gimmick knowledge lamp light no-discard stackable tier-0	0	75
904	1004115	Itemgimmick_lamp_side_candle_0003	Icy White Octagonal Lantern	lamp	furniture lamp light no-discard stackable tier-0	0	75
905	1004116	Itemgimmick_lamp_side_candle_0003_index01	Twilight Octagonal Lantern	lamp	furniture lamp light no-discard stackable tier-0	0	75
906	1004117	Itemgimmick_lamp_side_candle_0003_index02	Lilac Octagonal Lantern	lamp	furniture lamp light no-discard stackable tier-0	0	75
907	1002678	Collection_Lamp_Candle_0003	Icy White Watchtower Glass Lamp	lamp	furniture knowledge lamp light stackable tier-0	0	200
908	1002680	Collection_Lamp_Candle_0003_index02	Lilac Watchtower Glass Lamp	lamp	furniture knowledge lamp light stackable tier-0	0	200
909	1002686	Collection_gemstone_lamp_0002_index02	Lilac Crystal	lamp	furniture knowledge lamp light stackable tier-0	0	200
910	1004118	Itemgimmick_lamp_side_candle_0001	Icy White Twin Wall Lamp	lamp	furniture lamp light no-discard stackable tier-0	0	200
911	1004119	Itemgimmick_lamp_side_candle_0001_index01	Twilight Twin Wall Lamp	lamp	furniture lamp light no-discard stackable tier-0	0	200
912	1004120	Itemgimmick_lamp_side_candle_0001_index02	Lilac Twin Wall Lamp	lamp	furniture lamp light no-discard stackable tier-0	0	200
913	1004121	Itemgimmick_lamp_side_candle_0002	Icy White Twin Octagonal Lanterns	lamp	furniture lamp light no-discard stackable tier-0	0	200
914	1004122	Itemgimmick_lamp_side_candle_0002_index01	Twilight Twin Octagonal Lantern	lamp	furniture lamp light no-discard stackable tier-0	0	200
915	1004123	Itemgimmick_lamp_side_candle_0002_index02	Lilac Twin Octagonal Lanterns	lamp	furniture lamp light no-discard stackable tier-0	0	200
916	1002681	Collection_Lamp_Candle_0004	Icy White Hexagonal Lamp	lamp	furniture knowledge lamp light stackable tier-0	0	800
917	1002682	Collection_Lamp_Candle_0004_index01	Twilight Hexagonal Lamp	lamp	furniture knowledge lamp light stackable tier-0	0	800
918	1002683	Collection_Lamp_Candle_0004_index02	Lilac Hexagonal Lamp	lamp	furniture knowledge lamp light stackable tier-0	0	800
919	1004124	Itemgimmick_lamp_stand_candlestick_0001	Icy White Candlestick Lamp	lamp	furniture lamp light no-discard stackable tier-0	0	800
920	1004125	Itemgimmick_lamp_stand_candlestick_0001_index01	Twilight Candlestick Lamp	lamp	furniture lamp light no-discard stackable tier-0	0	800
921	1004126	Itemgimmick_lamp_stand_candlestick_0001_index02	Lilac Candlestick Lamp	lamp	furniture lamp light no-discard stackable tier-0	0	800
922	1003989	Item_gimmick_gemstone_hanger_top_chandelier_0103	Icy White Starcluster Light	lamp	furniture gimmick knowledge lamp light no-discard stackable tier-0	0	1750
923	1003990	Item_gimmick_gemstone_hanger_top_chandelier_0103_index01	Twilight Starcluster Light	lamp	furniture gimmick knowledge lamp light no-discard stackable tier-0	0	1750
924	1003991	Item_gimmick_gemstone_hanger_top_chandelier_0103_index02	Lilac Starcluster Light	lamp	furniture gimmick knowledge lamp light no-discard stackable tier-0	0	1750
925	1003992	Item_cd_lamp_hanger_legendanimal_0002	Twisted Nightmare Lamp	lamp	furniture gimmick housing-only lamp light stackable tier-0	0	5000
926	1002735	Legendary_Animal_PureWhite_Bion	Lamp of Crossed Dreams	lamp	furniture important lamp legendary legendary-animal light no-discard no-sell stackable tier-0	0	1
927	1002736	Legendary_Animal_White_Moose	Beckoning Forest	lamp	furniture important lamp legendary legendary-animal light no-discard no-sell stackable tier-0	0	1
928	1002738	Legendary_Animal_White_Stag	The Beholder	lamp	furniture important lamp legendary legendary-animal light no-discard no-sell stackable tier-0	0	1
929	1003823	Item_gimmick_resourcestorage_0001	Sturdy Gatherables Chest	storage	furniture gimmick housing-only important no-discard stackable storage tier-0	0	5000
930	1003824	Item_gimmick_collectionstorage_0001	Collectibles Chest	storage	furniture gimmick important no-discard no-sell stackable storage tier-0	0	1
931	1004109	Item_gimmick_basecamp_warehouse_box_0002	Private Storage	storage	furniture gimmick important no-discard no-sell stackable storage tier-0	0	1
932	1003825	Item_gimmick_foodstorage_0001	Kuku Cooler	storage	furniture gimmick important kuku-gear no-discard stackable storage tier-0	0	700
933	1003774	Item_gimmick_foodstorage_0002	Enhanced Kuku Cooler	storage	furniture gimmick important kuku-gear no-discard stackable storage tier-0	0	6000
934	1003976	Item_closet_01	Large Dark Timberton Wardrobe	furniture	furniture housing-only stackable tier-0	0	1500
935	1003977	Item_closet_01_index01	Large Bright Timberton Wardrobe	furniture	furniture housing-only stackable tier-0	0	1500
936	1003978	Item_cabinet_14	Large Timberton Wardrobe	furniture	furniture housing-only stackable tier-0	0	1200
937	1003979	Item_closet_02	Timberham Wardrobe	furniture	furniture housing-only stackable tier-0	0	1200
938	1003942	Item_gimmick_dff_luxuryfurniture_cabinet_01	Intricate Floral Vine Cabinet	furniture	furniture gimmick housing-only stackable tier-0	0	75
939	1003943	Item_gimmick_dff_luxuryfurniture_cabinet_02	Brave Warrior's Storage	furniture	furniture gimmick housing-only stackable tier-0	0	37
940	1003944	Item_gimmick_dff_luxuryfurniture_cabinet_0001	Whitesand Storage	furniture	furniture gimmick housing-only stackable tier-0	0	500
941	1003945	Item_cabinet_02	Dark Crest Triangular Cabinet	furniture	furniture housing-only stackable tier-0	0	225
942	1003946	Item_cabinet_02_index01	Bright Crest Triangular Cabinet	furniture	furniture housing-only stackable tier-0	0	225
943	1003947	Item_cabinet_03	Dark Crest Display Cabinet	furniture	furniture housing-only stackable tier-0	0	225
944	1003948	Item_cabinet_03_index01	Bright Crest Display Cabinet	furniture	furniture housing-only stackable tier-0	0	225
945	1003949	Item_cabinet_0003	Whitesand Display Cabinet	furniture	furniture housing-only stackable tier-0	0	725
946	1003950	Item_cabinet_05	Small Dark Timberton Cabinet	furniture	furniture housing-only stackable tier-0	0	37
947	1003951	Item_cabinet_05_index01	Small Bright Timberton Cabinet	furniture	furniture housing-only stackable tier-0	0	25
948	1003952	Item_cabinet_11	Small Dark Crest Cabinet	furniture	furniture housing-only stackable tier-0	0	75
949	1003953	Item_cabinet_11_index01	Small Bright Crest Cabinet	furniture	furniture housing-only stackable tier-0	0	75
950	1003954	Item_cabinet_0002	Small Whitesand Cabinet	furniture	furniture housing-only stackable tier-0	0	550
951	1003955	Item_cabinet_12	Full Bloom Cabinet	furniture	furniture housing-only stackable tier-0	0	37
952	1003956	Item_cabinet_15	Delesyian Metal Lock Cabinet	furniture	furniture housing-only stackable tier-0	0	75
953	1003957	Item_cabinet_19	Royal Gold Display Cabinet	furniture	furniture housing-only stackable tier-0	0	200
954	1003958	Item_cabinet_19_index01	Sacred Gold Display Cabinet	furniture	furniture housing-only stackable tier-0	0	200
955	1003959	Item_cabinet_0001	Whitesand Gold Display Cabinet	furniture	furniture housing-only stackable tier-0	0	650
956	1003960	Item_cabinet_23	Small Crest Drawer	furniture	furniture housing-only stackable tier-0	0	75
957	1003961	Item_dresser_01	Crest Drawer	furniture	furniture housing-only stackable tier-0	0	112
958	1003962	Item_dresser_01_index01	Timberton Drawer	furniture	furniture housing-only stackable tier-0	0	37
959	1003963	Item_dresser_0001	Whitesand Drawer	furniture	furniture housing-only stackable tier-0	0	600
960	1003964	Item_dresser_03	Dark Timberton Cabinet	furniture	furniture housing-only stackable tier-0	0	37
961	1003965	Item_dresser_03_index01	Bright Timberton Cabinet	furniture	furniture housing-only stackable tier-0	0	37
962	1003966	Item_dresser_04	Timberham Drawer	furniture	furniture housing-only stackable tier-0	0	37
963	1003967	Item_bookcase_02	Dark Timberton Bookshelf	furniture	furniture housing-only stackable tier-0	0	1300
964	1003968	Item_bookcase_02_index01	Bright Timberton Bookshelf	furniture	furniture housing-only stackable tier-0	0	1300
965	1003969	Item_bookcase_0001	Whitesand Bookshelf	furniture	furniture housing-only stackable tier-0	0	700
966	1003970	Item_dff_luxuryfurniture_bed_02	Crimson Bed	furniture	furniture housing-only stackable tier-0	0	1750
967	1003971	Item_dff_luxuryfurniture_bed_03	White Bed	furniture	furniture housing-only stackable tier-0	0	1750
968	1003972	Item_dff_luxuryfurniture_bed_04	Lord's Bed	furniture	furniture housing-only stackable tier-0	0	2500
969	1004050	Item_dff_luxuryfurniture_bed_0001	Whitesand Bed	furniture	furniture housing-only stackable tier-0	0	2500
970	1003973	Item_in_dff_bed_06	Dark Timberham Bed	furniture	furniture housing-only stackable tier-0	0	75
971	1003974	Item_in_dff_bed_06_dem	Bright Timberham Bed	furniture	furniture housing-only stackable tier-0	0	75
972	1003975	Item_dff_luxuryfurniture_bed_01	Cozy Bed	furniture	furniture housing-only stackable tier-0	0	1750
973	1003993	Item_Background_Breakable_Wood_280	Mechanical Clockwork Chair	furniture	furniture no-discard stackable tier-0	0	800
974	1003994	Item_gimmick_dff_luxuryfurniture_sofa_02	Luxury Gilded Sofa	furniture	furniture gimmick housing-only stackable tier-0	0	2500
975	1003995	Item_gimmick_dff_luxuryfurniture_stool_01	Luxurious Gilded Side Chair	furniture	furniture gimmick housing-only stackable tier-0	0	200
976	1003996	Item_gimmick_dff_luxuryfurniture_chair_02	Lion-Crested Chair	furniture	furniture gimmick housing-only stackable tier-0	0	75
977	1003997	Item_gimmick_dff_luxuryfurniture_chair_troll_03	Large Arched Chair	furniture	furniture gimmick housing-only stackable tier-0	0	200
978	1003998	Item_Background_Breakable_Wood_281	Antler Chair	furniture	furniture housing-only stackable tier-0	0	800
979	1004005	Item_gimmick_dff_luxuryfurniture_sofa_01	Luxurious Red Leather Sofa	furniture	furniture gimmick housing-only stackable tier-0	0	2500
980	1004006	Item_gimmick_dff_luxuryfurniture_chair_04	Gilded Red Fabric Chair	furniture	furniture gimmick housing-only stackable tier-0	0	1750
981	1004007	Item_gimmick_dff_luxuryfurniture_chair_03	Arched Chair	furniture	furniture gimmick housing-only stackable tier-0	0	37
982	1004008	Item_gimmick_dff_luxuryfurniture_chair_01	Decorative Spire Chair	furniture	furniture gimmick housing-only stackable tier-0	0	75
983	1004009	Item_Background_Breakable_Wood_285	Double-Patterned Chair	furniture	furniture housing-only stackable tier-0	0	37
984	1004010	Item_gimmick_in_dff_chair_0002	Double-Patterned Whitesand Chair	furniture	furniture gimmick housing-only stackable tier-0	0	675
985	1004011	Item_Background_Breakable_Wood_294	Crown-Adorned Chair	furniture	furniture housing-only stackable tier-0	0	200
986	1004012	Item_Background_Breakable_Wood_290	Blue Fabric Chair	furniture	furniture housing-only stackable tier-0	0	75
987	1004013	Item_Background_Breakable_Wood_293	Round-Legged Chair	furniture	furniture housing-only stackable tier-0	0	37
988	1004014	Item_Background_Breakable_Wood_295	Red Fabric Chair	furniture	furniture housing-only stackable tier-0	0	75
989	1004020	Item_gimmick_in_dff_set_chair_0001	Whitesand Fabric Chair	furniture	furniture gimmick housing-only stackable tier-0	0	450
990	1004021	Item_gimmick_in_dff_chair_0003	Whitesand Fabric Chair	furniture	furniture gimmick housing-only stackable tier-0	0	750
991	1002731	Legendary_Animal_PureWhite_Deer	Throne of the White Night	furniture	furniture important legendary legendary-animal no-discard no-sell stackable tier-0	0	1
992	1002732	Legendary_Animal_Vined_Deer	Aged Branch	furniture	furniture important legendary legendary-animal no-discard no-sell stackable tier-0	0	1
993	1004017	Item_Background_Breakable_Wood_323	Small Timberton Table	furniture	furniture housing-only stackable tier-0	0	375
994	1004018	Item_Background_Breakable_Wood_323_index01	Small Bright Timberton Table	furniture	furniture housing-only stackable tier-0	0	375
995	1004022	Item_gimmick_in_dff_stand_0001	Small Whitesand Table	furniture	furniture gimmick housing-only stackable tier-0	0	525
996	1004023	Item_Background_Breakable_Wood_297	Adorned Storage Chest	furniture	furniture housing-only stackable tier-0	0	37
997	1004024	Item_gimmick_dff_luxuryfurniture_table_01	Arched Corridor Table	furniture	furniture gimmick housing-only stackable tier-0	0	800
998	1004025	Item_gimmick_dff_luxuryfurniture_table_0001	Whitesand Arched Corridor Decorative Table	furniture	furniture gimmick housing-only stackable tier-0	0	600
999	1004026	Item_gimmick_dff_luxuryfurniture_table_02	Dark Lion Head Table	furniture	furniture gimmick housing-only stackable tier-0	0	800
1000	1004027	Item_Background_Breakable_Wood_302	Mirrored Wooden Dresser	furniture	furniture housing-only stackable tier-0	0	75
1001	1004028	Item_gimmick_in_dff_dressingtable_0001	Mirrored Whitesand Dresser	furniture	furniture gimmick housing-only stackable tier-0	0	625
1002	1004029	Item_Background_Breakable_Wood_303	Luxurious Gilded Table	furniture	furniture housing-only stackable tier-0	0	125
1003	1004030	Item_Background_Breakable_Wood_310	Round Red Fabric Table	furniture	furniture housing-only stackable tier-0	0	37
1004	1004031	Item_Background_Breakable_Wood_311	Large Round Red Fabric Table	furniture	furniture housing-only stackable tier-0	0	62
1005	1004032	Item_Background_Breakable_Wood_313	Side Table	furniture	furniture housing-only stackable tier-0	0	37
1006	1004033	Item_gimmick_in_dff_desk_0001	Whitesand Side Table	furniture	furniture gimmick housing-only stackable tier-0	0	525
1007	1004034	Item_Background_Breakable_Wood_257	Dark Pillared Side Table	furniture	furniture housing-only stackable tier-0	0	75
1008	1004035	Item_Background_Breakable_Wood_320	Timber Nightstand	furniture	furniture housing-only stackable tier-0	0	75
1009	1004036	Item_gimmick_in_dff_table_0002	Large Whitesand Fabric Table	furniture	furniture gimmick housing-only stackable tier-0	0	450
1010	1004037	Item_gimmick_in_dpf_stool_0001	Arched Whitesand Table	furniture	furniture gimmick housing-only stackable tier-0	0	400
1011	1004038	Item_Background_Breakable_Wood_230	Large Bright Table	furniture	furniture housing-only stackable tier-0	0	475
1012	1004039	Item_Background_Breakable_Wood_308	Luxurious Whitesand Table	furniture	furniture housing-only stackable tier-0	0	900
1013	1004040	Item_Background_Breakable_Wood_304	Bright Pillared Side Table	furniture	furniture housing-only stackable tier-0	0	550
1014	1004041	Item_Background_Breakable_Wood_309	Bright Lion Head Table	furniture	furniture housing-only stackable tier-0	0	625
1015	1004042	Item_Background_Breakable_Wood_363	Round Table	furniture	furniture housing-only stackable tier-0	0	25
1016	1005539	Item_Background_Breakable_Wood_11	Table	furniture	furniture housing-only stackable tier-0	0	1
1017	1005540	Item_Background_Breakable_Wood_10	Table	furniture	furniture housing-only stackable tier-0	0	1
1018	1004560	Item_gimmick_tool_blacksmithstone	Grindstone	cooking-facility	cooking-facility furniture gimmick knowledge no-discard stackable storage tier-0	0	5000
1019	1004595	Item_gimmick_craft_anvil_01	Anvil	cooking-facility	cooking-facility furniture gimmick knowledge no-discard stackable storage tier-0	0	4000
1020	1004596	Item_gimmick_craft_cook_campfire_04	Field Pot	cooking-facility	cooking-facility furniture gimmick knowledge no-discard stackable storage tier-0	0	1600
1021	1004597	Item_gimmick_craft_cook_campfire_05	Bonfire	cooking-facility	cooking-facility furniture gimmick knowledge no-discard stackable storage tier-0	0	500
1022	1004598	Item_gimmick_well_0001	Wooden Roof Well	cooking-facility	cooking-facility furniture gimmick knowledge no-discard storage tier-0	0	10000
1023	1004599	Item_gimmick_well_0001_index01	Red Wooden Roof Well	cooking-facility	cooking-facility furniture gimmick knowledge no-discard storage tier-0	0	12000
1024	1004600	Item_gimmick_well_0002	Brick Roof Well	cooking-facility	cooking-facility furniture gimmick knowledge no-discard storage tier-0	0	12000
1025	1004601	Item_gimmick_well_0003	Thatched Roof Well	cooking-facility	cooking-facility furniture gimmick knowledge no-discard storage tier-0	0	8000
1026	1004602	Item_gimmick_well_0004	Well	cooking-facility	cooking-facility furniture gimmick knowledge no-discard storage tier-0	0	6000
1027	1004603	Item_gimmick_well_0004_index01	Redsand Well	cooking-facility	cooking-facility furniture gimmick knowledge no-discard storage tier-0	0	7000
1028	1004588	Item_drinkingfountain_01	Brookfield Fountain	cooking-facility	cooking-facility furniture knowledge no-discard storage tier-0	0	25000
1029	1004589	Item_dpf_fountain_01	Lion Head Fountain	cooking-facility	cooking-facility furniture knowledge no-discard storage tier-0	0	25000
1030	1004590	Item_dpf_fountain_09	Leaf Fountain	cooking-facility	cooking-facility furniture knowledge no-discard storage tier-0	0	100000
1031	1004591	Item_dpf_fountain_02	Stone Pagoda Fountain	cooking-facility	cooking-facility furniture knowledge no-discard storage tier-0	0	50000
1032	1004592	Item_dpf_fountain_02_desert	Redsand Stone Pagoda Fountain	cooking-facility	cooking-facility furniture knowledge no-discard storage tier-0	0	55000
1033	1004593	Item_dpf_fountain_06	Silent Gazer Fountain	cooking-facility	cooking-facility furniture knowledge no-discard storage tier-0	0	30000
1034	1004771	Item_fountain_statue_01	Sculpted Fish Fountain	cooking-facility	cooking-facility furniture knowledge no-discard storage tier-0	0	70000
1035	1004582	Item_lamp_streetlamp_03	Wooden Streetlight	light	furniture knowledge light no-discard tier-0	0	1200
1036	1004583	Item_lamp_streetlamp_03_index01	Red Wooden Streetlight	light	furniture knowledge light no-discard tier-0	0	1200
1037	1004584	Item_lamp_streetlamp_03_index02	Bright Wooden Streetlight	light	furniture knowledge light no-discard tier-0	0	1200
1038	1004585	Item_gimmick_lamp_streetlamp_0001	Cold Streetlight	light	furniture gimmick knowledge light no-discard tier-0	0	1200
1039	1004586	Item_gimmick_lamp_streetlamp_0001_index01	Warm Streetlight	light	furniture gimmick knowledge light no-discard tier-0	0	1200
1040	1004587	Item_gimmick_lamp_streetlamp_0001_index02	Soft Streetlight	light	furniture gimmick knowledge light no-discard tier-0	0	1200
1041	1004623	Item_lamp_firepot_01_on	Tripod Brazier	light	furniture knowledge light no-discard stackable tier-0	0	600
1042	1004624	Item_lamp_firepot_03_on	Tall Quad-Base Brazier	light	furniture knowledge light no-discard stackable tier-0	0	800
1043	1004625	Item_lamp_firepot_04_on	Short Quad-Base Brazier	light	furniture knowledge light no-discard stackable tier-0	0	600
1044	1004626	Item_lamp_firepot_05_on	Wind-Guarded Quad-Base Brazier	light	furniture knowledge light no-discard stackable tier-0	0	600
1045	1004627	Item_lamp_firepot_06_on	Hexagonal Brazier	light	furniture knowledge light no-discard stackable tier-0	0	800
1046	1004628	Item_lamp_brazier_02_on	Quad-Base Crown of Thorns Brazier	light	furniture knowledge light no-discard stackable tier-0	0	600
1047	1004629	Item_lamp_standtorch_01_on	Tripod Guide Torch	light	furniture knowledge light no-discard stackable tier-0	0	600
1048	1004630	Item_lamp_standtorch_02_on	Tripod Guardian Torch	light	furniture knowledge light no-discard stackable tier-0	0	600
1049	1004537	Item_Collection_Prop_Automata_0001	Clanging Little Knight	ornament	decoration furniture knowledge no-discard ornament stackable tier-0	0	12000
1050	1004538	Item_Collection_Prop_Automata_0002	Clanging Red Jester	ornament	decoration furniture knowledge no-discard ornament stackable tier-0	0	15000
1051	1004539	Item_Collection_Prop_Automata_0003	Clanging King	ornament	decoration furniture knowledge no-discard ornament stackable tier-0	0	20000
1052	1004540	Item_Collection_Prop_Automata_0004	VZ-O and Z-One	ornament	decoration furniture knowledge no-discard ornament stackable tier-0	0	30000
1053	1004581	Item_gimmick_jukebox_0001	Faust's Music Box	ornament	decoration furniture gimmick no-discard ornament tier-0	0	50000
1054	1004577	Item_hanger_streetlamp_flowerpot_01	Wooden Gerbera Hanging Planter	flower-pot	decoration flower-pot furniture knowledge no-discard tier-0	0	3000
1055	1004578	Item_hanger_streetlamp_flowerpot_02	Wooden Violet Hanging Planter	flower-pot	decoration flower-pot furniture knowledge no-discard tier-0	0	3000
1056	1004579	Item_hanger_streetlamp_flowerpot_03	Wooden Purple Gerbera Hanging Planter	flower-pot	decoration flower-pot furniture knowledge no-discard tier-0	0	3000
1057	1004580	Item_hanger_streetlamp_flowerpot_04	Redtree Violet Hanging Planter	flower-pot	decoration flower-pot furniture knowledge no-discard tier-0	0	3000
1058	1004565	Item_gimmick_tool_FlowerHanger_01	Wooden Pororin Hanging Planter	flower-pot	decoration flower-pot furniture gimmick knowledge no-discard tier-0	0	12000
1059	1004566	Item_gimmick_tool_FlowerHanger_02	Wooden Florindale Hanging Planter	flower-pot	decoration flower-pot furniture gimmick knowledge no-discard tier-0	0	8000
1060	1004567	Item_gimmick_sotdae_set_0001	Rope Sotdae	cooking-facility	cooking-facility furniture gimmick knowledge no-discard storage tier-0	0	2400
1061	1004568	Item_gimmick_sotdae_set_0002	Pheasant Sotdae	cooking-facility	cooking-facility furniture gimmick knowledge no-discard storage tier-0	0	1600
1062	1004569	Item_gimmick_sotdae_set_0003	Four-Way Sotdae	cooking-facility	cooking-facility furniture gimmick knowledge no-discard storage tier-0	0	1600
1063	1004570	Item_gimmick_sotdae_set_0004	Duck Sotdae	cooking-facility	cooking-facility furniture gimmick knowledge no-discard storage tier-0	0	2000
1064	1004571	Item_gimmick_sotdae_set_0005	Crow Sotdae	cooking-facility	cooking-facility furniture gimmick knowledge no-discard storage tier-0	0	2000
1065	1004572	Item_gimmick_sotdae_set_0006	Stone Duck Sotdae	cooking-facility	cooking-facility furniture gimmick knowledge no-discard storage tier-0	0	2400
1066	1004573	Item_gimmick_sotdae_set_0007	Red-Crowned Crane Sotdae	cooking-facility	cooking-facility furniture gimmick knowledge no-discard storage tier-0	0	1600
1067	1004574	Item_gimmick_sotdae_set_0008	Stone Nest Sotdae	cooking-facility	cooking-facility furniture gimmick knowledge no-discard storage tier-0	0	2400
1068	1004575	Item_gimmick_sotdae_set_0009	Sotdae	cooking-facility	cooking-facility furniture gimmick knowledge no-discard storage tier-0	0	1600
1069	1004576	Item_gimmick_sotdae_set_0010	Twin-Branched Sotdae	cooking-facility	cooking-facility furniture gimmick knowledge no-discard storage tier-0	0	2000
1070	1004610	item_Collection_Prop_Luxury_0001_index01	Moonlit Frost Unicorn Statue	ornament	decoration furniture knowledge no-discard ornament stackable tier-0	0	
1071	1004611	item_Collection_Prop_Luxury_0002	Noonday Radiance Dolphin Statue	ornament	decoration furniture knowledge no-discard ornament stackable tier-0	0	
1072	1004612	item_Collection_Prop_Luxury_0002_index01	Dawnstill Dolphin Statue	ornament	decoration furniture knowledge no-discard ornament stackable tier-0	0	
1073	1004614	item_Collection_prop_Luxury_0003_index01	Faded Past Blue Whale Statue	ornament	decoration furniture knowledge no-discard ornament stackable tier-0	0	
1074	1004615	item_Collection_Prop_Luxury_0004	Kinetic Legendary Fisherman of Time	ornament	decoration furniture knowledge no-discard ornament stackable tier-0	0	
1075	1004620	item_Collection_Prop_Luxury_0008_index01	Chalice of Moondrop	ornament	decoration furniture knowledge no-discard ornament stackable tier-0	0	
1076	1004606	Item_catwheel_01	Pororin Cat Wheel	storage	furniture knowledge no-discard storage tier-0	0	50000
1077	1004607	Item_catwheel_02	Marni Cat Wheel	storage	furniture knowledge no-discard storage tier-0	0	100000
1078	1001335	Item_Rat	Rat	animal	animal knowledge mammal stackable tier-0	0	2
1079	1001338	Item_Muskrat	Muskrat	animal	animal knowledge mammal stackable tier-0	0	2
1080	1001411	Item_Possum	Opossum	animal	animal knowledge mammal stackable tier-0	0	2
1081	1001416	Item_Squirrel	Chipmunk	animal	animal knowledge mammal stackable tier-0	0	2
1082	1001431	Item_Snow_Chipmunk	Snowfield Chipmunk	animal	animal knowledge mammal stackable tier-0	0	2
1083	1001432	Item_Red_Squirrel	Red Squirrel	animal	animal knowledge mammal stackable tier-0	0	2
1084	1001434	Item_Flying_Squirrel	Flying Squirrel	animal	animal knowledge mammal stackable tier-0	0	2
1085	1001488	Item_Mole	Mole	animal	animal knowledge mammal stackable tier-0	0	2
1086	1001850	Item_Meerkat	Meerkat	animal	animal knowledge mammal no-sell stackable tier-0	0	1
1087	1001784	Item_Baby_Hedgehog	Baby Hedgehog	animal	animal knowledge mammal stackable tier-0	0	2
1088	1001865	Item_Giant_Salamander	Burrowing Salamander	amphibian	amphibian animal knowledge stackable tier-0	0	3
1089	1001866	Item_Salamander	Salamander	amphibian	amphibian animal knowledge stackable tier-0	0	3
1090	1001867	Item_Axolotl	Axolotl	amphibian	amphibian animal knowledge stackable tier-0	0	3
1091	1001868	Item_Goanna	Goanna	animal	animal knowledge reptile stackable tier-0	0	3
1092	1001869	Item_Iguana	Iguana	animal	animal knowledge reptile stackable tier-0	0	3
1093	1001298	Item_Chameleon	Chameleon	animal	animal knowledge reptile stackable tier-0	0	3
1094	1001870	Item_Hila_Lizard	Heloderma Lizard	animal	animal knowledge reptile stackable tier-0	0	3
1095	1001872	Item_Frilled_Lizard	Frilled-neck Lizard	animal	animal knowledge reptile stackable tier-0	0	3
1096	1001775	Item_BlueJay	Blue Jay	animal	animal bird knowledge no-sell stackable tier-0	0	1
1097	1001779	Item_Sparrow	Sparrow	animal	animal bird knowledge no-sell stackable tier-0	0	1
1098	1001780	Item_Oriole	Black-Naped Oriole	animal	animal bird knowledge no-sell stackable tier-0	0	1
1099	1001781	Item_Snowy_Plover	Kentish Plover	animal	animal bird knowledge no-sell stackable tier-0	0	1
1100	1001782	Item_Bunting_Bird	Meadow Bunting	animal	animal bird knowledge no-sell stackable tier-0	0	1
1101	1001851	Item_BlackTail_Flycatcher	Desert Wheatear	animal	animal bird knowledge no-sell stackable tier-0	0	1
1102	1001852	Item_Oxpecker	Yellow-Billed Oxpecker	animal	animal bird knowledge no-sell stackable tier-0	0	1
1103	1001855	Item_Wood_Pecker	Three-Toed Woodpecker	animal	animal bird knowledge no-sell stackable tier-0	0	1
1104	1001856	Item_WhiteWing_Flycatcher	White-winged Redstart	animal	animal bird knowledge no-sell stackable tier-0	0	1
1105	1002853	Item_Longtailedtit	Long-Tailed Tit	animal	animal bird knowledge no-sell stackable tier-0	0	1
1106	1001245	Item_dragonfly	Dragonfly	insect	alchemy-material dragonfly insect knowledge material reagent stackable tier-0	0	10
1107	1000583	Item_DiademSpider	Golden Silk Spider	insect	alchemy-material arachnid insect knowledge material reagent stackable tier-0	0	10
1108	1002082	Item_Silkworm_Moth	Silkworm Moth	insect	alchemy-material insect knowledge material moth reagent stackable tier-0	0	10
1109	1002083	Item_Luna_Moth	Wild Silkworm Moth	insect	alchemy-material insect knowledge material moth reagent stackable tier-0	0	10
1110	1000020	Item_Eastern_Tiger_Swallowtail	Swallowtail	insect	alchemy-material butterfly insect knowledge material reagent stackable tier-0	0	10
1111	1000025	Item_Ornythion_Swallowtail	Ornythion Swallowtail Butterfly	insect	alchemy-material butterfly insect knowledge material reagent stackable tier-0	0	10
1112	1000055	Item_Polydamas_Swallowtail	Polydamas Swallowtail Butterfly	insect	alchemy-material butterfly insect knowledge material reagent stackable tier-0	0	10
1113	1000056	Item_Zebra_Swallowtail	Zebra Swallowtail	insect	alchemy-material butterfly insect knowledge material reagent stackable tier-0	0	10
1114	1000694	Item_Zebra_Heliconian	Zebra Longwing Butterfly	insect	alchemy-material butterfly insect knowledge material reagent stackable tier-0	0	10
1115	1001933	Item_Kallima_Inachus	Orange Oakleaf Butterfly	insect	alchemy-material butterfly insect knowledge material reagent stackable tier-0	0	10
1116	1001919	Item_Common_Nawab	Nawab Butterfly	insect	alchemy-material butterfly insect knowledge material reagent stackable tier-0	0	10
1117	1001917	Item_Purple_Emperor	Purple Emperor Butterfly	insect	alchemy-material butterfly insect knowledge material reagent stackable tier-0	0	100
1118	1001929	Item_Colias_Nastes	Green Sulphur Butterfly	insect	alchemy-material butterfly insect knowledge material reagent stackable tier-0	0	10
1119	1001007	Item_Malachite	Malachite Butterfly	insect	alchemy-material butterfly insect knowledge material reagent stackable tier-0	0	10
1120	1001932	Item_Myscelia_Ethusa	Bluewing Butterfly	insect	alchemy-material butterfly insect knowledge material reagent stackable tier-0	0	10
1121	1000223	Item_Blue_Copper	Blue Lycaenid Butterfly	insect	alchemy-material butterfly insect knowledge material reagent stackable tier-0	0	10
1122	1000227	Item_Eastern_Tailed_Blue	Blue Tailed Butterfly	insect	alchemy-material butterfly insect knowledge material reagent stackable tier-0	0	10
1123	1000254	Item_Theona_Checkerspot	Theona Checkerspot Butterfly	insect	alchemy-material butterfly insect knowledge material reagent stackable tier-0	0	10
1124	1000561	Item_Little_Metalmark	Little Metalmark Butterfly	insect	alchemy-material butterfly insect knowledge material reagent stackable tier-0	0	10
1125	1001915	Item_Guava_Skipper	Guava Skipper Butterfly	insect	alchemy-material butterfly insect knowledge material reagent stackable tier-0	0	10
1126	1001918	Item_Blue_Pansy_Butterfly	Southern Blue Peacock Butterfly	insect	alchemy-material butterfly insect knowledge material reagent stackable tier-0	0	10
1127	1000147	Item_Great_Purple_Hairstreak	Great Purple Hairstreak Butterfly	insect	alchemy-material butterfly insect knowledge material reagent stackable tier-0	0	10
1128	1000035	Item_Spicebush_Swallowtail	Spicebush Swallowtail Butterfly	insect	alchemy-material butterfly insect knowledge material reagent stackable tier-0	0	10
1129	1000042	Item_Pipevine_Swallowtail	Pipevine Swallowtail Butterfly	insect	alchemy-material butterfly insect knowledge material reagent stackable tier-0	0	10
1130	1001292	Item_Firefly	Firefly	insect	alchemy-material insect knowledge material reagent stackable tier-0	0	30
1131	1000680	Item_GrassHopper	Grasshopper	insect	alchemy-material insect knowledge material reagent stackable tier-0	0	30
1132	1001859	Item_Bee	Honeybee	insect	alchemy-material bee insect knowledge material reagent stackable tier-0	0	30
1133	1001860	Item_Hornet	Hornet	insect	alchemy-material bee insect knowledge material reagent stackable tier-0	0	30
1134	1001861	Item_Bumblebee	Bumblebee	insect	alchemy-material bee insect knowledge material reagent stackable tier-0	0	30
1135	1001006	Item_Banded_Peacock	Banded Peacock Butterfly	insect	alchemy-material butterfly insect knowledge material reagent stackable tier-0	0	30
1136	1001920	Item_Common_Green_Birdwing	Green Birdwing Butterfly	insect	alchemy-material butterfly insect knowledge material reagent stackable tier-0	0	30
1137	1001307	Item_JijeongLeaf_Insect	Palmar Beetle	insect	alchemy-material beetle insect knowledge material reagent stackable tier-0	0	100
1138	1001794	Item_WaterStrider	Water Strider	insect	alchemy-material insect knowledge material reagent stackable tier-0	0	10
1139	1001231	Item_House_Centipede	House Centipede	insect	alchemy-material centipede insect knowledge material reagent stackable tier-0	0	10
1140	1000145	Item_White_M_Hairstreak	White Streaked butterfly	insect	alchemy-material insect knowledge material reagent stackable tier-0	0	10
1141	1001930	Item_Hypaurotis_Crysalus	Violet Hairstreak Butterfly	insect	alchemy-material butterfly insect knowledge material reagent stackable tier-0	0	10
1142	1000222	Item_Lustrous_Copper	Red Lycaenid Butterfly	insect	alchemy-material butterfly insect knowledge material reagent stackable tier-0	0	10
1143	1001237	Item_Butterfly	Meadow Butterfly	insect	alchemy-material butterfly insect knowledge material reagent stackable tier-0	0	10
1144	1000075	Item_Checkered_White	Checkered White Butterfly	insect	alchemy-material butterfly insect knowledge material reagent stackable tier-0	0	10
1145	1001238	Item_Gnat	Fruit Fly	insect	alchemy-material fly insect knowledge material reagent stackable tier-0	0	10
1146	1001323	Item_GnatWide	Medium Fly	insect	alchemy-material fly insect knowledge material reagent stackable tier-0	0	10
1147	1000226	Item_Grizzled_Skipper	Grizzled Skipper Butterfly	insect	alchemy-material butterfly insect knowledge material reagent stackable tier-0	0	10
1148	1001914	Item_Little_Wood_Satyr	Little Wood Satyr Butterfly	insect	alchemy-material butterfly insect knowledge material reagent stackable tier-0	0	10
1149	1001928	Item_Neophasia_Terlooii	White Butterfly	insect	alchemy-material butterfly insect knowledge material reagent stackable tier-0	0	10
1150	1001244	Item_Moth	Mountain Moth	insect	alchemy-material insect knowledge material moth reagent stackable tier-0	0	10
1151	1001005	Item_White_Peacock	White Peacock Butterfly	insect	alchemy-material butterfly insect knowledge material reagent stackable tier-0	0	30
1152	1001065	Item_Painted_Lady	Painted Lady Butterfly	insect	alchemy-material butterfly insect knowledge material reagent stackable tier-0	0	30
1153	1001921	Item_88_Butterfly	Eighty-eight Butterfly	insect	alchemy-material butterfly insect knowledge material reagent stackable tier-0	0	100
1154	1000079	Item_Orange_Barred_Sulphur	Orange-Barred Sulphur Butterfly	insect	alchemy-material butterfly insect knowledge material reagent stackable tier-0	0	10
1155	1000126	Item_Desert_Orange_tip	Scarlet Leafwing Butterfly	insect	alchemy-material butterfly insect knowledge material reagent stackable tier-0	0	10
1156	1001931	Item_Lycaena_Phlaeas	Spotted Lycaenid Butterfly	insect	alchemy-material butterfly insect knowledge material reagent stackable tier-0	0	10
1157	1001004	Item_Crimson_Patch	Crimson Patch Butterfly	insect	alchemy-material butterfly insect knowledge material reagent stackable tier-0	0	10
1158	1001882	Item_Red_Spotted_Purple	Red-spotted Purple Butterfly	insect	alchemy-material butterfly insect knowledge material reagent stackable tier-0	0	10
1159	1000883	Item_Regal_Fritillary	Regal Fritillary Butterfly	insect	alchemy-material butterfly insect knowledge material reagent stackable tier-0	0	10
1160	1001003	Item_Diana_Fritillary	Diana Fritillary Butterfly	insect	alchemy-material butterfly insect knowledge material reagent stackable tier-0	0	10
1161	1000172	Item_Common_Buckeye	Buckeye Butterfly	insect	alchemy-material butterfly insect knowledge material reagent stackable tier-0	0	10
1162	1000213	Item_Eastern_Comma	Yellow Comma Butterfly	insect	alchemy-material butterfly insect knowledge material reagent stackable tier-0	0	10
1163	1001008	Item_Rusty_Tipped_Page	Rusty Tipped Page Butterfly	insect	alchemy-material butterfly insect knowledge material reagent stackable tier-0	0	10
1164	1000119	Item_Sleepy_Orange	Sleepy Scarlet Butterfly	insect	alchemy-material butterfly insect knowledge material reagent stackable tier-0	0	30
1165	1001913	Item_Ruddy_Daggerwing	Ruddy Daggerwing Butterfly	insect	alchemy-material butterfly insect knowledge material reagent stackable tier-0	0	30
1166	1000185	Item_Milbert_Tortoiseshell	Flame-Bordered Butterfly	insect	alchemy-material butterfly insect knowledge material reagent stackable tier-0	0	30
1167	1000797	Item_Tiger_Mimic_Queen	Tiger Mimic Queen Butterfly	insect	alchemy-material butterfly insect knowledge material reagent stackable tier-0	0	30
1168	1001253	Item_Viceroy	Commander Butterfly	insect	alchemy-material butterfly insect knowledge material reagent stackable tier-0	0	30
1169	1001254	Item_Monarch	Monarch Butterfly	insect	alchemy-material butterfly insect knowledge material reagent stackable tier-0	0	100
1170	1001239	Item_Cockroach	Cockroach	insect	alchemy-material insect knowledge material reagent stackable tier-0	0	10
1171	1001198	Item_Camel_Cricket	Camel Cricket	insect	alchemy-material insect knowledge material reagent stackable tier-0	0	10
1172	1001243	Item_Sea_Siater	Wharf Roach	insect	alchemy-material crustacean insect knowledge material reagent stackable tier-0	0	10
1173	1002085	Item_Jewel_Beetle	Jewel Beetle	insect	alchemy-material beetle insect knowledge material reagent stackable tier-0	0	10
1174	1001741	Item_Snail	Snail	insect	alchemy-material insect knowledge material mollusc reagent stackable tier-0	0	10
1175	1000582	Item_BananaSpider	Yellow Garden Spider	insect	alchemy-material arachnid insect knowledge material reagent stackable tier-0	0	10
1176	1002095	Item_Beetle	Beetle	insect	alchemy-material beetle insect knowledge material reagent stackable tier-0	0	30
1177	1002081	Item_Stag_Beetle	Stag Beetle	insect	alchemy-material beetle insect knowledge material reagent stackable tier-0	0	30
1178	1002084	Item_Longhorn_Beetle	Longhorn Beetle	insect	alchemy-material beetle insect knowledge material reagent stackable tier-0	0	30
1179	1001421	Item_Rhinoceros_Beetle	Rhinoceros Beetle	insect	alchemy-material beetle insect knowledge material reagent stackable tier-0	0	100
1180	1001134	scorpion	Scorpion	insect	alchemy-material arachnid insect knowledge material reagent stackable tier-0	0	30
1181	1001312	Spider	Spider	insect	alchemy-material arachnid insect knowledge material reagent stackable tier-0	0	30
1182	1001135	centipede	Centipede	insect	alchemy-material centipede insect knowledge material reagent stackable tier-0	0	30
1183	1001233	Item_Black_Centipede	Black Centipede	insect	alchemy-material centipede insect knowledge material reagent stackable tier-0	0	30
1184	1001154	frog	Poison Frog	amphibian	alchemy-material amphibian knowledge material reagent stackable tier-0	0	30
1185	1001155	greenfrog	Tree Frog	amphibian	alchemy-material amphibian knowledge material reagent stackable tier-0	0	30
1186	1001156	toad	Toad	amphibian	alchemy-material amphibian knowledge material reagent stackable tier-0	0	30
1187	1001157	burrowingtoad	Burrowing Toad	amphibian	alchemy-material amphibian knowledge material reagent stackable tier-0	0	30
1188	751103	Rosemary	Rosemary	herb	alchemy-material herb knowledge material reagent restores-mp stackable tier-0	0	8
1189	751107	Lavender	Lavender	herb	alchemy-material herb knowledge material reagent restores-mp stackable tier-0	0	8
1190	751106	Rosemary_yellow	Yellow Rosemary	herb	alchemy-material herb knowledge material reagent restores-mp stackable tier-0	0	8
1191	751110	Lavender_yellow	Yellow Lavender	herb	alchemy-material herb knowledge material reagent restores-mp stackable tier-0	0	8
1192	757012	Cotton	Cotton	herb	alchemy-material herb knowledge material reagent restores-stamina stackable tier-0	0	8
1193	757013	Dendrobium_Flower	Dendrobium Orchid	herb	alchemy-material herb knowledge material reagent restores-stamina stackable tier-0	0	8
1194	756804	WhiteHair_Root	Satintail Root	herb	alchemy-material herb knowledge material reagent restores-stamina stackable tier-0	0	8
1195	751105	Rosemary_white	White Rosemary	herb	alchemy-material herb knowledge material reagent restores-stamina stackable tier-0	0	8
1196	751109	Lavender_white	White Lavender	herb	alchemy-material herb knowledge material reagent restores-stamina stackable tier-0	0	8
1197	756802	ThiefWand_Flower	Shrubby Sophora	herb	alchemy-material herb knowledge material reagent stackable tier-0	0	8
1198	757006	Peony	Peony	herb	alchemy-material herb knowledge material reagent stackable tier-0	0	8
1199	751104	Rosemary_pink	Pink Rosemary	herb	alchemy-material herb knowledge material reagent stackable tier-0	0	8
1200	757007	Begonia	Begonia	herb	alchemy-material herb knowledge material reagent stackable tier-0	0	8
1201	757011	FoxBean_Flower	Dunbaria	herb	alchemy-material herb knowledge material reagent stackable tier-0	0	8
1202	757002	Marigold	Marigold	herb	alchemy-material herb knowledge material reagent stackable tier-0	0	8
1203	756803	Haasam	False Starwort	herb	alchemy-material herb knowledge material reagent stackable tier-0	0	8
1204	757004	SnapDragon	Snapdragon	herb	alchemy-material herb knowledge material reagent stackable tier-0	0	8
1205	751108	Lavender_blue	Blue Lavender	herb	alchemy-material herb knowledge material reagent stackable tier-0	0	8
1206	1000663	Short_Horn	Short Horn	herb	alchemy-material herb knowledge material reagent restores-stamina stackable tier-0	0	30
1207	1000142	Possesion_Insam	Ginseng	herb	alchemy-material herb knowledge material reagent restores-mp stackable tier-0	0	150
1208	1000579	Bear_Bile	Bear's Gallbladder	herb	alchemy-material herb knowledge material reagent restores-hp stackable tier-0	0	155
1209	756518	Deer_Antler	Long Horn	herb	alchemy-material herb knowledge material reagent restores-stamina stackable tier-0	0	96
1210	751122	Croton	Croton	herb	alchemy-material herb knowledge material reagent stackable tier-0	0	12
1211	757010	Bell_Flower	Lily of the Valley	herb	alchemy-material herb knowledge material reagent stackable tier-0	0	12
1212	757009	Pansy	Pansy	herb	alchemy-material herb knowledge material reagent stackable tier-0	0	12
1213	1001705	Oleander	Rosebay	herb	alchemy-material herb knowledge material reagent stackable tier-0	0	36
1214	756901	Chickadee	False Hellebore	herb	alchemy-material herb knowledge material reagent stackable tier-0	0	36
1215	754004	Spider_Poison	Poison	crafting-material	crafting-material material stackable tier-0	0	36
1216	754062	Acid_Spider_Poison	Acid Spider Venom	crafting-material	crafting-material material stackable tier-0	0	36
1217	751123	Croton_Red	Red Croton	herb	alchemy-material herb knowledge material reagent stackable tier-0	0	36
1218	777001	Gold_Apple	Golden Apple	alchemy-material	alchemy-material knowledge material stackable tier-0 wild	0	30000
1219	1001252	GoldenGoose_Egg	Golden Goose Egg	alchemy-material	alchemy-material material stackable tier-0 wild	0	30000
1220	22009	HolyWater	Holy Water	drink	catalyst consumable drink food knowledge reagent stackable tier-0	0	300
1221	1000476	High_HolyWater	Solumen's Holy Water	drink	catalyst consumable drink food knowledge reagent stackable tier-0	0	2000
1222	756701	Umbrella_Mushroom	Grisette Mushroom	herb	alchemy-material herb material mushroom poisonous stackable tier-0	0	120
1223	756703	RedDeerHorn_Mushroom	Poison Fire Coral Mushroom	herb	alchemy-material herb material mushroom poisonous stackable tier-0	0	120
1224	1000689	Stone_Quarry	Stone	stone	catalyst crafting-material knowledge material reagent stackable stone tier-0	0	10
1225	1000555	Fine_Stone	Fine Stone	stone	catalyst crafting-material knowledge material reagent stackable stone tier-0	0	25
1226	1000610	Premium_Stone	Flawless Stone	stone	catalyst crafting-material knowledge material reagent stackable stone tier-0	0	75
1227	1000541	Item_Rare_Collect_Stalactites	Stalactite	stone	catalyst crafting-material knowledge material reagent stackable stone tier-0	0	150
1228	720001	IronStone	Iron Ore	ore	catalyst crafting-material knowledge material ore reagent stackable tier-0	0	18
1229	720004	CopperOre	Copper Ore	ore	catalyst crafting-material knowledge material ore reagent stackable tier-0	0	45
1230	720002	SilverOre	Silver Ore	ore	catalyst crafting-material knowledge material ore reagent stackable tier-0	0	135
1231	721505	RedStone	Bloodstone	ore	catalyst crafting-material knowledge material ore reagent stackable tier-0	0	135
1232	720003	GoldOre	Gold Ore	ore	catalyst crafting-material knowledge material ore reagent stackable tier-0	0	270
1233	721506	WhiteStone	Scolecite Ore	ore	catalyst crafting-material knowledge material ore reagent stackable tier-0	0	270
1234	720010	BismuthOre	Bismuth Ore	ore	catalyst crafting-material knowledge material ore reagent stackable tier-0	0	270
1235	1000538	Item_Rare_Collect_SulfurStone	Brimstone	ore	catalyst crafting-material knowledge material mineral ore reagent stackable tier-0	0	540
1236	1000543	Item_Rare_Collect_Mercury	Mercury	ore	catalyst crafting-material knowledge material mineral ore reagent stackable tier-0	0	540
1237	1000544	Item_Rare_Collect_Rubber	Rubber	crafting-material	catalyst crafting-material knowledge material rare-gather reagent stackable tier-0	0	540
1238	1002870	Item_Rare_Collect_Platinum	Platinum	ore	crafting-material knowledge material ore stackable tier-0	0	100000
1239	721501	Ruby	Garnet	jewel	catalyst crafting-material jewel knowledge material reagent stackable tier-0	0	250
1240	721503	BlueStone	Azurite	jewel	catalyst crafting-material jewel knowledge material reagent stackable tier-0	0	250
1241	721502	GreenStone	Epidote	jewel	catalyst crafting-material jewel knowledge material reagent stackable tier-0	0	250
1242	721504	Diamond	Diamond	jewel	catalyst crafting-material jewel knowledge material reagent stackable tier-0	0	600
1243	710001	Wood	Timber	wood	catalyst crafting-material knowledge material reagent stackable tier-0 wood	0	10
1244	1000081	Fine_Wood	Fine Timber	wood	catalyst crafting-material knowledge material reagent stackable tier-0 wood	0	25
1245	1000489	Premium_Wood	Flawless Timber	wood	catalyst crafting-material knowledge material reagent stackable tier-0 wood	0	75
1246	1004459	Wood_Branch_Usable	Rough Tree Branch	wood	crafting-material material stackable tier-0 wood	0	2
1247	1004461	Bamboo_Branch_Usable	Rough Bamboo Stalk	wood	crafting-material material stackable tier-0 wood	0	2
1248	1004460	Wood_Branch_Hard_Usable	Rough and Sturdy Tree Branch	wood	crafting-material material stackable tier-0 wood	0	2
1249	1004462	Bamboo_Branch_Hard_Usable	Rough and Sturdy Bamboo Stalk	wood	crafting-material material stackable tier-0 wood	0	2
1250	1004463	Wood_Branch_WildSpirit	Divine Tree Branch	wood	crafting-material knowledge material stackable tier-0 wood	0	108
1251	740001	Leather	Thin Hide	hide	catalyst crafting-material hide knowledge material reagent stackable tier-0	0	8
1252	740002	Deer_Leather	Short Hair Hide	hide	catalyst crafting-material hide knowledge material reagent stackable tier-0	0	8
1253	740004	Bear_Leather	Thick Hide	hide	catalyst crafting-material hide knowledge material reagent stackable tier-0	0	20
1254	740003	Wolf_Leather	Long Hair Hide	hide	catalyst crafting-material hide knowledge material reagent stackable tier-0	0	60
1255	740005	Crocodile_Skin	Sturdy Hide	hide	catalyst crafting-material hide knowledge material reagent stackable tier-0	0	60
1256	754006	Spider_Web	Spider Web	fabric	catalyst crafting-material fabric knowledge material reagent stackable tier-0	0	8
1257	700001	Clout	Cloth Piece	fabric	catalyst crafting-material fabric knowledge material reagent stackable tier-0	0	8
1258	1001117	Wool	Fleece	fabric	catalyst crafting-material fabric knowledge material reagent stackable tier-0	0	20
1259	1000659	Feather	Feather	fabric	catalyst crafting-material fabric knowledge material reagent stackable tier-0	0	8
1260	1000265	Harpy_Feather	Harpy Feather	fabric	catalyst crafting-material fabric knowledge material reagent stackable tier-0	0	60
1261	795009	Animal_Bone	Small Bone	bone	bone catalyst crafting-material knowledge material reagent stackable tier-0	0	8
1262	1000853	Fang	Fang	bone	bone catalyst crafting-material knowledge material reagent stackable tier-0	0	20
1263	1000660	Large_Bone	Large Bone	bone	bone catalyst crafting-material knowledge material reagent stackable tier-0	0	60
1264	1000662	Ivory	Ivory	bone	bone catalyst crafting-material knowledge material reagent stackable tier-0	0	120
1265	30010	Gun_Powder	Gunpowder	crafting-material	crafting-material knowledge material stackable tier-0	0	5
1266	790002	Empty_Bottle	Empty Bottle	crafting-material	crafting-material knowledge material stackable tier-0	0	2
1267	752021	High_Meat	Tough Meat	meat	ingredient knowledge material meat restores-hp stackable tier-0	0	10
1268	1000963	Meat_I	Lean Meat	meat	ingredient knowledge material meat restores-hp stackable tier-0	0	15
1269	1000964	Meat_II	Fine Meat	meat	ingredient knowledge material meat restores-hp stackable tier-0	0	15
1270	1000965	Meat_III	Tender Meat	meat	ingredient knowledge material meat restores-hp stackable tier-0	0	25
1271	1000966	Meat_IV	Marbled Meat	meat	ingredient knowledge material meat restores-hp stackable tier-0	0	25
1272	1000633	Bird_Meat	Lean Bird Meat	meat	ingredient knowledge material meat restores-hp stackable tier-0	0	15
1273	1000717	Chicken_Meat	Bird Meat	meat	ingredient knowledge material meat restores-hp stackable tier-0	0	15
1274	1001569	Lentils	Lentils	grain	grain ingredient knowledge material restores-hp stackable tier-0	0	5
1275	1001706	peas	Peas	grain	grain ingredient knowledge material restores-hp stackable tier-0	0	5
1276	750004	Bean	Beans	grain	grain ingredient knowledge material restores-hp stackable tier-0	0	5
1277	1001670	Barley	Barley	grain	grain ingredient knowledge material restores-hp stackable tier-0	0	5
1278	750002	Wheat	Wheat	grain	grain ingredient knowledge material restores-hp stackable tier-0	0	5
1279	1000469	Buckwheat	Buckwheat	grain	grain ingredient knowledge material restores-hp stackable tier-0	0	5
1280	750019	Corn	Corn	grain	grain ingredient knowledge material mount-feed restores-hp stackable tier-0	0	5
1281	750018	Oats	Oats	grain	grain ingredient knowledge material mount-feed restores-hp stackable tier-0	0	5
1282	751128	Rasberry	Raspberry	fruit	fruit ingredient knowledge material restores-mp stackable tier-0	0	8
1283	1001672	Elderberry	Elderberry	fruit	fruit ingredient knowledge material restores-mp stackable tier-0	0	8
1284	751134	Blackberry	Blackberry	fruit	fruit ingredient knowledge material mount-feed restores-mp stackable tier-0	0	8
1285	751127	Blueberry	Blueberry	fruit	fruit ingredient knowledge material mount-feed restores-mp stackable tier-0	0	8
1286	1001673	Pomegranate	Pomegranate	fruit	fruit ingredient knowledge material restores-mp stackable tier-0	0	24
1287	1001674	Figs	Fig	fruit	fruit ingredient knowledge material restores-mp stackable tier-0	0	24
1288	750030	Peach	Peach	fruit	fruit ingredient knowledge material restores-mp stackable tier-0	0	24
1289	750035	Tomato	Tomato	fruit	fruit ingredient knowledge material restores-mp stackable tier-0	0	24
1290	750006	Apple	Apple	fruit	fruit ingredient knowledge material mount-feed restores-mp stackable tier-0	0	24
1291	1001671	Strawberry	Strawberry	fruit	fruit ingredient knowledge material mount-feed restores-mp stackable tier-0	0	24
1292	750008	Grape	Grape	fruit	fruit ingredient knowledge material mount-feed restores-mp stackable tier-0	0	24
1293	750025	Orange	Orange	fruit	fruit ingredient knowledge material mount-feed restores-mp stackable tier-0	0	24
1294	1001675	Pineapple	Pineapple	fruit	fruit ingredient knowledge material restores-mp stackable tier-0	0	72
1295	751118	Desert_Watermelon	Desert Melon	fruit	fruit ingredient knowledge material mount-feed restores-mp stackable tier-0	0	72
1296	1001676	Coffee	Coffee Cherry	fruit	fruit ingredient knowledge material restores-mp stackable tier-0	0	144
1297	1001677	Cacao	Cacao	fruit	fruit ingredient knowledge material restores-hp stackable tier-0	0	144
1298	750024	Onion	Onion	vegetable	ingredient knowledge material restores-mp stackable tier-0 vegetable	0	6
1299	751112	Ama	Flax	vegetable	ingredient knowledge material restores-mp stackable tier-0 vegetable	0	6
1300	1001566	Cucumber	Cucumber	vegetable	ingredient knowledge material restores-mp stackable tier-0 vegetable	0	6
1301	1001567	Navet	Turnip	vegetable	ingredient knowledge material restores-mp stackable tier-0 vegetable	0	6
1302	1001568	Redbeet	Beet	vegetable	ingredient knowledge material restores-mp stackable tier-0 vegetable	0	6
1303	751111	Garlic	Garlic	vegetable	ingredient knowledge material restores-mp stackable tier-0 vegetable	0	12
1304	751132	Potato	Potato	vegetable	ingredient knowledge material restores-mp stackable tier-0 vegetable	0	12
1305	751133	SweetPotato	Sweet Potato	vegetable	ingredient knowledge material restores-mp stackable tier-0 vegetable	0	12
1306	1000565	Pumpkin	Pumpkin	vegetable	ingredient knowledge material restores-mp stackable tier-0 vegetable	0	12
1307	1000564	Cabbage	Cabbage	vegetable	ingredient knowledge material restores-mp stackable tier-0 vegetable	0	12
1308	1001570	Parsley	Parsley	vegetable	ingredient knowledge material restores-mp stackable tier-0 vegetable	0	12
1309	750003	Carrot	Carrot	vegetable	ingredient knowledge material mount-feed restores-mp stackable tier-0 vegetable	0	12
1310	1001190	Victorialis	Wild Garlic	vegetable	ingredient knowledge material restores-mp stackable tier-0 vegetable	0	24
1311	1001187	Asparagus	Asparagus	vegetable	ingredient knowledge material restores-mp stackable tier-0 vegetable	0	24
1312	1001668	Fennel	Fennel	vegetable	ingredient knowledge material restores-mp stackable tier-0 vegetable	0	24
1313	1000518	Item_Rare_Collect_RazorClam	Razor Clam	seafood	ingredient knowledge material rare-gather seafood stackable tier-0	0	170
1314	1001892	Item_Chocolate	Chocolate	food	consumable food ingredient knowledge material rare-gather restores-hp stackable tier-0	0	96
1315	1000398	Item_Rare_Collect_Chaya	Chaya	vegetable	ingredient knowledge material rare-gather reagent restores-mp stackable tier-0 vegetable	0	130
1316	1000396	Item_Rare_Collect_Ensete	Enset	fruit	fruit ingredient knowledge material rare-gather reagent restores-mp stackable tier-0	0	130
1317	1002080	Item_Rare_Collect_chlorella	Green Algae	ingredient	algae ingredient knowledge material rare-gather reagent restores-mp stackable tier-0	0	150
1318	1001330	Item_Rare_Collect_jijeongta_leaf	Palmar Leaf	herb	herb ingredient knowledge material rare-gather reagent restores-mp stackable tier-0	0	400
1319	1000750	Item_Rare_Collect_Kudzu	Skyroot	vegetable	ingredient knowledge material rare-gather reagent restores-stamina stackable tier-0 vegetable	0	500
1320	1000642	Item_Rare_Collect_Dulse	Red Seaweed	vegetable	ingredient knowledge material rare-gather reagent restores-stamina seaweed stackable tier-0 vegetable	0	130
1321	1000400	Item_Rare_Collect_amaranth	Amaranth	grain	grain ingredient knowledge material rare-gather reagent stackable tier-0	0	120
1322	1000397	Item_Rare_Collect_opuntia	Prickly Pear	fruit	fruit ingredient knowledge material rare-gather reagent stackable tier-0	0	130
1323	1002090	Item_Rare_Collect_Taro	Taro	vegetable	ingredient knowledge material rare-gather reagent stackable tier-0 vegetable	0	90
1324	10033	Honey	Honey	honey	honey ingredient knowledge material restores-stamina stackable tier-0	0	20
1325	756512	HoneyComb	Beehive	honey	honey ingredient knowledge material restores-stamina stackable tier-0	0	40
1326	750041	Stone_Honey	Wild Rock Honey	honey	honey ingredient knowledge material restores-stamina stackable tier-0	0	120
1327	750040	Wild_Honey	Wild Honey	honey	honey ingredient knowledge material restores-stamina stackable tier-0	0	200
1328	751004	Ssari_Mushroom	Coral Mushroom	herb	alchemy-material herb knowledge material mushroom restores-stamina stackable tier-0	0	12
1329	756604	Pyogo_Mushroom	Oakwood Mushroom	herb	alchemy-material herb knowledge material restores-stamina stackable tier-0	0	20
1330	756601	Songyi_Mushroom	Pine Mushroom	herb	alchemy-material herb knowledge material restores-stamina stackable tier-0	0	28
1331	755015	Egg	Egg	ingredient	egg ingredient knowledge material restores-hp stackable tier-0	0	5
1332	21018	Milk	Milk	ingredient	dairy ingredient knowledge material restores-hp stackable tier-0	0	10
1333	750049	Cheese	Cheese	ingredient	dairy ingredient knowledge material restores-hp stackable tier-0	0	10
1334	750009	Acorn	Acorn	ingredient	ingredient knowledge material restores-hp stackable tier-0	0	5
1335	752001	Salt	Salt	cooking-basic	cooking-basic ingredient knowledge material restores-mp stackable tier-0	0	3
1336	752003	Sugar	Sugar	cooking-basic	cooking-basic ingredient knowledge material restores-mp stackable tier-0	0	3
1337	22008	Water	Water	cooking-basic	cooking-basic ingredient knowledge material restores-mp stackable tier-0	0	3
1338	752005	Cooking_Oil	Cooking Oil	cooking-basic	cooking-basic ingredient knowledge material stackable tier-0	0	3
1339	1001241	Food_Ricefish	Ricefish	fish	fish ingredient knowledge material restores-hp seafood stackable tier-0	0	45
1340	29801	Food_Blackbrow_Bleak	Small Blackbrow Bleak	fish	fish ingredient knowledge material restores-hp seafood stackable tier-0	0	45
1341	29802	Food_BaliOgluChub	Small Minnow	fish	fish ingredient knowledge material restores-hp seafood stackable tier-0	0	45
1342	29803	Food_Schneider	Small Spirlin	fish	fish ingredient knowledge material restores-hp seafood stackable tier-0	0	45
1343	29804	Food_Sammy	Small Gudgeon	fish	fish ingredient knowledge material restores-hp seafood stackable tier-0	0	45
1344	29805	Food_Beyaz	Small Rasbora	fish	fish ingredient knowledge material restores-hp seafood stackable tier-0	0	45
1345	29810	Food_Mudfish	Pond Loach	fish	fish ingredient knowledge material restores-hp seafood stackable tier-0	0	45
1346	29601	Food_Dover_Sole	Red Tonguesole	fish	fish ingredient knowledge material restores-hp seafood stackable tier-0	0	136
1347	29609	Food_Mackerel	Mackerel	fish	fish ingredient knowledge material restores-hp seafood stackable tier-0	0	127
1348	1002110	Food_Benjari	Threeline Grunt	fish	fish ingredient knowledge material restores-hp seafood stackable tier-0	0	136
1349	29809	Food_Tenchi	Tench	fish	fish ingredient knowledge material restores-hp seafood stackable tier-0	0	127
1350	29815	Food_Perch	Perch	fish	fish ingredient knowledge material restores-hp seafood stackable tier-0	0	127
1351	29816	Food_Bass_I	Bass	fish	fish ingredient knowledge material restores-hp seafood stackable tier-0	0	127
1352	29817	Food_Bass_II	Yellow Bass	fish	fish ingredient knowledge material restores-hp seafood stackable tier-0	0	136
1353	29818	Food_Ssogari	Leopard Perch	fish	fish ingredient knowledge material restores-hp seafood stackable tier-0	0	127
1354	29819	Food_Crucian_Carp	Crucian Carp	fish	fish ingredient knowledge material restores-hp seafood stackable tier-0	0	127
1355	29806	Food_Pikefish	Northern Pike	fish	fish ingredient knowledge material restores-hp seafood stackable tier-0	0	352
1356	29811	Food_Catfish	Catfish	fish	fish ingredient knowledge material restores-hp seafood stackable tier-0	0	328
1357	29808	Food_Carp	Carp	fish	fish ingredient knowledge material restores-hp seafood stackable tier-0	0	328
1358	29812	Food_Lenok	Lenok	fish	fish ingredient knowledge material restores-hp seafood stackable tier-0	0	328
1359	29813	Food_Burbot	Burbot	fish	fish ingredient knowledge material restores-hp seafood stackable tier-0	0	352
1360	29603	Food_Salmon	Salmon	fish	fish ingredient knowledge material restores-hp seafood stackable tier-0	0	328
1361	29605	Food_Sockeye_Salmon	Sockeye Salmon	fish	fish ingredient knowledge material restores-hp seafood stackable tier-0	0	352
1362	29807	Food_Trout	Trout	fish	fish ingredient knowledge material restores-hp seafood stackable tier-0	0	328
1363	29814	Food_Eel	Freshwater Eel	fish	fish ingredient knowledge material restores-hp seafood stackable tier-0	0	352
1364	29607	Food_Red_Snapper	Opaleye	fish	fish ingredient knowledge material restores-hp seafood stackable tier-0	0	352
1365	29602	Food_Red_Seabream	Red Seabream	fish	fish ingredient knowledge material restores-hp seafood stackable tier-0	0	544
1366	29606	Food_BlackSeaBream	Blackhead Seabream	fish	fish ingredient knowledge material restores-hp seafood stackable tier-0	0	352
1367	29608	Food_Rock_Bream	Barred Knifejaw	fish	fish ingredient knowledge material restores-hp seafood stackable tier-0	0	544
1368	29617	Food_Cuvier	Saw-Edged Perch	fish	fish ingredient knowledge material restores-hp seafood stackable tier-0	0	544
1369	29604	Food_Sturgeon	Sturgeon	fish	fish ingredient knowledge material restores-hp seafood stackable tier-0	0	1568
1370	29505	Food_GiantMudfish	Giant Pond Loach	fish	fish ingredient knowledge material restores-hp seafood stackable tier-0	0	544
1371	29504	Food_RedSnapper	Crimson Opaleye	fish	fish ingredient knowledge material restores-hp seafood stackable tier-0	0	352
1372	29511	Food_LightCrotch	Anglerfish	fish	fish ingredient knowledge material restores-hp seafood stackable tier-0	0	544
1373	29503	Food_GiantRedSeaBream	Giant Red Seabream	fish	fish ingredient knowledge material restores-hp seafood stackable tier-0	0	896
1374	29612	Food_Marlin	Striped Marlin	fish	fish ingredient knowledge material restores-hp seafood stackable tier-0	0	16800
1375	29513	Food_LightningEel	Electric Eel	fish	fish ingredient knowledge material restores-hp seafood stackable tier-0	0	9120
1376	29501	Food_SpatulaSturgeon	Paddlefish	fish	fish ingredient knowledge material restores-hp seafood stackable tier-0	0	19200
1377	29502	Food_SevenStarShark	Broadnose Sevengill Shark	fish	fish ingredient knowledge material restores-hp seafood stackable tier-0	0	19200
1378	29506	Food_Sailfish	Sailfish	fish	fish ingredient knowledge material restores-hp seafood stackable tier-0	0	16800
1379	29507	Food_GoldTenchi	Golden Tench	fish	fish ingredient knowledge legendary-fish material no-discard no-sell stackable tier-0	0	30000
1380	29509	Food_GoldCarp	Golden Carp	fish	fish ingredient knowledge legendary-fish material no-discard no-sell stackable tier-0	0	30000
1381	1001293	Food_Golden_Coelacanth	Golden Coelacanth	fish	fish ingredient knowledge legendary-fish material no-discard no-sell stackable tier-0	0	30000
1382	29508	Food_Coelacanth	Coelacanth	fish	fish ingredient knowledge legendary-fish material no-discard no-sell stackable tier-0	0	30000
1383	29820	Food_MechanicFish	Clockwork Fish	fish	fish ingredient knowledge legendary-fish material no-discard no-sell stackable tier-0	0	30000
1384	1001952	Food_HexeFish	Hexe Earthen Fish	fish	fish ingredient legendary-fish material stackable tier-0	0	30
1385	1000730	Food_Fish_Meat	Fish Fillet	seafood	ingredient knowledge material restores-hp seafood stackable tier-0	0	5
1386	1000431	Item_Rare_Collect_RazorClam_01	Freshwater Clam	seafood	clam ingredient knowledge material restores-hp seafood stackable tier-0	0	18
1387	1000875	Food_BlueCrab	Blue Crab	seafood	ingredient knowledge material restores-hp seafood shellfish stackable tier-0	0	18
1388	1001242	Food_river_Crab	Freshwater Crab	seafood	ingredient knowledge material restores-hp seafood shellfish stackable tier-0	0	18
1389	29821	Food_Crayfish	Crayfish	seafood	ingredient knowledge material restores-hp seafood shellfish stackable tier-0	0	18
1390	29616	Food_Squid	Squid	seafood	ingredient knowledge material restores-hp seafood stackable tier-0	0	25
1391	29615	Food_Starfish	Starfish	seafood	ingredient knowledge material restores-hp seafood stackable tier-0	0	10
1392	29613	Food_Seahorse	Seahorse	seafood	ingredient knowledge material restores-hp seafood stackable tier-0	0	10
1393	1000754	Food_Shrimp	Shrimp	seafood	ingredient knowledge material restores-hp seafood stackable tier-0	0	10
1394	1000669	Food_CookFailed	Mysterious Dish	food	consumable food restores-hp stackable tier-0	0	2
1395	1000709	Food_DrinkFailed	Mysterious Liquid	food	consumable food restores-hp stackable tier-0	0	2
1396	1001957	Food_Dried_Fish	Dried Fish	store-food	consumable food knowledge restores-hp stackable store-food tier-1	1	10
1397	1000974	Jerky_Pieces	Jerky	store-food	consumable food knowledge restores-hp stackable store-food tier-1	1	10
1398	21019	Jerky	Fine Jerky	store-food	consumable food knowledge restores-hp stackable store-food tier-2	2	16
1399	28901	Bread	Bread	store-food	consumable food knowledge restores-hp stackable store-food tier-1	1	6
1400	22007	Beer	Beer	store-food	consumable food knowledge restores-hp stackable store-food tier-1	1	10
1401	28917	Banana_Bread	Fruit Bread	store-food	consumable food knowledge restores-hp stackable store-food tier-5	5	100
1402	1002495	Item_BackPackChocolate	Cacao Snack	store-food	consumable food restores-hp stackable store-food tier-1	1	12
1403	1003503	Kimbap_XLarge	Hearty Battered Harvest Roll	food	consumable food restores-hp stackable tier-4	4	960
1404	1003504	Kimbap_Large	Satisfying Battered Harvest Roll	food	consumable food restores-hp stackable tier-4	4	640
1405	1003530	Meat_Fish_Vegetable_Egg_XLarge	Hearty Meatball Soup	food	consumable food restores-hp stackable tier-4	4	930
1406	1003533	Sinseollo_XLarge	Hearty Harvest Soup	food	consumable food restores-hp stackable tier-4	4	918
1407	1003485	Gungjung_Tteokbokki_XLarge	Hearty Pan-Fried Rice Cakes	food	consumable food restores-hp stackable tier-4	4	648
1408	1003515	Beef_Bone_Soup_XLarge	Hearty Meat Stew	food	consumable food restores-hp stackable tier-4	4	624
1409	1003518	BoiledPork_XLarge	Hearty Boiled Meat	food	consumable food restores-hp stackable tier-4	4	786
1410	1003488	Tteokgalbi_XLarge	Hearty Grilled Meat Patties	food	consumable food restores-hp stackable tier-4	4	576
1411	1003491	Jeonju_Bibimbap_XLarge	Hearty Mixed Harvest Bowl	food	consumable food restores-hp stackable tier-4	4	654
1412	1003512	Meat_Fish_Fruit_Sanjeok_XLarge	Hearty Assorted Meat and Fish Skewers	food	consumable food restores-hp stackable tier-4	4	630
1413	1003542	SamGyeTang_XLarge	Hearty Bird Soup	food	consumable food restores-hp stackable tier-4	4	606
1414	1003536	Fish_Stew_XLarge	Hearty Fish Stew	food	consumable food restores-hp stackable tier-4	4	450
1415	1003506	Meat_Fish_Grain_Sanjeok_XLarge	Hearty Grilled Meat Steak	food	consumable food restores-hp stackable tier-4	4	600
1416	1003509	Nureumjeok_XLarge	Hearty Mixed Skewers	food	consumable food restores-hp stackable tier-4	4	564
1417	1003437	Japchae_XLarge	Hearty Pan-Fried Vegetables	field-cooked	consumable field-cooked food restores-hp stackable tier-3	3	540
1418	1003539	Fish_Soup_XLarge	Hearty Mixed Stew	food	consumable food restores-hp stackable tier-4	4	516
1419	1003416	Vegetable_Fruit_Porridge_XLarge	Hearty Harvest Roll	field-cooked	consumable field-cooked food restores-hp stackable tier-3	3	480
1420	1003505	Kimbap_Medium	Filling Battered Harvest Roll	food	consumable food restores-hp stackable tier-4	4	480
1421	1003473	Pan_fried_Fish_Grain_Pancake_XLarge	Hearty Fishball Soup	field-cooked	consumable field-cooked food restores-hp stackable tier-3	3	312
1422	1003497	Fish_Bulgogi_XLarge	Hearty Pan-Fried Marinated Fish	food	consumable food restores-hp stackable tier-4	4	288
1423	1003500	Full_Course_of_Braised_Fish_XLarge	Hearty Assorted Braised Fish	food	consumable food restores-hp stackable tier-4	4	444
1424	1003531	Meat_Fish_Vegetable_Egg_Large	Satisfying Meatball Soup	food	consumable food restores-hp stackable tier-4	4	620
1425	1003534	Sinseollo_Large	Satisfying Harvest Soup	food	consumable food restores-hp stackable tier-4	4	612
1426	1003486	Gungjung_Tteokbokki_Large	Satisfying Pan-Fried Rice Cakes	food	consumable food restores-hp stackable tier-4	4	432
1427	1003516	Beef_Bone_Soup_Large	Satisfying Meat Stew	food	consumable food restores-hp stackable tier-4	4	416
1428	1003519	BoiledPork_Large	Satisfying Boiled Meat	food	consumable food restores-hp stackable tier-4	4	524
1429	1003489	Tteokgalbi_Large	Satisfying Grilled Meat Patties	food	consumable food restores-hp stackable tier-4	4	384
1430	1003492	Jeonju_Bibimbap_Large	Satisfying Mixed Harvest Bowl	food	consumable food restores-hp stackable tier-4	4	436
1431	1002065	Kimbap	Battered Harvest Roll	food	consumable food restores-hp stackable tier-4	4	320
1432	1003513	Meat_Fish_Fruit_Sanjeok_Large	Satisfying Assorted Meat and Fish Skewers	food	consumable food restores-hp stackable tier-4	4	420
1433	1003543	SamGyeTang_Large	Satisfying Bird Soup	food	consumable food restores-hp stackable tier-4	4	404
1434	1003537	Fish_Stew_Large	Satisfying Fish Stew	food	consumable food restores-hp stackable tier-4	4	300
1435	1003507	Meat_Fish_Grain_Sanjeok_Large	Satisfying Grilled Meat Steak	food	consumable food restores-hp stackable tier-4	4	400
1436	1003510	Nureumjeok_Large	Satisfying Mixed Skewers	food	consumable food restores-hp stackable tier-4	4	376
1437	1003482	DeerAntler_Soup_XLarge	Hearty Longhorn Soup	field-cooked	consumable field-cooked food restores-hp stackable tier-3	3	276
1438	1003527	Haemuljjim_XLarge	Hearty Steamed Seafood	food	consumable food restores-hp stackable tier-4	4	396
1439	1003438	Japchae_Large	Satisfying Pan-Fried Vegetables	field-cooked	consumable field-cooked food restores-hp stackable tier-3	3	360
1440	1003458	Pan_fried_Meat_Grain_Pancake_XLarge	Hearty Meat Soup	field-cooked	consumable field-cooked food restores-hp stackable tier-3	3	252
1441	1003521	Fish_Fruit_Porridge_XLarge	Hearty Steamed Fish	food	consumable food restores-hp stackable tier-4	4	360
1442	1003540	Fish_Soup_Large	Satisfying Mixed Stew	food	consumable food restores-hp stackable tier-4	4	344
1443	1003417	Vegetable_Fruit_Porridge_Large	Satisfying Harvest Roll	field-cooked	consumable field-cooked food restores-hp stackable tier-3	3	320
1444	1003428	Pan_fried_Meat_Fruit_Pancake_XLarge	Hearty Marinated Meat	field-cooked	consumable field-cooked food restores-hp stackable tier-3	3	336
1445	1003440	Braised_Meat_Fish_XLarge	Hearty Braised Meat and Fish	field-cooked	consumable field-cooked food restores-hp stackable tier-3	3	318
1446	1003476	Seafood_Soup_XLarge	Hearty Seafood Soup	field-cooked	consumable field-cooked food restores-hp stackable tier-3	3	294
1447	1003455	Pan_fried_Meat_Vegetable_Pancake_XLarge	Hearty Steamed Eggs	field-cooked	consumable field-cooked food restores-hp stackable tier-3	3	192
1448	1003461	Braised_Meat_Vegetable_XLarge	Hearty Braised Ribs	field-cooked	consumable field-cooked food restores-hp stackable tier-3	3	252
1449	1003467	Meat_Vegetable_Porridge_XLarge	Hearty Meat and Vegetable Porridge	field-cooked	consumable field-cooked food restores-hp stackable tier-3	3	246
1450	1003470	Meat_Fish_Porridge_XLarge	Hearty Meat and Fish Porridge	field-cooked	consumable field-cooked food restores-hp stackable tier-3	3	162
1451	1003474	Pan_fried_Fish_Grain_Pancake_Large	Satisfying Fishball Soup	field-cooked	consumable field-cooked food restores-hp stackable tier-3	3	208
1452	1003524	Pan_fried_Fish_Fruit_Pancake_XLarge	Hearty Seafood Stew	food	consumable food restores-hp stackable tier-4	4	228
1453	1003419	Meat_Fruit_Porridge_XLarge	Hearty Pan-Fried Marinated Meat	field-cooked	consumable field-cooked food restores-hp stackable tier-3	3	222
1454	1003443	Pan_fried_Fish_Vegetable_Pancake_XLarge	Hearty Battered Seafood	field-cooked	consumable field-cooked food restores-hp stackable tier-3	3	216
1455	1003449	Meat_Fish_Sanjeok_XLarge	Hearty Meat and Fish Skewers	field-cooked	consumable field-cooked food restores-hp stackable tier-3	3	210
1456	1003498	Fish_Bulgogi_Large	Satisfying Pan-Fried Marinated Fish	food	consumable food restores-hp stackable tier-4	4	192
1457	1003501	Full_Course_of_Braised_Fish_Large	Satisfying Assorted Braised Fish	food	consumable food restores-hp stackable tier-4	4	296
1458	1003452	Pan_fried_Vegetable_Grain_Pancake_XLarge	Hearty Grain Soup	field-cooked	consumable field-cooked food restores-hp stackable tier-3	3	204
1459	1003464	Fish_Porridge_XLarge	Hearty Fish Porridge	field-cooked	consumable field-cooked food restores-hp stackable tier-3	3	150
1460	1003479	Fish_Vegetable_Porridge_XLarge	Hearty Vegetable and Seafood Porridge	field-cooked	consumable field-cooked food restores-hp stackable tier-3	3	192
1461	1003532	Meat_Fish_Vegetable_Egg_Medium	Filling Meatball Soup	food	consumable food restores-hp stackable tier-4	4	465
1462	1003535	Sinseollo_Medium	Filling Harvest Soup	food	consumable food restores-hp stackable tier-4	4	459
1463	1003410	Pan_fried_Vegetable_Fruit_Pancake_XLarge	Hearty Vegetable Rice Cake	field-cooked	consumable field-cooked food restores-hp stackable tier-3	3	186
1464	1003413	Pan_fried_Fruit_Grain_Pancake_XLarge	Hearty Chewy Rice Cakes	field-cooked	consumable field-cooked food restores-hp stackable tier-3	3	180
1465	1003446	Pan_fried_Meat_Fish_Pancake_XLarge	Hearty Battered Meat and Fish	field-cooked	consumable field-cooked food restores-hp stackable tier-3	3	126
1466	1003487	Gungjung_Tteokbokki_Medium	Filling Pan-Fried Rice Cakes	food	consumable food restores-hp stackable tier-4	4	324
1467	1003517	Beef_Bone_Soup_Medium	Filling Meat Stew	food	consumable food restores-hp stackable tier-4	4	312
1468	1003520	BoiledPork_Medium	Filling Boiled Meat	food	consumable food restores-hp stackable tier-4	4	393
1469	1003490	Tteokgalbi_Medium	Filling Grilled Meat Patties	food	consumable food restores-hp stackable tier-4	4	288
1470	1003493	Jeonju_Bibimbap_Medium	Filling Mixed Harvest Bowl	food	consumable food restores-hp stackable tier-4	4	327
1471	1003494	Braised_Fish_Vegetable_XLarge	Hearty Braised Fish and Vegetables	food	consumable food restores-hp stackable tier-4	4	156
1472	1003514	Meat_Fish_Fruit_Sanjeok_Medium	Filling Assorted Meat and Fish Skewers	food	consumable food restores-hp stackable tier-4	4	315
1473	1003544	SamGyeTang_Medium	Filling Bird Soup	food	consumable food restores-hp stackable tier-4	4	303
1474	1003538	Fish_Stew_Medium	Filling Fish Stew	food	consumable food restores-hp stackable tier-4	4	225
1475	1003508	Meat_Fish_Grain_Sanjeok_Medium	Filling Grilled Meat Steak	food	consumable food restores-hp stackable tier-4	4	300
1476	1003511	Nureumjeok_Medium	Filling Mixed Skewers	food	consumable food restores-hp stackable tier-4	4	282
1477	1003483	DeerAntler_Soup_Large	Satisfying Longhorn Soup	field-cooked	consumable field-cooked food restores-hp stackable tier-3	3	184
1478	1003528	Haemuljjim_Large	Satisfying Steamed Seafood	food	consumable food restores-hp stackable tier-4	4	264
1479	1003439	Japchae_Medium	Filling Pan-Fried Vegetables	field-cooked	consumable field-cooked food restores-hp stackable tier-3	3	270
1480	1003459	Pan_fried_Meat_Grain_Pancake_Large	Satisfying Meat Soup	field-cooked	consumable field-cooked food restores-hp stackable tier-3	3	168
1481	1003522	Fish_Fruit_Porridge_Large	Satisfying Steamed Fish	food	consumable food restores-hp stackable tier-4	4	240
1482	1003541	Fish_Soup_Medium	Filling Mixed Stew	food	consumable food restores-hp stackable tier-4	4	258
1483	1003418	Vegetable_Fruit_Porridge_Medium	Filling Harvest Roll	field-cooked	consumable field-cooked food restores-hp stackable tier-3	3	240
1484	1003429	Pan_fried_Meat_Fruit_Pancake_Large	Satisfying Marinated Meat	field-cooked	consumable field-cooked food restores-hp stackable tier-3	3	224
1485	1003441	Braised_Meat_Fish_Large	Satisfying Braised Meat and Fish	field-cooked	consumable field-cooked food restores-hp stackable tier-3	3	212
1486	1003477	Seafood_Soup_Large	Satisfying Seafood Soup	field-cooked	consumable field-cooked food restores-hp stackable tier-3	3	196
1487	1003456	Pan_fried_Meat_Vegetable_Pancake_Large	Satisfying Steamed Eggs	field-cooked	consumable field-cooked food restores-hp stackable tier-3	3	128
1488	1003462	Braised_Meat_Vegetable_Large	Satisfying Braised Ribs	field-cooked	consumable field-cooked food restores-hp stackable tier-3	3	168
1489	1003468	Meat_Vegetable_Porridge_Large	Satisfying Meat and Vegetable Porridge	field-cooked	consumable field-cooked food restores-hp stackable tier-3	3	164
1490	1003471	Meat_Fish_Porridge_Large	Satisfying Meat and Fish Porridge	field-cooked	consumable field-cooked food restores-hp stackable tier-3	3	108
1491	1003475	Pan_fried_Fish_Grain_Pancake_Medium	Filling Fishball Soup	field-cooked	consumable field-cooked food restores-hp stackable tier-3	3	156
1492	1003525	Pan_fried_Fish_Fruit_Pancake_Large	Satisfying Seafood Stew	food	consumable food restores-hp stackable tier-4	4	152
1493	1002058	Meat_Fish_Vegetable_Egg	Meatball Soup	food	consumable food restores-hp stackable tier-4	4	310
1494	1002060	Sinseollo	Harvest Soup	food	consumable food restores-hp stackable tier-4	4	306
1495	1003420	Meat_Fruit_Porridge_Large	Satisfying Pan-Fried Marinated Meat	field-cooked	consumable field-cooked food restores-hp stackable tier-3	3	148
1496	1003444	Pan_fried_Fish_Vegetable_Pancake_Large	Satisfying Battered Seafood	field-cooked	consumable field-cooked food restores-hp stackable tier-3	3	144
1497	1003450	Meat_Fish_Sanjeok_Large	Satisfying Meat and Fish Skewers	field-cooked	consumable field-cooked food restores-hp stackable tier-3	3	140
1498	1002061	Gungjung_Tteokbokki	Pan-Fried Rice Cakes	food	consumable food restores-hp stackable tier-4	4	216
1499	1003499	Fish_Bulgogi_Medium	Filling Pan-Fried Marinated Fish	food	consumable food restores-hp stackable tier-4	4	144
1500	1003502	Full_Course_of_Braised_Fish_Medium	Filling Assorted Braised Fish	food	consumable food restores-hp stackable tier-4	4	222
1501	1003401	Meat_Porridge_XLarge	Hearty Clear Soup	field-cooked	consumable field-cooked food restores-hp stackable tier-2	2	90
1502	1003453	Pan_fried_Vegetable_Grain_Pancake_Large	Satisfying Grain Soup	field-cooked	consumable field-cooked food restores-hp stackable tier-3	3	136
1503	1003465	Fish_Porridge_Large	Satisfying Fish Porridge	field-cooked	consumable field-cooked food restores-hp stackable tier-3	3	100
1504	1003480	Fish_Vegetable_Porridge_Large	Satisfying Vegetable and Seafood Porridge	field-cooked	consumable field-cooked food restores-hp stackable tier-3	3	128
1505	1002062	Beef_Bone_Soup	Meat Stew	food	consumable food restores-hp stackable tier-4	4	208
1506	1000623	BoiledPork	Boiled Meat	food	consumable food restores-hp stackable tier-4	4	262
1507	1003411	Pan_fried_Vegetable_Fruit_Pancake_Large	Satisfying Vegetable Rice Cake	field-cooked	consumable field-cooked food restores-hp stackable tier-3	3	124
1508	1003414	Pan_fried_Fruit_Grain_Pancake_Large	Satisfying Chewy Rice Cakes	field-cooked	consumable field-cooked food restores-hp stackable tier-3	3	120
1509	1003447	Pan_fried_Meat_Fish_Pancake_Large	Satisfying Battered Meat and Fish	field-cooked	consumable field-cooked food restores-hp stackable tier-3	3	84
1510	1000015	Tteokgalbi	Grilled Meat Patties	food	consumable food restores-hp stackable tier-4	4	192
1511	1002064	Jeonju_Bibimbap	Mixed Harvest Bowl	food	consumable food restores-hp stackable tier-4	4	218
1512	1002056	Meat_Fish_Fruit_Sanjeok	Assorted Meat and Fish Skewers	food	consumable food restores-hp stackable tier-4	4	210
1513	25913	SamGyeTang	Bird Soup	food	consumable food restores-hp stackable tier-4	4	202
1514	1002068	Fish_Stew	Fish Stew	food	consumable food restores-hp stackable tier-4	4	150
1515	1003495	Braised_Fish_Vegetable_Large	Satisfying Braised Fish and Vegetables	food	consumable food restores-hp stackable tier-4	4	104
1516	1002057	Meat_Fish_Grain_Sanjeok	Grilled Meat Steak	food	consumable food restores-hp stackable tier-4	4	200
1517	1002059	Nureumjeok	Mixed Skewers	food	consumable food restores-hp stackable tier-4	4	188
1518	1003484	DeerAntler_Soup_Medium	Filling Longhorn Soup	field-cooked	consumable field-cooked food restores-hp stackable tier-3	3	138
1519	1003404	Vegetable_Porridge_XLarge	Hearty Vegetable Porridge	field-cooked	consumable field-cooked food restores-hp stackable tier-2	2	138
1520	1003407	Fruit_Porridge_XLarge	Hearty Fruit Punch	field-cooked	consumable field-cooked food restores-hp stackable tier-2	2	126
1521	1003529	Haemuljjim_Medium	Filling Steamed Seafood	food	consumable food restores-hp stackable tier-4	4	198
1522	1002070	Japchae	Pan-Fried Vegetables	field-cooked	consumable field-cooked food restores-hp stackable tier-3	3	180
1523	1003460	Pan_fried_Meat_Grain_Pancake_Medium	Filling Meat Soup	field-cooked	consumable field-cooked food restores-hp stackable tier-3	3	126
1524	1003523	Fish_Fruit_Porridge_Medium	Filling Steamed Fish	food	consumable food restores-hp stackable tier-4	4	180
1525	1002066	Fish_Soup	Mixed Stew	food	consumable food restores-hp stackable tier-4	4	172
1526	1002052	Vegetable_Fruit_Porridge	Harvest Roll	field-cooked	consumable field-cooked food restores-hp stackable tier-3	3	160
1527	1003430	Pan_fried_Meat_Fruit_Pancake_Medium	Filling Marinated Meat	field-cooked	consumable field-cooked food restores-hp stackable tier-3	3	168
1528	1003442	Braised_Meat_Fish_Medium	Filling Braised Meat and Fish	field-cooked	consumable field-cooked food restores-hp stackable tier-3	3	159
1529	1003478	Seafood_Soup_Medium	Filling Seafood Soup	field-cooked	consumable field-cooked food restores-hp stackable tier-3	3	147
1530	1003457	Pan_fried_Meat_Vegetable_Pancake_Medium	Filling Steamed Eggs	field-cooked	consumable field-cooked food restores-hp stackable tier-3	3	96
1531	1003463	Braised_Meat_Vegetable_Medium	Filling Braised Ribs	field-cooked	consumable field-cooked food restores-hp stackable tier-3	3	126
1532	1003469	Meat_Vegetable_Porridge_Medium	Filling Meat and Vegetable Porridge	field-cooked	consumable field-cooked food restores-hp stackable tier-3	3	123
1533	1003472	Meat_Fish_Porridge_Medium	Filling Meat and Fish Porridge	field-cooked	consumable field-cooked food restores-hp stackable tier-3	3	81
1534	1002051	Pan_fried_Fish_Grain_Pancake	Fishball Soup	field-cooked	consumable field-cooked food restores-hp stackable tier-3	3	104
1535	1003526	Pan_fried_Fish_Fruit_Pancake_Medium	Filling Seafood Stew	food	consumable food restores-hp stackable tier-4	4	114
1536	1003421	Meat_Fruit_Porridge_Medium	Filling Pan-Fried Marinated Meat	field-cooked	consumable field-cooked food restores-hp stackable tier-3	3	111
1537	1003445	Pan_fried_Fish_Vegetable_Pancake_Medium	Filling Battered Seafood	field-cooked	consumable field-cooked food restores-hp stackable tier-3	3	108
1538	1003451	Meat_Fish_Sanjeok_Medium	Filling Meat and Fish Skewers	field-cooked	consumable field-cooked food restores-hp stackable tier-3	3	105
1539	1002067	Fish_Bulgogi	Pan-Fried Marinated Fish	food	consumable food restores-hp stackable tier-4	4	96
1540	1002069	Full_Course_of_Braised_Fish	Assorted Braised Fish	food	consumable food restores-hp stackable tier-4	4	148
1541	1003402	Meat_Porridge_Large	Satisfying Clear Soup	field-cooked	consumable field-cooked food restores-hp stackable tier-2	2	60
1542	1003454	Pan_fried_Vegetable_Grain_Pancake_Medium	Filling Grain Soup	field-cooked	consumable field-cooked food restores-hp stackable tier-3	3	102
1543	1003466	Fish_Porridge_Medium	Filling Fish Porridge	field-cooked	consumable field-cooked food restores-hp stackable tier-3	3	75
1544	1003481	Fish_Vegetable_Porridge_Medium	Filling Vegetable and Seafood Porridge	field-cooked	consumable field-cooked food restores-hp stackable tier-3	3	96
1545	1003386	Pan_fried_Meat_Pancake_XLarge	Hearty Battered Meat	field-cooked	consumable field-cooked food restores-hp stackable tier-2	2	90
1546	1003412	Pan_fried_Vegetable_Fruit_Pancake_Medium	Filling Vegetable Rice Cake	field-cooked	consumable field-cooked food restores-hp stackable tier-3	3	93
1547	1003415	Pan_fried_Fruit_Grain_Pancake_Medium	Filling Chewy Rice Cakes	field-cooked	consumable field-cooked food restores-hp stackable tier-3	3	90
1548	1003448	Pan_fried_Meat_Fish_Pancake_Medium	Filling Battered Meat and Fish	field-cooked	consumable field-cooked food restores-hp stackable tier-3	3	63
1549	25914	DeerAntler_Soup	Longhorn Soup	field-cooked	consumable field-cooked food restores-hp stackable tier-3	3	92
1550	1001811	Haemuljjim	Steamed Seafood	food	consumable food restores-hp stackable tier-4	4	132
1551	1003380	Meat_Sanjeok_XLarge	Hearty Meat Skewers	field-cooked	consumable field-cooked food restores-hp stackable tier-2	2	120
1552	1003383	Braised_Meat_XLarge	Hearty Braised Meat	field-cooked	consumable field-cooked food restores-hp stackable tier-2	2	114
1553	1003398	Roast_Chicken_XLarge	Hearty Salt-Roasted Bird Meat	field-cooked	consumable field-cooked food restores-hp stackable tier-2	2	90
1554	1003434	Grilled_Meat_Fish_XLarge	Hearty Grilled Meat and Fish	field-cooked	consumable field-cooked food restores-hp stackable tier-2	2	90
1555	1003496	Braised_Fish_Vegetable_Medium	Filling Braised Fish and Vegetables	food	consumable food restores-hp stackable tier-4	4	78
1556	1003405	Vegetable_Porridge_Large	Satisfying Vegetable Porridge	field-cooked	consumable field-cooked food restores-hp stackable tier-2	2	92
1557	1003408	Fruit_Porridge_Large	Satisfying Fruit Punch	field-cooked	consumable field-cooked food restores-hp stackable tier-2	2	84
1558	1001331	Pan_fried_Meat_Grain_Pancake	Meat Soup	field-cooked	consumable field-cooked food restores-hp stackable tier-3	3	84
1559	1001748	Fish_Fruit_Porridge	Steamed Fish	food	consumable food restores-hp stackable tier-4	4	120
1560	1002886	Roast_Fish_XLarge	Hearty Salt-Roasted Fish	field-cooked	consumable field-cooked food restores-hp stackable tier-1	1	84
1561	1003374	Grilled_Big_Fish_XLarge	Hearty Large Grilled Fish	field-cooked	consumable field-cooked food restores-hp stackable tier-2	2	96
1562	1003377	Pan_fried_Grain_Pancake_XLarge	Hearty Battered Grains	field-cooked	consumable field-cooked food restores-hp stackable tier-2	2	66
1563	1003392	Pan_fried_Vegetable_Pancake_XLarge	Hearty Battered Vegetables	field-cooked	consumable field-cooked food restores-hp stackable tier-2	2	102
1564	1001230	Pan_fried_Meat_Fruit_Pancake	Marinated Meat	field-cooked	consumable field-cooked food restores-hp stackable tier-3	3	112
1565	1003431	Pan_fried_Fish_Pancake_XLarge	Hearty Battered Fish	field-cooked	consumable field-cooked food restores-hp stackable tier-2	2	54
1566	1001223	Braised_Meat_Fish	Braised Meat and Fish	field-cooked	consumable field-cooked food restores-hp stackable tier-3	3	106
1567	1001808	Seafood_Soup	Seafood Soup	field-cooked	consumable field-cooked food restores-hp stackable tier-3	3	98
1568	1001228	Pan_fried_Meat_Vegetable_Pancake	Steamed Eggs	field-cooked	consumable field-cooked food restores-hp stackable tier-3	3	64
1569	1001226	Braised_Meat_Vegetable	Braised Ribs	field-cooked	consumable field-cooked food restores-hp stackable tier-3	3	84
1570	1001227	Meat_Vegetable_Porridge	Meat and Vegetable Porridge	field-cooked	consumable field-cooked food restores-hp stackable tier-3	3	82
1571	1001224	Meat_Fish_Porridge	Meat and Fish Porridge	field-cooked	consumable field-cooked food restores-hp stackable tier-3	3	54
1572	1002050	Pan_fried_Fish_Fruit_Pancake	Seafood Stew	food	consumable food restores-hp stackable tier-4	4	76
1573	1003422	Fish_Sanjeok_XLarge	Hearty Fish Skewers	field-cooked	consumable field-cooked food restores-hp stackable tier-2	2	96
1574	1003425	Braised_Fish_XLarge	Hearty Braised Fish	field-cooked	consumable field-cooked food restores-hp stackable tier-2	2	90
1575	1001229	Meat_Fruit_Porridge	Pan-Fried Marinated Meat	field-cooked	consumable field-cooked food restores-hp stackable tier-3	3	74
1576	1001334	Pan_fried_Fish_Vegetable_Pancake	Battered Seafood	field-cooked	consumable field-cooked food restores-hp stackable tier-3	3	72
1577	1001222	Meat_Fish_Sanjeok	Meat and Fish Skewers	field-cooked	consumable field-cooked food restores-hp stackable tier-3	3	70
1578	1003403	Meat_Porridge_Medium	Filling Clear Soup	field-cooked	consumable field-cooked food restores-hp stackable tier-2	2	45
1579	1002054	Pan_fried_Vegetable_Grain_Pancake	Grain Soup	field-cooked	consumable field-cooked food restores-hp stackable tier-3	3	68
1580	1001214	Fish_Porridge	Fish Porridge	field-cooked	consumable field-cooked food restores-hp stackable tier-3	3	50
1581	1001333	Fish_Vegetable_Porridge	Vegetable and Seafood Porridge	field-cooked	consumable field-cooked food restores-hp stackable tier-3	3	64
1582	1003368	Freshly_Grilled_Squid_XLarge	Hearty Grilled Seafood	field-cooked	consumable field-cooked food restores-hp stackable tier-2	2	78
1583	1003371	Grilled_Fish_XLarge	Hearty Grilled Fish	field-cooked	consumable field-cooked food restores-hp stackable tier-2	2	72
1584	1003387	Pan_fried_Meat_Pancake_Large	Satisfying Battered Meat	field-cooked	consumable field-cooked food restores-hp stackable tier-2	2	60
1585	1002053	Pan_fried_Vegetable_Fruit_Pancake	Vegetable Rice Cake	field-cooked	consumable field-cooked food restores-hp stackable tier-3	3	62
1586	1002055	Pan_fried_Fruit_Grain_Pancake	Chewy Rice Cakes	field-cooked	consumable field-cooked food restores-hp stackable tier-3	3	60
1587	1001225	Pan_fried_Meat_Fish_Pancake	Battered Meat and Fish	field-cooked	consumable field-cooked food restores-hp stackable tier-3	3	42
1588	1001160	Grilled_Meat_XLarge	Hearty Grilled Meat	field-cooked	consumable field-cooked food restores-hp stackable tier-1	1	42
1589	1003375	Grilled_Big_Fish_Large	Satisfying Large Grilled Fish	field-cooked	consumable field-cooked food restores-hp stackable tier-2	2	64
1590	1003381	Meat_Sanjeok_Large	Satisfying Meat Skewers	field-cooked	consumable field-cooked food restores-hp stackable tier-2	2	80
1591	1003384	Braised_Meat_Large	Satisfying Braised Meat	field-cooked	consumable field-cooked food restores-hp stackable tier-2	2	76
1592	1003399	Roast_Chicken_Large	Satisfying Salt-Roasted Bird Meat	field-cooked	consumable field-cooked food restores-hp stackable tier-2	2	60
1593	1003435	Grilled_Meat_Fish_Large	Satisfying Grilled Meat and Fish	field-cooked	consumable field-cooked food restores-hp stackable tier-2	2	60
1594	1001332	Braised_Fish_Vegetable	Braised Fish and Vegetables	food	consumable food restores-hp stackable tier-4	4	52
1595	1003406	Vegetable_Porridge_Medium	Filling Vegetable Porridge	field-cooked	consumable field-cooked food restores-hp stackable tier-2	2	69
1596	1003409	Fruit_Porridge_Medium	Filling Fruit Punch	field-cooked	consumable field-cooked food restores-hp stackable tier-2	2	63
1597	1000991	Baked_Egg_XLarge	Hearty Smoked Eggs	field-cooked	consumable field-cooked food restores-hp stackable tier-1	1	27
1598	1001817	Freshly_Grilled_Bird_XLarge	Hearty Grilled Bird Meat	field-cooked	consumable field-cooked food restores-hp stackable tier-1	1	27
1599	1002657	Freshly_Grilled_Crab_XLarge	Hearty Grilled Pincers	field-cooked	consumable field-cooked food restores-hp stackable tier-1	1	27
1600	1002883	Grilled_Small_Fish_XLarge	Hearty Small Grilled Fish	field-cooked	consumable field-cooked food restores-hp stackable tier-1	1	27
1601	1002892	Roast_Fish_Large	Satisfying Salt-Roasted Fish	field-cooked	consumable field-cooked food restores-hp stackable tier-1	1	56
1602	1003378	Pan_fried_Grain_Pancake_Large	Satisfying Battered Grains	field-cooked	consumable field-cooked food restores-hp stackable tier-2	2	44
1603	1003393	Pan_fried_Vegetable_Pancake_Large	Satisfying Battered Vegetables	field-cooked	consumable field-cooked food restores-hp stackable tier-2	2	68
1604	1003432	Pan_fried_Fish_Pancake_Large	Satisfying Battered Fish	field-cooked	consumable field-cooked food restores-hp stackable tier-2	2	36
1605	1000656	Meat_Porridge	Clear Soup	field-cooked	consumable field-cooked food restores-hp stackable tier-2	2	30
1606	1000029	Rice_XLarge	Hearty Toasted Grains	field-cooked	consumable field-cooked food restores-hp stackable tier-1	1	24
1607	1003369	Freshly_Grilled_Squid_Large	Satisfying Grilled Seafood	field-cooked	consumable field-cooked food restores-hp stackable tier-2	2	52
1608	1003372	Grilled_Fish_Large	Satisfying Grilled Fish	field-cooked	consumable field-cooked food restores-hp stackable tier-2	2	48
1609	1003376	Grilled_Big_Fish_Medium	Filling Large Grilled Fish	field-cooked	consumable field-cooked food restores-hp stackable tier-2	2	48
1610	1003388	Pan_fried_Meat_Pancake_Medium	Filling Battered Meat	field-cooked	consumable field-cooked food restores-hp stackable tier-2	2	45
1611	1003423	Fish_Sanjeok_Large	Satisfying Fish Skewers	field-cooked	consumable field-cooked food restores-hp stackable tier-2	2	64
1612	1003426	Braised_Fish_Large	Satisfying Braised Fish	field-cooked	consumable field-cooked food restores-hp stackable tier-2	2	60
1613	1001161	Grilled_Meat_Large	Satisfying Grilled Meat	field-cooked	consumable field-cooked food restores-hp stackable tier-1	1	28
1614	1003382	Meat_Sanjeok_Medium	Filling Meat Skewers	field-cooked	consumable field-cooked food restores-hp stackable tier-2	2	60
1615	1003385	Braised_Meat_Medium	Filling Braised Meat	field-cooked	consumable field-cooked food restores-hp stackable tier-2	2	57
1616	1003400	Roast_Chicken_Medium	Filling Salt-Roasted Bird Meat	field-cooked	consumable field-cooked food restores-hp stackable tier-2	2	45
1617	1003436	Grilled_Meat_Fish_Medium	Filling Grilled Meat and Fish	field-cooked	consumable field-cooked food restores-hp stackable tier-2	2	45
1618	1001217	Vegetable_Porridge	Vegetable Porridge	field-cooked	consumable field-cooked food restores-hp stackable tier-2	2	46
1619	1001219	Fruit_Porridge	Fruit Punch	field-cooked	consumable field-cooked food restores-hp stackable tier-2	2	42
1620	1000120	Rice_Large	Satisfying Toasted Grains	field-cooked	consumable field-cooked food restores-hp stackable tier-1	1	16
1621	1001158	Baked_Egg_Large	Satisfying Smoked Eggs	field-cooked	consumable field-cooked food restores-hp stackable tier-1	1	18
1622	1001877	Freshly_Grilled_Bird_Large	Satisfying Grilled Bird Meat	field-cooked	consumable field-cooked food restores-hp stackable tier-1	1	18
1623	1002880	Freshly_Grilled_Crab_Large	Satisfying Grilled Pincers	field-cooked	consumable field-cooked food restores-hp stackable tier-1	1	18
1624	1002884	Grilled_Small_Fish_Large	Satisfying Small Grilled Fish	field-cooked	consumable field-cooked food restores-hp stackable tier-1	1	18
1625	1002893	Roast_Fish_Medium	Filling Salt-Roasted Fish	field-cooked	consumable field-cooked food restores-hp stackable tier-1	1	42
1626	1003370	Freshly_Grilled_Squid_Medium	Filling Grilled Seafood	field-cooked	consumable field-cooked food restores-hp stackable tier-2	2	39
1627	1003373	Grilled_Fish_Medium	Filling Grilled Fish	field-cooked	consumable field-cooked food restores-hp stackable tier-2	2	36
1628	1000463	Grilled_Big_Fish	Large Grilled Fish	field-cooked	consumable field-cooked food restores-hp stackable tier-2	2	32
1629	1003379	Pan_fried_Grain_Pancake_Medium	Filling Battered Grains	field-cooked	consumable field-cooked food restores-hp stackable tier-2	2	33
1630	1000804	Pan_fried_Meat_Pancake	Battered Meat	field-cooked	consumable field-cooked food restores-hp stackable tier-2	2	30
1631	1003394	Pan_fried_Vegetable_Pancake_Medium	Filling Battered Vegetables	field-cooked	consumable field-cooked food restores-hp stackable tier-2	2	51
1632	1003433	Pan_fried_Fish_Pancake_Medium	Filling Battered Fish	field-cooked	consumable field-cooked food restores-hp stackable tier-2	2	27
1633	1001165	Grilled_Meat_Medium	Filling Grilled Meat	field-cooked	consumable field-cooked food restores-hp stackable tier-1	1	21
1634	1000654	Meat_Sanjeok	Meat Skewers	field-cooked	consumable field-cooked food restores-hp stackable tier-2	2	40
1635	1000655	Braised_Meat	Braised Meat	field-cooked	consumable field-cooked food restores-hp stackable tier-2	2	38
1636	27932	Roast_Chicken	Salt-Roasted Bird Meat	field-cooked	consumable field-cooked food restores-hp stackable tier-2	2	30
1637	1003424	Fish_Sanjeok_Medium	Filling Fish Skewers	field-cooked	consumable field-cooked food restores-hp stackable tier-2	2	48
1638	1003427	Braised_Fish_Medium	Filling Braised Fish	field-cooked	consumable field-cooked food restores-hp stackable tier-2	2	45
1639	1000653	Grilled_Meat_Fish	Grilled Meat and Fish	field-cooked	consumable field-cooked food restores-hp stackable tier-2	2	30
1640	1000470	Rice_Medium	Filling Toasted Grains	field-cooked	consumable field-cooked food restores-hp stackable tier-1	1	12
1641	1001159	Baked_Egg_Medium	Filling Smoked Eggs	field-cooked	consumable field-cooked food restores-hp stackable tier-1	1	14
1642	1002656	Freshly_Grilled_Bird_Medium	Filling Grilled Bird Meat	field-cooked	consumable field-cooked food restores-hp stackable tier-1	1	14
1643	1002881	Freshly_Grilled_Crab_Medium	Filling Grilled Pincers	field-cooked	consumable field-cooked food restores-hp stackable tier-1	1	14
1644	1002885	Grilled_Small_Fish_Medium	Filling Small Grilled Fish	field-cooked	consumable field-cooked food restores-hp stackable tier-1	1	14
1645	28080	Roast_Fish	Salt-Roasted Fish	field-cooked	consumable field-cooked food restores-hp stackable tier-1	1	28
1646	1000177	Freshly_Grilled_Squid	Grilled Seafood	field-cooked	consumable field-cooked food restores-hp stackable tier-2	2	26
1647	1000645	Grilled_Fish	Grilled Fish	field-cooked	consumable field-cooked food restores-hp stackable tier-2	2	24
1648	1001221	Pan_fried_Grain_Pancake	Battered Grains	field-cooked	consumable field-cooked food restores-hp stackable tier-2	2	22
1649	1001218	Pan_fried_Vegetable_Pancake	Battered Vegetables	field-cooked	consumable field-cooked food restores-hp stackable tier-2	2	34
1650	1001215	Pan_fried_Fish_Pancake	Battered Fish	field-cooked	consumable field-cooked food restores-hp stackable tier-2	2	18
1651	1000644	Grilled_Meat	Grilled Meat	field-cooked	consumable field-cooked food restores-hp stackable tier-1	1	14
1652	1000807	Fish_Sanjeok	Fish Skewers	field-cooked	consumable field-cooked food restores-hp stackable tier-2	2	32
1653	1001213	Braised_Fish	Braised Fish	field-cooked	consumable field-cooked food restores-hp stackable tier-2	2	30
1654	1000651	Rice	Toasted Grains	field-cooked	consumable field-cooked food restores-hp stackable tier-1	1	8
1655	1000652	Baked_Egg	Smoked Egg	field-cooked	consumable field-cooked food restores-hp stackable tier-1	1	9
1656	1000454	Freshly_Grilled_Bird	Grilled Bird Meat	field-cooked	consumable field-cooked food restores-hp stackable tier-1	1	9
1657	1000684	Freshly_Grilled_Crab	Grilled Pincers	field-cooked	consumable field-cooked food restores-hp stackable tier-1	1	9
1658	1000144	Grilled_Small_Fish	Small Grilled Fish	field-cooked	consumable field-cooked food restores-hp stackable tier-1	1	9
1659	1003395	Braised_Vegetable_XLarge	Hearty Pickled Vegetables	field-cooked	consumable field-cooked food restores-mp stackable tier-2	2	126
1660	1003396	Braised_Vegetable_Large	Satisfying Pickled Vegetables	field-cooked	consumable field-cooked food restores-mp stackable tier-2	2	84
1661	1003389	Pan_fried_Fruit_Pancake_XLarge	Hearty Pickled Fruit	field-cooked	consumable field-cooked food restores-mp stackable tier-2	2	72
1662	1003397	Braised_Vegetable_Medium	Filling Pickled Vegetables	field-cooked	consumable field-cooked food restores-mp stackable tier-2	2	63
1663	1003390	Pan_fried_Fruit_Pancake_Large	Satisfying Pickled Fruit	field-cooked	consumable field-cooked food restores-mp stackable tier-2	2	48
1664	1002894	Grilled_Vegetables_XLarge	Hearty Grilled Vegetables	field-cooked	consumable field-cooked food restores-mp stackable tier-1	1	33
1665	1003365	Grilled_Fruit_XLarge	Hearty Grilled Fruit	field-cooked	consumable field-cooked food restores-mp stackable tier-1	1	36
1666	1001216	Braised_Vegetable	Pickled Vegetables	field-cooked	consumable field-cooked food restores-mp stackable tier-2	2	42
1667	1003362	Grilled_Vegetables_Large	Satisfying Grilled Vegetables	field-cooked	consumable field-cooked food restores-mp stackable tier-1	1	22
1668	1003366	Grilled_Fruit_Large	Satisfying Grilled Fruit	field-cooked	consumable field-cooked food restores-mp stackable tier-1	1	24
1669	1003391	Pan_fried_Fruit_Pancake_Medium	Filling Pickled Fruit	field-cooked	consumable field-cooked food restores-mp stackable tier-2	2	36
1670	1003364	Grilled_Vegetables_Medium	Filling Grilled Vegetables	field-cooked	consumable field-cooked food restores-mp stackable tier-1	1	17
1671	1003367	Grilled_Fruit_Medium	Filling Grilled Fruit	field-cooked	consumable field-cooked food restores-mp stackable tier-1	1	18
1672	1001220	Pan_fried_Fruit_Pancake	Pickled Fruit	field-cooked	consumable field-cooked food restores-mp stackable tier-2	2	24
1673	1000649	Grilled_Vegetables	Grilled Vegetables	field-cooked	consumable field-cooked food restores-mp stackable tier-1	1	11
1674	1000650	Grilled_Fruit	Grilled Fruit	field-cooked	consumable field-cooked food restores-mp stackable tier-1	1	12
1675	1003233	Surasang_03_Chaya	Refreshing Fine Meal	food	consumable food restores-hp stackable tier-5	5	1096
1676	1003232	Surasang_03_RazorClam	Zesty Fine Meal	food	consumable food restores-hp stackable tier-5	5	1088
1677	1002074	Surasang_03	Fine Meal	food	consumable food restores-hp stackable tier-5	5	1024
1678	1003235	Surasang_01_chlorella	Energizing Extravagant Meal	food	consumable food restores-mp stackable tier-5	5	1112
1679	1003234	Surasang_01_Chocolate	Satisfying Extravagant Meal	food	consumable food restores-mp stackable tier-5	5	1120
1680	1002072	Surasang_01	Extravagant Meal	food	consumable food restores-mp stackable tier-5	5	1040
1681	1003237	Surasang_02_Ensete	Piquant Lavish Meal	food	consumable food restores-stamina stackable tier-5	5	1072
1682	1003236	Surasang_02_Dulse	Hearty Lavish Meal	food	consumable food restores-stamina stackable tier-5	5	1080
1683	1002073	Surasang_02	Lavish Meal	food	consumable food restores-stamina stackable tier-5	5	1008
1684	1003239	Surasang_00_jijeongta	Aromatic Grand Meal	food	consumable food restores-hp stackable tier-5	5	1352
1685	1003238	Surasang_00_Taro	Refreshing Grand Meal	food	consumable food restores-hp stackable tier-5	5	1344
1686	1002071	Surasang_00	Grand Meal	food	consumable food restores-hp stackable tier-5	5	1296
1687	1003241	Surasang_04_Coffee	Herby Special Meal	food	consumable food restores-mp stackable tier-5	5	1096
1688	1003240	Surasang_04_Kudzu	Tart Special Meal	food	consumable food restores-mp stackable tier-5	5	1104
1689	1002075	Surasang_04	Special Meal	food	consumable food restores-mp stackable tier-5	5	1048
1690	1003243	Surasang_05_amaranth	Fluffy Meal	food	consumable food restores-stamina stackable tier-5	5	1080
1691	1003242	Surasang_05_opuntia	Fancy Meal	food	consumable food restores-stamina stackable tier-5	5	1072
1692	1002076	Surasang_05	Meal	food	consumable food restores-stamina stackable tier-5	5	1016
1693	749003	HorseFeed_Hay	Hay	mount-feed	ingredient material mount-feed stackable tier-0	0	15
1694	749007	HorseFeed_Sugar_Beet	Sugar Beet	mount-feed	ingredient material mount-feed stackable tier-0	0	10
1695	749101	HorseFeed_Lump_Sugar	Sugar Cubes	mount-feed	ingredient material mount-feed stackable tier-0	0	12
1696	749201	HorseFeed_Hp_Potion	Horse Tonic	mount-feed	consumable mount-feed potion stackable tier-0	0	30
1697	749203	HorseFeed_Speed_Potion	Horse Stimulant	mount-feed	consumable mount-feed potion stackable tier-0	0	63
1698	1000028	Potion_StatBuff_Tier1_0001	Freya's Lesser Elixir	elixir	consumable elixir potion stackable tier-0	0	100
1699	1000030	Potion_StatBuff_Tier1_0002	Apollonia's Lesser Elixir	elixir	consumable elixir potion stackable tier-0	0	100
1700	1000034	Potion_StatBuff_Tier1_0003	Meliara's Lesser Elixir	elixir	consumable elixir potion restores-hp stackable tier-0	0	100
1701	1000085	Potion_StatBuff_Tier1_0004	Haiden's Lesser Elixir	elixir	consumable elixir potion restores-mp stackable tier-0	0	100
1702	1000112	Potion_StatBuff_Tier1_0005	Astrid's Lesser Elixir	elixir	consumable elixir potion restores-stamina stackable tier-0	0	100
1703	1000174	Potion_StatBuff_Tier2_0001	Freya's Elixir	elixir	consumable elixir potion stackable tier-0	0	300
1704	1000175	Potion_StatBuff_Tier2_0002	Apollonia's Elixir	elixir	consumable elixir potion stackable tier-0	0	300
1705	1000228	Potion_StatBuff_Tier2_0003	Meliara's Elixir	elixir	consumable elixir potion restores-hp stackable tier-0	0	300
1706	1000229	Potion_StatBuff_Tier2_0004	Haiden's Elixir	elixir	consumable elixir potion restores-mp stackable tier-0	0	300
1707	1000230	Potion_StatBuff_Tier2_0005	Astrid's Elixir	elixir	consumable elixir potion restores-stamina stackable tier-0	0	300
1708	1000304	Potion_StatBuff_Tier3_0001	Freya's Greater Elixir	elixir	consumable elixir potion stackable tier-0	0	600
1709	1000320	Potion_StatBuff_Tier3_0002	Apollonia's Greater Elixir	elixir	consumable elixir potion stackable tier-0	0	600
1710	1000377	Potion_StatBuff_Tier3_0003	Meliara's Greater Elixir	elixir	consumable elixir potion restores-hp stackable tier-0	0	600
1711	1000392	Potion_StatBuff_Tier3_0004	Haiden's Greater Elixir	elixir	consumable elixir potion restores-mp stackable tier-0	0	600
1712	1000448	Potion_StatBuff_Tier3_0005	Astrid's Greater Elixir	elixir	consumable elixir potion restores-stamina stackable tier-0	0	600
1713	25921	DeerAntler_Fruit_Tea	Antler Tea	drink	consumable drink food restores-stamina stackable tier-4	4	155
1714	26015	Songyi_Mushroom_Tea	Pine Mushroom Tea	drink	consumable drink food restores-stamina stackable tier-4	4	120
1715	26016	Pyogo_Mushroom_Tea	Oakwood Mushroom Tea	drink	consumable drink food restores-stamina stackable tier-3	3	80
1716	26034	Honey_Tea	Honey Tea	drink	consumable drink food restores-stamina stackable tier-2	2	56
1717	30016	High_Wine	Delesyian Wine	drink	consumable drink food restores-stamina stackable tier-2	2	48
1718	26011	Ssari_Mushroom_Tea	Coral Mushroom Tea	drink	consumable drink food restores-stamina stackable tier-2	2	40
1719	1001814	Herbal_Tea	Mild Herbal Tea	drink	consumable drink food restores-stamina stackable tier-2	2	45
1720	1000627	FruitTea	Fruit Tea	drink	consumable drink food restores-stamina stackable tier-1	1	32
1721	22006	Fruit_Wine	Wine	drink	consumable drink food restores-stamina stackable tier-1	1	32
1722	25922	Berry_Juice	Fruit Juice	drink	consumable drink food restores-stamina stackable tier-1	1	15
1723	1001783	Vegetable_Juice	Vegetable Juice	drink	consumable drink food restores-stamina stackable tier-1	1	15
1724	1001615	Collection_Prop_Dyewater_0001	Bright Red Dye	dye	collectible decoration dye furniture household knowledge stackable tier-0	0	150
1725	1001616	Collection_Prop_Dyewater_0002	Rich Red Dye	dye	collectible decoration dye furniture household knowledge stackable tier-0	0	150
1726	1001617	Collection_Prop_Dyewater_0003	Red Dye	dye	collectible decoration dye furniture household knowledge stackable tier-0	0	150
1727	1001618	Collection_Prop_Dyewater_0004	Dark Red Dye	dye	collectible decoration dye furniture household knowledge stackable tier-0	0	150
1728	1001619	Collection_Prop_Dyewater_0005	Deep Red Dye	dye	collectible decoration dye furniture household knowledge stackable tier-0	0	150
1729	1001620	Collection_Prop_Dyewater_0006	Bright Violet Dye	dye	collectible decoration dye furniture household knowledge stackable tier-0	0	150
1730	1001621	Collection_Prop_Dyewater_0007	Rich Violet Dye	dye	collectible decoration dye furniture household knowledge stackable tier-0	0	150
1731	1001622	Collection_Prop_Dyewater_0008	Violet Dye	dye	collectible decoration dye furniture household knowledge stackable tier-0	0	150
1732	1001623	Collection_Prop_Dyewater_0009	Dark Violet Dye	dye	collectible decoration dye furniture household knowledge stackable tier-0	0	150
1733	1001624	Collection_Prop_Dyewater_0010	Deep Violet Dye	dye	collectible decoration dye furniture household knowledge stackable tier-0	0	150
1734	1001625	Collection_Prop_Dyewater_0011	Bright Purple Dye	dye	collectible decoration dye furniture household knowledge stackable tier-0	0	150
1735	1001626	Collection_Prop_Dyewater_0012	Rich Purple Dye	dye	collectible decoration dye furniture household knowledge stackable tier-0	0	150
1736	1001627	Collection_Prop_Dyewater_0013	Purple Dye	dye	collectible decoration dye furniture household knowledge stackable tier-0	0	150
1737	1001628	Collection_Prop_Dyewater_0014	Dark Purple Dye	dye	collectible decoration dye furniture household knowledge stackable tier-0	0	150
1738	1001629	Collection_Prop_Dyewater_0015	Deep Purple Dye	dye	collectible decoration dye furniture household knowledge stackable tier-0	0	150
1739	1001630	Collection_Prop_Dyewater_0016	Bright Blue Dye	dye	collectible decoration dye furniture household knowledge stackable tier-0	0	150
1740	1001631	Collection_Prop_Dyewater_0017	Rich Blue Dye	dye	collectible decoration dye furniture household knowledge stackable tier-0	0	150
1741	1001632	Collection_Prop_Dyewater_0018	Blue Dye	dye	collectible decoration dye furniture household knowledge stackable tier-0	0	150
1742	1001633	Collection_Prop_Dyewater_0019	Dark Blue Dye	dye	collectible decoration dye furniture household knowledge stackable tier-0	0	150
1743	1001634	Collection_Prop_Dyewater_0020	Deep Blue Dye	dye	collectible decoration dye furniture household knowledge stackable tier-0	0	150
1744	1001635	Collection_Prop_Dyewater_0021	Bright Sky Blue Dye	dye	collectible decoration dye furniture household knowledge stackable tier-0	0	150
1745	1001636	Collection_Prop_Dyewater_0022	Rich Sky Blue Dye	dye	collectible decoration dye furniture household knowledge stackable tier-0	0	150
1746	1001637	Collection_Prop_Dyewater_0023	Sky Blue Dye	dye	collectible decoration dye furniture household knowledge stackable tier-0	0	150
1747	1001638	Collection_Prop_Dyewater_0024	Dark Sky Blue Dye	dye	collectible decoration dye furniture household knowledge stackable tier-0	0	150
1748	1001639	Collection_Prop_Dyewater_0025	Deep Sky Blue Dye	dye	collectible decoration dye furniture household knowledge stackable tier-0	0	150
1749	1001640	Collection_Prop_Dyewater_0026	Bright Teal Dye	dye	collectible decoration dye furniture household knowledge stackable tier-0	0	150
1750	1001641	Collection_Prop_Dyewater_0027	Rich Teal Dye	dye	collectible decoration dye furniture household knowledge stackable tier-0	0	150
1751	1001642	Collection_Prop_Dyewater_0028	Teal Dye	dye	collectible decoration dye furniture household knowledge stackable tier-0	0	150
1752	1001643	Collection_Prop_Dyewater_0029	Dark Teal Dye	dye	collectible decoration dye furniture household knowledge stackable tier-0	0	150
1753	1001644	Collection_Prop_Dyewater_0030	Deep Teal Dye	dye	collectible decoration dye furniture household knowledge stackable tier-0	0	150
1754	1001645	Collection_Prop_Dyewater_0031	Bright Green Dye	dye	collectible decoration dye furniture household knowledge stackable tier-0	0	150
1755	1001646	Collection_Prop_Dyewater_0032	Rich Green Dye	dye	collectible decoration dye furniture household knowledge stackable tier-0	0	150
1756	1001647	Collection_Prop_Dyewater_0033	Green Dye	dye	collectible decoration dye furniture household knowledge stackable tier-0	0	150
1757	1001648	Collection_Prop_Dyewater_0034	Dark Green Dye	dye	collectible decoration dye furniture household knowledge stackable tier-0	0	150
1758	1001649	Collection_Prop_Dyewater_0035	Deep Green Dye	dye	collectible decoration dye furniture household knowledge stackable tier-0	0	150
1759	1001650	Collection_Prop_Dyewater_0036	Bright Spring Green Dye	dye	collectible decoration dye furniture household knowledge stackable tier-0	0	150
1760	1001651	Collection_Prop_Dyewater_0037	Rich Spring Green Dye	dye	collectible decoration dye furniture household knowledge stackable tier-0	0	150
1761	1001652	Collection_Prop_Dyewater_0038	Spring Green Dye	dye	collectible decoration dye furniture household knowledge stackable tier-0	0	150
1762	1001653	Collection_Prop_Dyewater_0039	Dark Spring Green Dye	dye	collectible decoration dye furniture household knowledge stackable tier-0	0	150
1763	1001654	Collection_Prop_Dyewater_0040	Deep Spring Green Dye	dye	collectible decoration dye furniture household knowledge stackable tier-0	0	150
1764	1001655	Collection_Prop_Dyewater_0041	Bright Yellow Dye	dye	collectible decoration dye furniture household knowledge stackable tier-0	0	150
1765	1001656	Collection_Prop_Dyewater_0042	Rich Yellow Dye	dye	collectible decoration dye furniture household knowledge stackable tier-0	0	150
1766	1001657	Collection_Prop_Dyewater_0043	Yellow Dye	dye	collectible decoration dye furniture household knowledge stackable tier-0	0	150
1767	1001658	Collection_Prop_Dyewater_0044	Dark Yellow Dye	dye	collectible decoration dye furniture household knowledge stackable tier-0	0	150
1768	1001659	Collection_Prop_Dyewater_0045	Deep Yellow Dye	dye	collectible decoration dye furniture household knowledge stackable tier-0	0	150
1769	1001660	Collection_Prop_Dyewater_0046	Bright Orange Dye	dye	collectible decoration dye furniture household knowledge stackable tier-0	0	150
1770	1001661	Collection_Prop_Dyewater_0047	Rich Orange Dye	dye	collectible decoration dye furniture household knowledge stackable tier-0	0	150
1771	1001662	Collection_Prop_Dyewater_0048	Orange Dye	dye	collectible decoration dye furniture household knowledge stackable tier-0	0	150
1772	1001663	Collection_Prop_Dyewater_0049	Dark Orange Dye	dye	collectible decoration dye furniture household knowledge stackable tier-0	0	150
1773	1001664	Collection_Prop_Dyewater_0050	Deep Orange Dye	dye	collectible decoration dye furniture household knowledge stackable tier-0	0	150
1774	1001175	Collection_Prop_Dyewater_Grey_0001	Pure White Dye	dye	collectible decoration dye furniture household stackable tier-0	0	1500
1775	1001260	Collection_Prop_Dyewater_Grey_0002	Bright Grey Dye	dye	collectible decoration dye furniture household stackable tier-0	0	1500
1776	1001308	Collection_Prop_Dyewater_Grey_0003	Silver Grey Dye	dye	collectible decoration dye furniture household stackable tier-0	0	1500
1777	1001324	Collection_Prop_Dyewater_Grey_0004	Medium Grey Dye	dye	collectible decoration dye furniture household stackable tier-0	0	1500
1778	1001336	Collection_Prop_Dyewater_Grey_0005	Grey Dye	dye	collectible decoration dye furniture household stackable tier-0	0	1500
1779	1001433	Collection_Prop_Dyewater_Grey_0006	Shadow Grey Dye	dye	collectible decoration dye furniture household stackable tier-0	0	1500
1780	1001712	Collection_Prop_Dyewater_Grey_0007	Cloud Grey Dye	dye	collectible decoration dye furniture household stackable tier-0	0	1500
1781	1001749	Collection_Prop_Dyewater_Grey_0008	Deep Grey Dye	dye	collectible decoration dye furniture household stackable tier-0	0	1500
1782	1001789	Collection_Prop_Dyewater_Grey_0009	Dark Grey Dye	dye	collectible decoration dye furniture household stackable tier-0	0	1500
1783	1001858	Collection_Prop_Dyewater_Grey_0010	Black Dye	dye	collectible decoration dye furniture household stackable tier-0	0	1500
1784	1002631	Item_ETC_CooltimeReduce_Dragon	Dragon Claw Horn	mount-utility	consumable mount-utility potion stackable tier-0	0	1000
1785	1002632	Item_ETC_CooltimeReduce_ATAG	A.T.A.G. Emergency Power Device	mount-utility	consumable mount-utility potion stackable tier-0	0	1000
1786	1003772	Item_ETC_CooltimeReduce_DragonII	Narima's Horn	mount-utility	consumable mount-utility potion stackable tier-0	0	2000
1787	1003773	Item_ETC_CooltimeReduce_ATAGII	A.T.A.G. Power Module	mount-utility	consumable mount-utility potion stackable tier-0	0	2000
1788	1000146	Item_Kuku_Egg	Old Kuku Bird's Egg	keepsake	egg goods keepsake kuku stackable tier-0	0	264
1789	1003915	Item_gimmick_birdfeeder_0001	Sotdae of Bond	furniture	furniture gimmick important no-sell tier-0	0	1
1790	1002096	Condola	Contola	abyss-item	abyss-item no-sell tier-0 wild	0	1
1791	1002519	Item_Abyss_Artifact_Maker	Abyss Artifact Fabricator	abyss-item	abyss-item no-sell tier-0	0	1
1792	1000309	Item_troll_academy_Core	Dimensional Fusion Experimental Power Core	abyss-item	abyss-item no-sell tier-0	0	1
1793	1003650	Item_gimmick_abyssruins_useartifact_01_attach_part	Abyss Transporter	kuku-pot-item	gimmick important kuku-pot-item no-sell tier-0 wild	0	1
1794	1003553	Item_puzzle_troll_lake_pillar_01_part_01	Kharonso Ruins Pillar: No. 1	kuku-pot-item	gimmick important kuku-pot-item no-sell tier-0 wild	0	1
1795	1003554	Item_puzzle_troll_lake_pillar_02_part_01	Kharonso Ruins Pillar: No. 2	kuku-pot-item	gimmick important kuku-pot-item no-sell tier-0 wild	0	1
1796	1003555	Item_puzzle_troll_lake_pillar_03_part_01	Kharonso Ruins Pillar: No. 3	kuku-pot-item	gimmick important kuku-pot-item no-sell tier-0 wild	0	1
1797	1003556	Item_puzzle_troll_lake_pillar_04_part_01	Kharonso Ruins Pillar: No. 4	kuku-pot-item	gimmick important kuku-pot-item no-sell tier-0 wild	0	1
1798	1003651	Item_gimmick_attach_nuclear_fusion_core_01	Tenebrum Magnetic Core	kuku-pot-item	gimmick kuku-pot-item no-sell tier-0 wild	0	1
1799	1003642	Item_gimmick_abyss_quest_kuku_seal_01	Magnetic Power Core	kuku-pot-item	gimmick important kuku-pot-item no-sell tier-0 wild	0	1
1800	1002827	Item_gimmick_puzzle_antumbra_tokamak_01_parts20	Core of Penitence	kuku-core	gimmick important kuku-core kuku-pot-item no-sell tier-0 wild	0	1
1801	1002828	Item_gimmick_puzzle_antumbra_tokamak_01_parts21	Core of Renunciation	kuku-core	gimmick important kuku-core kuku-pot-item no-sell tier-0 wild	0	1
1802	1002829	Item_gimmick_puzzle_antumbra_tokamak_01_parts22	Core of Expiation	kuku-core	gimmick important kuku-core kuku-pot-item no-sell tier-0 wild	0	1
1803	1002830	Item_gimmick_puzzle_antumbra_tokamak_01_parts23	Core of Oblation	kuku-core	gimmick important kuku-core kuku-pot-item no-sell tier-0 wild	0	1
1804	1002831	Item_gimmick_puzzle_antumbra_tokamak_02_parts20	Core of Mortification	kuku-core	gimmick important kuku-core kuku-pot-item no-sell tier-0 wild	0	1
1805	1002832	Item_gimmick_puzzle_antumbra_tokamak_02_parts21	Core of Faith	kuku-core	gimmick important kuku-core kuku-pot-item no-sell tier-0 wild	0	1
1806	1002833	Item_gimmick_puzzle_antumbra_tokamak_02_parts22	Core of Benediction	kuku-core	gimmick important kuku-core kuku-pot-item no-sell tier-0 wild	0	1
1807	1002834	Item_gimmick_puzzle_antumbra_tokamak_02_parts23	Core of Absolution	kuku-core	gimmick important kuku-core kuku-pot-item no-sell tier-0 wild	0	1
1808	1002835	Item_gimmick_puzzle_antumbra_tokamak_03_parts20	Core of Solace	kuku-core	gimmick important kuku-core kuku-pot-item no-sell tier-0 wild	0	1
1809	1002836	Item_gimmick_puzzle_antumbra_tokamak_03_parts21	Core of Revelation	kuku-core	gimmick important kuku-core kuku-pot-item no-sell tier-0 wild	0	1
1810	1003547	Item_gimmick_puzzle_antumbra_tokamak_03_parts22	Core of Temperance	kuku-core	gimmick important kuku-core kuku-pot-item no-sell tier-0 wild	0	1
1811	1003548	Item_gimmick_puzzle_antumbra_tokamak_05_parts20	Core of Atonement	kuku-core	gimmick important kuku-core kuku-pot-item no-sell tier-0 wild	0	1
1812	1003549	Item_gimmick_puzzle_antumbra_tokamak_05_parts21	Core of Deliverance	kuku-core	gimmick important kuku-core kuku-pot-item no-sell tier-0 wild	0	1
1813	1003550	Item_gimmick_puzzle_antumbra_tokamak_05_parts22	Core of Exaltation	kuku-core	gimmick important kuku-core kuku-pot-item no-sell tier-0 wild	0	1
1814	1003551	Item_gimmick_puzzle_antumbra_tokamak_05_parts23	Core of Veneration	kuku-core	gimmick important kuku-core kuku-pot-item no-sell tier-0 wild	0	1
1815	1003552	Item_gimmick_puzzle_antumbra_tokamak_05_parts24	Core of Devotion	kuku-core	gimmick important kuku-core kuku-pot-item no-sell tier-0 wild	0	1
1816	1003635	Item_gimmick_attach_marni_machinetank_backpack_01	Marni's Mecha Leap Pack	kuku-pot-item	gimmick kuku-pot-item no-sell tier-0 wild	0	1
1817	1003636	Item_gimmick_attach_marni_machinetank_backpack_02	Marni's Mecha Laser Pack	kuku-pot-item	gimmick kuku-pot-item no-sell tier-0 wild	0	1
1818	1003637	Item_gimmick_attach_marni_machinetank_backpack_03	Marni's Mecha Blade Pack	kuku-pot-item	gimmick kuku-pot-item no-sell tier-0 wild	0	1
1819	1003638	Item_gimmick_attach_marni_machinetank_backpack_04	Marni's Mecha Rocket Pack	kuku-pot-item	gimmick kuku-pot-item no-sell tier-0 wild	0	1
1820	1003639	Item_gimmick_attach_marni_machinetank_backpack_05	Marni's Mecha Booster Pack	kuku-pot-item	gimmick kuku-pot-item no-sell tier-0 wild	0	1
1821	1003640	Item_gimmick_attach_marni_machinetank_backpack_06	Dreadnought Booster Pack	kuku-pot-item	gimmick kuku-pot-item no-sell tier-0 wild	0	1
1822	1003641	Item_gimmick_attach_marni_machinetank_backpack_07	Dreadnought Missile Pack	kuku-pot-item	gimmick kuku-pot-item no-sell tier-0 wild	0	1
1823	1002063	AbyssRuinsCreatureCore	Abyss Cell	kuku-pot-item	knowledge kuku-pot-item stackable tier-0 wild	0	1000
1824	1003633	Item_gimmick_attach_mechanical_powerplant_0001	Electrical Component	kuku-pot-item	gimmick kuku-pot-item no-sell stackable tier-0 wild	0	1
1825	1001769	MarniMachineDrill	Marni Drill Component	kuku-pot-item	kuku-pot-item no-sell stackable tier-0 wild	0	1
1826	1002252	MarniMachineLaser	Marni Laser Component	kuku-pot-item	kuku-pot-item no-sell stackable tier-0 wild	0	1
1827	1003634	Item_gimmick_snake_boss_scales_01	Aeserion's Scale	kuku-pot-item	gimmick kuku-pot-item no-sell tier-0 wild	0	1
1828	1002782	Item_gimmick_abysscore_0001	Abyss Cell: No. 1	kuku-power-core	gimmick important kuku-pot-item kuku-power-core no-sell tier-0 wild	0	1
1829	1002783	Item_gimmick_abysscore_0002	Abyss Cell: No. 2	kuku-power-core	gimmick important kuku-pot-item kuku-power-core no-sell tier-0 wild	0	1
1830	1003557	Item_gimmick_puzzle_antumbra_tokamak_parts01	Sanctum of Penitence Fusion Reactor Core	kuku-power-core	gimmick important kuku-pot-item kuku-power-core no-sell tier-0 wild	0	1
1831	1003558	Item_gimmick_puzzle_antumbra_tokamak_parts02	Sanctum of Temperance Fusion Reactor Core	kuku-power-core	gimmick important kuku-pot-item kuku-power-core no-sell tier-0 wild	0	1
1832	1003559	Item_gimmick_puzzle_antumbra_tokamak_parts03	Sanctum of Atonement Fusion Reactor Core	kuku-power-core	gimmick important kuku-pot-item kuku-power-core no-sell tier-0 wild	0	1
1833	1003560	Item_gimmick_puzzle_antumbra_tokamak_parts04	Sanctum of Deliverance Fusion Reactor Core	kuku-power-core	gimmick important kuku-pot-item kuku-power-core no-sell tier-0 wild	0	1
1834	1003561	Item_gimmick_puzzle_antumbra_tokamak_parts05	Sanctum of Benediction Fusion Reactor Core	kuku-power-core	gimmick important kuku-pot-item kuku-power-core no-sell tier-0 wild	0	1
1835	1003562	Item_gimmick_puzzle_antumbra_tokamak_parts06	Sanctum of Absolution Fusion Reactor Core	kuku-power-core	gimmick important kuku-pot-item kuku-power-core no-sell tier-0 wild	0	1
1836	1003563	Item_gimmick_puzzle_antumbra_tokamak_parts07	Sanctum of Expiation Fusion Reactor Core	kuku-power-core	gimmick important kuku-pot-item kuku-power-core no-sell tier-0 wild	0	1
1837	1003564	Item_gimmick_puzzle_antumbra_tokamak_parts08	Sanctum of Mortification Fusion Reactor Core	kuku-power-core	gimmick important kuku-pot-item kuku-power-core no-sell tier-0 wild	0	1
1838	1003565	Item_gimmick_puzzle_antumbra_tokamak_parts09	Sanctum of Revelation Fusion Reactor Core	kuku-power-core	gimmick important kuku-pot-item kuku-power-core no-sell tier-0 wild	0	1
1839	1003566	Item_gimmick_puzzle_antumbra_tokamak_parts10	Sanctum of Renunciation Fusion Reactor Core	kuku-power-core	gimmick important kuku-pot-item kuku-power-core no-sell tier-0 wild	0	1
1840	1003567	Item_gimmick_puzzle_antumbra_tokamak_parts11	Sanctum of Faith Fusion Reactor Core	kuku-power-core	gimmick important kuku-pot-item kuku-power-core no-sell tier-0 wild	0	1
1841	1003568	Item_gimmick_puzzle_antumbra_tokamak_parts12	Sanctum of Oblation Fusion Reactor Core	kuku-power-core	gimmick important kuku-pot-item kuku-power-core no-sell tier-0 wild	0	1
1842	1003569	Item_gimmick_puzzle_antumbra_tokamak_parts13	Sanctum of Veneration Fusion Reactor Core	kuku-power-core	gimmick important kuku-pot-item kuku-power-core no-sell tier-0 wild	0	1
1843	1003570	Item_gimmick_puzzle_antumbra_tokamak_parts14	Sanctum of Devotion Fusion Reactor Core	kuku-power-core	gimmick important kuku-pot-item kuku-power-core no-sell tier-0 wild	0	1
1844	1003571	Item_gimmick_puzzle_antumbra_tokamak_parts15	Sanctum of Solace Fusion Reactor Core	kuku-power-core	gimmick important kuku-pot-item kuku-power-core no-sell tier-0 wild	0	1
1845	1003572	Item_gimmick_puzzle_antumbra_tokamak_parts16	Sanctum of Exaltation Fusion Reactor Core	kuku-power-core	gimmick important kuku-pot-item kuku-power-core no-sell tier-0 wild	0	1
1846	1003573	Item_gimmick_puzzle_antumbra_tokamak_01_parts01	Sanctum of Penitence Fusion Reactor Core	kuku-power-core	gimmick important kuku-pot-item kuku-power-core no-sell tier-0 wild	0	1
1847	1003574	Item_gimmick_puzzle_antumbra_tokamak_01_parts02	Sanctum of Penitence Fusion Reactor Core	kuku-power-core	gimmick important kuku-pot-item kuku-power-core no-sell tier-0 wild	0	1
1848	1003575	Item_gimmick_puzzle_antumbra_tokamak_01_parts03	Sanctum of Penitence Fusion Reactor Core	kuku-power-core	gimmick important kuku-pot-item kuku-power-core no-sell tier-0 wild	0	1
1849	1003576	Item_gimmick_puzzle_antumbra_tokamak_01_parts04	Sanctum of Penitence Fusion Reactor Core	kuku-power-core	gimmick important kuku-pot-item kuku-power-core no-sell tier-0 wild	0	1
1850	1003577	Item_gimmick_puzzle_antumbra_tokamak_01_parts01_index01	Sanctum of Expiation Fusion Reactor Core	kuku-power-core	gimmick important kuku-pot-item kuku-power-core no-sell tier-0 wild	0	1
1851	1003578	Item_gimmick_puzzle_antumbra_tokamak_01_parts02_index01	Sanctum of Expiation Fusion Reactor Core	kuku-power-core	gimmick important kuku-pot-item kuku-power-core no-sell tier-0 wild	0	1
1852	1003579	Item_gimmick_puzzle_antumbra_tokamak_01_parts03_index01	Sanctum of Expiation Fusion Reactor Core	kuku-power-core	gimmick important kuku-pot-item kuku-power-core no-sell tier-0 wild	0	1
1853	1003580	Item_gimmick_puzzle_antumbra_tokamak_01_parts04_index01	Sanctum of Expiation Fusion Reactor Core	kuku-power-core	gimmick important kuku-pot-item kuku-power-core no-sell tier-0 wild	0	1
1854	1003581	Item_gimmick_puzzle_antumbra_tokamak_01_parts01_index03	Sanctum of Renunciation Fusion Reactor Core	kuku-power-core	gimmick important kuku-pot-item kuku-power-core no-sell tier-0 wild	0	1
1855	1003582	Item_gimmick_puzzle_antumbra_tokamak_01_parts02_index03	Sanctum of Renunciation Fusion Reactor Core	kuku-power-core	gimmick important kuku-pot-item kuku-power-core no-sell tier-0 wild	0	1
1856	1003583	Item_gimmick_puzzle_antumbra_tokamak_01_parts03_index03	Sanctum of Renunciation Fusion Reactor Core	kuku-power-core	gimmick important kuku-pot-item kuku-power-core no-sell tier-0 wild	0	1
1857	1003584	Item_gimmick_puzzle_antumbra_tokamak_01_parts04_index03	Sanctum of Renunciation Fusion Reactor Core	kuku-power-core	gimmick important kuku-pot-item kuku-power-core no-sell tier-0 wild	0	1
1858	1003585	Item_gimmick_puzzle_antumbra_tokamak_01_parts01_index04	Sanctum of Oblation Fusion Reactor Core	kuku-power-core	gimmick important kuku-pot-item kuku-power-core no-sell tier-0 wild	0	1
1859	1003586	Item_gimmick_puzzle_antumbra_tokamak_01_parts02_index04	Sanctum of Oblation Fusion Reactor Core	kuku-power-core	gimmick important kuku-pot-item kuku-power-core no-sell tier-0 wild	0	1
1860	1003587	Item_gimmick_puzzle_antumbra_tokamak_01_parts03_index04	Sanctum of Oblation Fusion Reactor Core	kuku-power-core	gimmick important kuku-pot-item kuku-power-core no-sell tier-0 wild	0	1
1861	1003588	Item_gimmick_puzzle_antumbra_tokamak_01_parts04_index04	Sanctum of Oblation Fusion Reactor Core	kuku-power-core	gimmick important kuku-pot-item kuku-power-core no-sell tier-0 wild	0	1
1862	1003589	Item_gimmick_puzzle_antumbra_tokamak_02_parts01_index01	Sanctum of Benediction Fusion Reactor Core	kuku-power-core	gimmick important kuku-pot-item kuku-power-core no-sell tier-0 wild	0	1
1863	1003590	Item_gimmick_puzzle_antumbra_tokamak_02_parts02_index01	Sanctum of Benediction Fusion Reactor Core	kuku-power-core	gimmick important kuku-pot-item kuku-power-core no-sell tier-0 wild	0	1
1864	1003591	Item_gimmick_puzzle_antumbra_tokamak_02_parts03_index01	Sanctum of Benediction Fusion Reactor Core	kuku-power-core	gimmick important kuku-pot-item kuku-power-core no-sell tier-0 wild	0	1
1865	1003592	Item_gimmick_puzzle_antumbra_tokamak_02_parts04_index01	Sanctum of Benediction Fusion Reactor Core	kuku-power-core	gimmick important kuku-pot-item kuku-power-core no-sell tier-0 wild	0	1
1866	1003593	Item_gimmick_puzzle_antumbra_tokamak_02_parts01_index03	Sanctum of Absolution Fusion Reactor Core	kuku-power-core	gimmick important kuku-pot-item kuku-power-core no-sell tier-0 wild	0	1
1867	1003594	Item_gimmick_puzzle_antumbra_tokamak_02_parts02_index03	Sanctum of Absolution Fusion Reactor Core	kuku-power-core	gimmick important kuku-pot-item kuku-power-core no-sell tier-0 wild	0	1
1868	1003595	Item_gimmick_puzzle_antumbra_tokamak_02_parts03_index03	Sanctum of Absolution Fusion Reactor Core	kuku-power-core	gimmick important kuku-pot-item kuku-power-core no-sell tier-0 wild	0	1
1869	1003596	Item_gimmick_puzzle_antumbra_tokamak_02_parts04_index03	Sanctum of Absolution Fusion Reactor Core	kuku-power-core	gimmick important kuku-pot-item kuku-power-core no-sell tier-0 wild	0	1
1870	1003597	Item_gimmick_puzzle_antumbra_tokamak_02_parts01_index04	Sanctum of Mortification Fusion Reactor Core	kuku-power-core	gimmick important kuku-pot-item kuku-power-core no-sell tier-0 wild	0	1
1871	1003598	Item_gimmick_puzzle_antumbra_tokamak_02_parts02_index04	Sanctum of Mortification Fusion Reactor Core	kuku-power-core	gimmick important kuku-pot-item kuku-power-core no-sell tier-0 wild	0	1
1872	1003599	Item_gimmick_puzzle_antumbra_tokamak_02_parts03_index04	Sanctum of Mortification Fusion Reactor Core	kuku-power-core	gimmick important kuku-pot-item kuku-power-core no-sell tier-0 wild	0	1
1873	1003600	Item_gimmick_puzzle_antumbra_tokamak_02_parts04_index04	Sanctum of Mortification Fusion Reactor Core	kuku-power-core	gimmick important kuku-pot-item kuku-power-core no-sell tier-0 wild	0	1
1874	1003601	Item_gimmick_puzzle_antumbra_tokamak_03_parts01	Sanctum of Temperance Fusion Reactor Core	kuku-power-core	gimmick important kuku-pot-item kuku-power-core no-sell tier-0 wild	0	1
1875	1003602	Item_gimmick_puzzle_antumbra_tokamak_03_parts02	Sanctum of Temperance Fusion Reactor Core	kuku-power-core	gimmick important kuku-pot-item kuku-power-core no-sell tier-0 wild	0	1
1876	1003603	Item_gimmick_puzzle_antumbra_tokamak_03_parts03	Sanctum of Temperance Fusion Reactor Core	kuku-power-core	gimmick important kuku-pot-item kuku-power-core no-sell tier-0 wild	0	1
1877	1003604	Item_gimmick_puzzle_antumbra_tokamak_03_parts04	Sanctum of Temperance Fusion Reactor Core	kuku-power-core	gimmick important kuku-pot-item kuku-power-core no-sell tier-0 wild	0	1
1878	1003605	Item_gimmick_puzzle_antumbra_tokamak_03_parts01_index02	Sanctum of Solace Fusion Reactor Core	kuku-power-core	gimmick important kuku-pot-item kuku-power-core no-sell tier-0 wild	0	1
1879	1003606	Item_gimmick_puzzle_antumbra_tokamak_03_parts02_index02	Sanctum of Solace Fusion Reactor Core	kuku-power-core	gimmick important kuku-pot-item kuku-power-core no-sell tier-0 wild	0	1
1880	1003607	Item_gimmick_puzzle_antumbra_tokamak_03_parts03_index02	Sanctum of Solace Fusion Reactor Core	kuku-power-core	gimmick important kuku-pot-item kuku-power-core no-sell tier-0 wild	0	1
1881	1003608	Item_gimmick_puzzle_antumbra_tokamak_03_parts04_index02	Sanctum of Solace Fusion Reactor Core	kuku-power-core	gimmick important kuku-pot-item kuku-power-core no-sell tier-0 wild	0	1
1882	1003609	Item_gimmick_puzzle_antumbra_tokamak_03_parts01_index04	Sanctum of Faith Fusion Reactor Core	kuku-power-core	gimmick important kuku-pot-item kuku-power-core no-sell tier-0 wild	0	1
1883	1003610	Item_gimmick_puzzle_antumbra_tokamak_03_parts02_index04	Sanctum of Faith Fusion Reactor Core	kuku-power-core	gimmick important kuku-pot-item kuku-power-core no-sell tier-0 wild	0	1
1884	1003611	Item_gimmick_puzzle_antumbra_tokamak_03_parts03_index04	Sanctum of Faith Fusion Reactor Core	kuku-power-core	gimmick important kuku-pot-item kuku-power-core no-sell tier-0 wild	0	1
1885	1003612	Item_gimmick_puzzle_antumbra_tokamak_03_parts04_index04	Sanctum of Faith Fusion Reactor Core	kuku-power-core	gimmick important kuku-pot-item kuku-power-core no-sell tier-0 wild	0	1
1886	1003613	Item_gimmick_puzzle_antumbra_tokamak_03_parts01_index06	Sanctum of Revelation Fusion Reactor Core	kuku-power-core	gimmick important kuku-pot-item kuku-power-core no-sell tier-0 wild	0	1
1887	1003614	Item_gimmick_puzzle_antumbra_tokamak_03_parts02_index06	Sanctum of Revelation Fusion Reactor Core	kuku-power-core	gimmick important kuku-pot-item kuku-power-core no-sell tier-0 wild	0	1
1888	1003615	Item_gimmick_puzzle_antumbra_tokamak_03_parts03_index06	Sanctum of Revelation Fusion Reactor Core	kuku-power-core	gimmick important kuku-pot-item kuku-power-core no-sell tier-0 wild	0	1
1889	1003616	Item_gimmick_puzzle_antumbra_tokamak_03_parts04_index06	Sanctum of Revelation Fusion Reactor Core	kuku-power-core	gimmick important kuku-pot-item kuku-power-core no-sell tier-0 wild	0	1
1890	1003617	Item_gimmick_puzzle_antumbra_tokamak_05_parts01_index01	Sanctum of Atonement Fusion Reactor Core	kuku-power-core	gimmick important kuku-pot-item kuku-power-core no-sell tier-0 wild	0	1
1891	1003618	Item_gimmick_puzzle_antumbra_tokamak_05_parts02_index01	Sanctum of Atonement Fusion Reactor Core	kuku-power-core	gimmick important kuku-pot-item kuku-power-core no-sell tier-0 wild	0	1
1892	1003619	Item_gimmick_puzzle_antumbra_tokamak_05_parts03_index01	Sanctum of Atonement Fusion Reactor Core	kuku-power-core	gimmick important kuku-pot-item kuku-power-core no-sell tier-0 wild	0	1
1893	1003620	Item_gimmick_puzzle_antumbra_tokamak_05_parts04_index01	Sanctum of Atonement Fusion Reactor Core	kuku-power-core	gimmick important kuku-pot-item kuku-power-core no-sell tier-0 wild	0	1
1894	1003621	Item_gimmick_puzzle_antumbra_tokamak_05_parts01_index02	Sanctum of Exaltation Fusion Reactor Core	kuku-power-core	gimmick important kuku-pot-item kuku-power-core no-sell tier-0 wild	0	1
1895	1003622	Item_gimmick_puzzle_antumbra_tokamak_05_parts02_index02	Sanctum of Exaltation Fusion Reactor Core	kuku-power-core	gimmick important kuku-pot-item kuku-power-core no-sell tier-0 wild	0	1
1896	1003623	Item_gimmick_puzzle_antumbra_tokamak_05_parts03_index02	Sanctum of Exaltation Fusion Reactor Core	kuku-power-core	gimmick important kuku-pot-item kuku-power-core no-sell tier-0 wild	0	1
1897	1003624	Item_gimmick_puzzle_antumbra_tokamak_05_parts04_index02	Sanctum of Exaltation Fusion Reactor Core	kuku-power-core	gimmick important kuku-pot-item kuku-power-core no-sell tier-0 wild	0	1
1898	1003625	Item_gimmick_puzzle_antumbra_tokamak_05_parts01_index04	Sanctum of Devotion Fusion Reactor Core	kuku-power-core	gimmick important kuku-pot-item kuku-power-core no-sell tier-0 wild	0	1
1899	1003626	Item_gimmick_puzzle_antumbra_tokamak_05_parts02_index04	Sanctum of Devotion Fusion Reactor Core	kuku-power-core	gimmick important kuku-pot-item kuku-power-core no-sell tier-0 wild	0	1
1900	1003627	Item_gimmick_puzzle_antumbra_tokamak_05_parts03_index04	Sanctum of Devotion Fusion Reactor Core	kuku-power-core	gimmick important kuku-pot-item kuku-power-core no-sell tier-0 wild	0	1
1901	1003628	Item_gimmick_puzzle_antumbra_tokamak_05_parts04_index04	Sanctum of Devotion Fusion Reactor Core	kuku-power-core	gimmick important kuku-pot-item kuku-power-core no-sell tier-0 wild	0	1
1902	1003629	Item_gimmick_puzzle_antumbra_tokamak_05_parts01_index05	Sanctum of Deliverance Fusion Reactor Core	kuku-power-core	gimmick important kuku-pot-item kuku-power-core no-sell tier-0 wild	0	1
1903	1003630	Item_gimmick_puzzle_antumbra_tokamak_05_parts02_index05	Sanctum of Deliverance Fusion Reactor Core	kuku-power-core	gimmick important kuku-pot-item kuku-power-core no-sell tier-0 wild	0	1
1904	1003631	Item_gimmick_puzzle_antumbra_tokamak_05_parts03_index05	Sanctum of Deliverance Fusion Reactor Core	kuku-power-core	gimmick important kuku-pot-item kuku-power-core no-sell tier-0 wild	0	1
1905	1003632	Item_gimmick_puzzle_antumbra_tokamak_05_parts04_index05	Sanctum of Deliverance Fusion Reactor Core	kuku-power-core	gimmick important kuku-pot-item kuku-power-core no-sell tier-0 wild	0	1
1906	1002784	Item_gimmick_attach_abyss_core_01	Power Core - Gate of Collapse	kuku-pot-item	gimmick important kuku-pot-item no-sell tier-0 wild	0	1
1907	1002819	Item_gimmick_attach_abyss_core_02	Power Core - Ore of Resipiscence	kuku-pot-item	gimmick important kuku-pot-item no-sell tier-0 wild	0	1
1908	1002820	Item_gimmick_attach_abyss_core_03	Power Core - Casket of Illusions	kuku-pot-item	gimmick important kuku-pot-item no-sell tier-0 wild	0	1
1909	1002821	Item_gimmick_attach_abyss_core_04	Power Core - Crown of Shadows	kuku-pot-item	gimmick important kuku-pot-item no-sell tier-0 wild	0	1
1910	1002825	Item_gimmick_attach_abyss_core_05	Power Core - Spire of Defiance	kuku-pot-item	gimmick important kuku-pot-item no-sell tier-0 wild	0	1
1911	1002826	Item_gimmick_attach_abyss_core_06	Power Core - Verse of Sowing	kuku-pot-item	gimmick important kuku-pot-item no-sell tier-0 wild	0	1
1912	1003827	Item_gimmick_nature_rock_dissolve_stone_core_01	Abyss Cell: No. 0	kuku-pot-item	gimmick kuku-pot-item no-sell tier-0 wild	0	1
1913	1004112	Item_gimmick_tumbleweed_0001	Tumbleweed	crafting-material	crafting-material gimmick goods knowledge material stackable tier-0	0	5
1914	6001	Inventory_Expansion_1	Small Bag	bag	bag stackable tier-0 use-immediately wild	0	50
1915	6002	Inventory_Expansion_2	Medium Bag	bag	bag stackable tier-0 use-immediately wild	0	150
1916	6005	Inventory_Expansion_3	Large Bag	bag	bag stackable tier-0 use-immediately wild	0	250
1917	6003	Inventory_Expansion_4	Extra Large Bag	bag	bag stackable tier-0 use-immediately wild	0	500
1918	1004777	Pet_Slot_Expansion_Start	Small Haven for Pets	bag	bag stackable tier-0 use-immediately wild	0	50
1919	1004718	Pet_Slot_Expansion_1	Small Haven for Pets	bag	bag stackable tier-0 use-immediately wild	0	50
1920	1004725	Pet_Slot_Expansion_1_2	Small Haven for Pets	bag	bag stackable tier-0 use-immediately wild	0	50
1921	1004726	Pet_Slot_Expansion_1_3	Small Haven for Pets	bag	bag stackable tier-0 use-immediately wild	0	50
1922	1004763	Pet_Slot_Expansion_2_1	Haven for Pets	bag	bag stackable tier-0 use-immediately wild	0	150
1923	1004764	Pet_Slot_Expansion_2_2	Haven for Pets	bag	bag stackable tier-0 use-immediately wild	0	300
1924	1004765	Pet_Slot_Expansion_2_3	Haven for Pets	bag	bag stackable tier-0 use-immediately wild	0	300
1925	1004720	Pet_Slot_Expansion_3	Large Haven for Pets	bag	bag stackable tier-0 use-immediately wild	0	300
1926	1003835	Inventory_Expansion_Sellable_1	Small Bag	bag	bag no-discard no-sell stackable tier-0	0	1316
1927	1003852	Inventory_Expansion_Sellable_2	Medium Bag	bag	bag no-discard no-sell stackable tier-0	0	3948
1928	1003853	Inventory_Expansion_Sellable_3	Large Bag	bag	bag no-discard no-sell stackable tier-0	0	6580
1929	1003854	Inventory_Expansion_Sellable_4	Extra Large Bag	bag	bag no-discard no-sell stackable tier-0	0	13158
1930	1002755	FarmSlot_Expansion_1	Small Livestock Capacity Increase	bag	bag no-sell stackable tier-0 use-immediately wild	0	1
1931	1002756	FarmSlot_Expansion_2	Medium Livestock Capacity Increase	bag	bag no-sell stackable tier-0 use-immediately wild	0	1
1932	1002779	FarmSlot_Expansion_3	Large Livestock Capacity Increase	bag	bag no-sell stackable tier-0 use-immediately wild	0	1
1933	1002380	Alchemist_Key_Proto	Shabby Wooden Key	key	key no-sell quest tier-0 wild	0	1
1934	802261	Alchemist_Key	Engraved Key	key	key no-sell quest tier-0 wild	0	1
1935	1002260	SungroveManor_HomeKey	Sungrove Manor Key	key	key no-sell quest tier-0 wild	0	1
1936	1000888	StellenManor_ClosetKey	Stellen Manor Closet Key	key	key no-sell quest tier-0 wild	0	1
1937	1000863	WellsDungeon_Key	Thornbriar Dungeon Key	key	key quest tier-0 wild	0	15
1938	1002985	FortMoru_Key	Fort Anvil Key	key	key no-sell quest tier-0 wild	0	1
1939	1002250	WestDemenissChurch_Key	Church Crypt Key	key	key quest tier-0 wild	0	15
1940	1001176	WitchWarehouse_Key	Witch's Storehouse Key	key	key no-sell quest tier-0 wild	0	1
1941	30051	Tower_Key	Beacon Key	key	key no-sell quest tier-0 wild	0	1
1942	802353	Hernand_Winery_Key	Hernand Wine Storehouse Key	key	key no-sell quest tier-0 wild	0	1
1943	802923	Goblin_Director_House_Key	Overseer's House Key	key	key no-sell quest tier-0 wild	0	1
1944	1000728	Quest_Hostages_House_Key	Black Bear Prison Key	key	important key no-sell quest tier-0 wild	0	1
1945	802926	GraceMansion_MetalDoor_Key	Glenbright Manor Key	key	key no-sell quest tier-0 wild	0	1
1946	802927	GraceMansion_RoomDoor_Key	Glenbright Manor Basement Key	key	key no-sell quest tier-0 wild	0	1
1947	1000798	Del_Prison_Room_Key	Delesyia Prison Key	key	key no-sell quest tier-0 wild	0	1
1948	1000973	GantryCrane_Big_Key	Crane Control Room Key	key	key quest tier-0 wild	0	15
1949	1000707	Quest_HernandCastle_Underground_Key	Hernand Castle Basement Key	key	key no-sell quest tier-0 wild	0	1
1950	30041	Home_Key	Key	key	key stackable tier-0	0	15
1951	30059	Metal_Gate_Key	Iron Gate Key	key	important key no-sell stackable tier-0	0	1
1952	30064	Prison_Key	Prison Key	key	key stackable tier-0	0	13
1953	1002294	Master_Key	Master Key	key	key stackable tier-0	0	15
1954	1000514	Quest_Grace_GoldDagger_I	Ruby-Set Golden Dagger	key	cube-key hidden key no-sell quest tier-0 wild	0	1
1955	1000581	Quest_Grace_GoldDagger_II	Sapphire-Set Golden Dagger	key	cube-key hidden key no-sell quest tier-0 wild	0	1
1956	1000151	Quest_Crowman_Key_I	Dagger of Radiance	key	cube-key hidden key no-sell quest tier-0 wild	0	1
1957	1001197	Quest_TrolluniversityTower_Key	Spire of the Stars Key	key	cube-key hidden key no-sell quest tier-0 wild	0	1
1958	1002271	Quest_Witch_Token_I	Witch's Token	key	cube-key hidden key no-sell quest tier-0 wild	0	1
1959	1002272	Quest_Witch_Token_II	Witch's Token	key	cube-key hidden key no-sell quest tier-0 wild	0	1
1960	1002273	Quest_Witch_Token_III	Witch's Token	key	cube-key hidden key no-sell quest tier-0 wild	0	1
1961	1002378	Quest_Witch_Token_IV	Witch's Token	key	cube-key hidden key no-sell quest tier-0 wild	0	1
1962	1001309	Quest_TrollCube_I	Engraved Stone	key	cube-key hidden key no-sell quest tier-0 wild	0	1
1963	1001310	Quest_TrollCube_III	Engraved Stone	key	cube-key hidden key no-sell quest tier-0 wild	0	1
1964	1001311	Quest_TrollCube_IV	Engraved Stone	key	cube-key hidden key no-sell quest tier-0 wild	0	1
1965	1001764	Installation_01_key	Valvegard Garrison Key	key	cube-key hidden key no-sell tier-0 wild	0	1
1966	1001765	Installation_02_key	Marni's Laboratorium Key	key	cube-key hidden key no-sell tier-0 wild	0	1
1967	1001766	Installation_03_key	Aeronautical Research Base Key	key	cube-key hidden key no-sell tier-0 wild	0	1
1968	1000497	Neut_Delpheon_EMP_key	Gate of Peace Disruptor Key	key	cube-key hidden key no-sell tier-0 wild	0	1
1969	1002524	MarniTower_Key	Spire of Clockwork Key	key	cube-key hidden key no-sell tier-0 wild	0	1
1970	1002500	Quest_Fissure_Maze_I	Engraved Stone	key	cube-key hidden key no-sell quest tier-0 wild	0	1
1971	1002709	Quest_Fissure_Maze_II	Engraved Stone	key	cube-key hidden key no-sell quest tier-0 wild	0	1
1972	1002713	Quest_Fissure_Maze_III	Engraved Stone	key	cube-key hidden key no-sell quest tier-0 wild	0	1
1973	1002788	Quest_Burham_Maze_I	Engraved Stone	key	cube-key hidden key no-sell quest tier-0 wild	0	1
1974	1002789	Quest_Burham_Maze_II	Engraved Stone	key	cube-key hidden key no-sell quest tier-0 wild	0	1
1975	1002790	Quest_Burham_Maze_III	Engraved Stone	key	cube-key hidden key no-sell quest tier-0 wild	0	1
1976	1000723	Quest_EastTower_Maze_I	Engraved Stone	key	cube-key hidden key no-sell quest tier-0 wild	0	1
1977	1003666	Quest_EastTower_Maze_II	Engraved Stone	key	cube-key hidden key no-sell quest tier-0 wild	0	1
1978	1003667	Quest_EastTower_Maze_III	Engraved Stone	key	cube-key hidden key no-sell quest tier-0 wild	0	1
1979	1001249	Quest_Book_Mansion_I	Book	key	cube-key hidden key no-sell quest tier-0 wild	0	1
1980	1	Money_Copper	Copper	currency	currency no-discard no-sell stackable tier-0	0	1
1981	1000952	Very_Small_Copper_Pack	Paltry Copper Pouch	currency	currency currency-pack no-sell stackable tier-0	0	5
1982	103	Small_Copper_Pack	Light Copper Pouch	currency	currency currency-pack no-sell stackable tier-0	0	20
1983	101	Copper_Pack	Modest Copper Pouch	currency	currency currency-pack no-sell stackable tier-0	0	60
1984	102	Heavy_Copper_Pack	Full Copper Pouch	currency	currency currency-pack no-sell stackable tier-0	0	80
1985	1000629	Small_Silver_Pack	Modest Silver Pouch	currency	currency currency-pack no-sell stackable tier-0	0	300
1986	104	Silver_Pack	Full Silver Pouch	currency	currency currency-pack no-sell stackable tier-0	0	10000
1987	105	Heavy_Silver_Pack	Overflowing Silver Pouch	currency	currency currency-pack no-sell stackable tier-0	0	20000
1988	1005852	NewGame_Silver_Pack	Wayfarer's Silver Pouch	currency	currency currency-pack no-discard no-sell stackable tier-0	0	100000
1989	53	GoldBar	Gold Bar	currency	currency tier-0	0	50000
1990	10021720	GoldBar_Fake	Crude Gold Bar	currency	currency stackable tier-0	0	1316
1991	11	Money_Camp_Money	Camp Funds	currency	camp-resource currency stackable tier-0	0	1
1992	12	Money_Camp_Food	Camp Food	currency	camp-resource currency no-sell stackable tier-0	0	4
1993	13	Money_Camp_Wood	Camp Timber	currency	camp-resource currency no-sell stackable tier-0	0	8
1994	14	Money_Camp_Stone	Camp Stone	currency	camp-resource currency no-sell stackable tier-0	0	8
1995	15	Money_Camp_Weapon	Camp Weapons	currency	camp-resource currency no-sell stackable tier-0	0	20
1996	1000547	Cog	Cogwheel	currency	currency knowledge kuku-currency stackable tier-0	0	56
1997	1002198	Small_Mechanical_Powerplant	Small Battery	currency	currency knowledge kuku-currency stackable tier-0	0	121
1998	30022	Specialty_Oil	Lubricant	dev	currency dev knowledge kuku-currency stackable tier-0	0	234
1999	1000485	Money_Kuku_MachineBug	Clockwork Insect	currency	currency knowledge kuku-currency stackable tier-0	0	240
2000	1002971	Cog_Pack	Cogwheel	kuku-currency	kuku-currency stackable tier-0 use-immediately wild	0	56
2001	1003735	Small_Mechanical_Powerplant_Pack	Small Battery	kuku-currency	kuku-currency stackable tier-0 use-immediately wild	0	121
2002	1003756	Specialty_Oil_Pack	Lubricant	dev	dev kuku-currency stackable tier-0 use-immediately wild	0	234
2003	1000658	Contribution_Graymane	Greymane Contribution	currency	contribution currency no-sell stackable tier-0	0	1
2004	1001754	Contribution_Hernandian	Hernandian Contribution	currency	contribution currency no-sell stackable tier-0	0	1
2005	1001753	Contribution_Demenissian	Demenissian Contribution	currency	contribution currency no-sell stackable tier-0	0	1
2006	1001755	Contribution_Pailunese	Pailunese Contribution	currency	contribution currency no-sell stackable tier-0	0	1
2007	1001759	Contribution_Delesyian	Delesyian Contribution	currency	contribution currency no-sell stackable tier-0	0	1
2008	1003749	Contribution_Tashkalpan	Tashkalp Contribution	currency	contribution currency no-sell stackable tier-0	0	1
2009	2	Money_Pearl	Pearl	currency	currency no-sell tier-0	0	1
2010	1003828	Item_Her_Enchant_Coin	Hernand Refinement Token	currency	currency no-sell refinement-token stackable tier-0 token wild	0	1
2011	1003830	Item_Dem_Enchant_Coin	Demeniss Refinement Token	currency	currency no-sell refinement-token stackable tier-0 token wild	0	1
2012	1003831	Item_Del_Enchant_Coin	Delesyia Refinement Token	currency	currency no-sell refinement-token stackable tier-0 token wild	0	1
2013	1003832	Item_Pailoon_Enchant_Coin	Pailune Refinement Token	currency	currency no-sell refinement-token stackable tier-0 token wild	0	1
2014	1003833	Item_Beighen_Enchant_Coin	Beighen Refinement Token	currency	currency no-sell refinement-token stackable tier-0 token wild	0	1
2015	1003834	Item_Tomaso_Enchant_Coin	Tommaso Refinement Token	currency	currency no-sell refinement-token stackable tier-0 token wild	0	1
2016	1003851	Item_Varnia_Enchant_Coin	Varnia Refinement Token	currency	currency no-sell refinement-token stackable tier-0 token wild	0	1
2017	1004318	Item_Pinball_Coin	Marni Token	currency	currency minigame no-discard no-sell stackable tier-0 token	0	1
2018	1004910	Hernand_Bond	Hernand Bond	currency	currency no-discard stackable tier-0	0	
2019	1000595	Shay_Cat_Clue	Shai's Pendant	keepsake	keepsake quest tier-0 wild	0	27
2020	1002379	Shay_Cat_Clue_Shining	Shining Shai Pendant	keepsake	keepsake quest tier-0 wild	0	27
2021	1003775	Graymane_Token	Greymane's Token	keepsake	keepsake knowledge quest tier-0 wild	0	27
2022	70010	Old_Wood_Doll_II	Old Wooden Doll	keepsake	keepsake quest tier-0 wild	0	27
2023	800047	Goat_Horn_Potion	Mysterious Elixir	keepsake	keepsake quest tier-0 wild	0	27
2024	800174	Anvil_Fort_Secret_Document	The Seal of House Serkis	keepsake	keepsake quest tier-0 wild	0	27
2025	802345	Crow_Charm	Talisman	keepsake	keepsake quest tier-0 wild	0	27
2026	802346	Crow_Bell	Bells	keepsake	keepsake quest tier-0 wild	0	27
2027	802347	Crow_Thurible	Censer	keepsake	keepsake quest tier-0 wild	0	27
2028	1000862	Quest_Legend_Songyi	Mystical Pine Mushroom	keepsake	keepsake quest stackable tier-0 wild	0	27
2029	1000864	Quest_Poison_Pyogo	Poison-Soaked Oakwood Mushroom	keepsake	keepsake quest stackable tier-0 wild	0	27
2030	1000234	ReedDevil_Mask	Mask of the Devil of the Reed Field	keepsake	keepsake quest stackable tier-0 wild	0	27
2031	1001189	ReedDevil_Doll	Devil of the Reed Field's Doll	keepsake	keepsake quest tier-0 wild	0	27
2032	1000997	GuardianTree_Pear	Fruit of Life	keepsake	hidden keepsake quest tier-0 wild	0	27
2033	1001835	Pororin_Sacred	Pororin Relic	keepsake	keepsake quest tier-0 wild	0	27
2034	1000577	NahabVillage_Pendant	Nahab Pendant	keepsake	keepsake quest tier-0 wild	0	27
2035	1000857	BeggarLeader_FindPotion	Plague Remedy	keepsake	keepsake quest tier-0 wild	0	27
2036	1000391	Quest_GoldenStar_key	Golden Star's Power Core	keepsake	keepsake quest tier-0 wild	0	27
2037	1002986	Quest_Order_Delkin_Pot	Stone Jar	keepsake	keepsake quest tier-0 wild	0	27
2038	1002634	Tina_Noble_Leather_Helm	Noble's Hat	keepsake	keepsake quest tier-0 wild	0	27
2039	1002526	Memo_Serkis_Piece_1	Piece from Oakenshield Manor	keepsake	keepsake quest tier-0 wild	0	27
2040	1002566	Memo_Serkis_Piece_2	Piece from Lioncrest Watchtower	keepsake	keepsake quest tier-0 wild	0	27
2041	1002582	Memo_Serkis_Piece_3	Piece from Duskwood	keepsake	keepsake quest tier-0 wild	0	27
2042	1002588	Memo_Serkis_Piece_4	Piece from St. Halssius	keepsake	keepsake quest tier-0 wild	0	27
2043	1002988	Sword_DelesyiaInstitute_Clue_CrimDagger	Sharp Dagger	keepsake	keepsake quest tier-0 wild	0	27
2044	1003257	Paper_GoldleafGuildhouse_Clue_VII	Merchant Delivery Seal	keepsake	keepsake quest tier-0 wild	0	27
2045	1004377	Hexe_Wooden_Toy	Wooden Soldier Figurine	keepsake	keepsake knowledge quest tier-0 wild	0	27
2046	1004068	Hexe_Ring	Hexe Pendant	keepsake	keepsake knowledge quest tier-0 wild	0	27
2047	1004070	Family_Crest_Surcoat	A Surcoat Embroidered with a Family Crest	keepsake	keepsake knowledge quest tier-0 wild	0	27
2048	1004373	Broken_Graymane_Token	Shattered Greymane Token	keepsake	keepsake knowledge quest tier-0 wild	0	27
2049	1005404	Grace_HiddenDagger	Hidden Dagger	keepsake	keepsake knowledge quest tier-0 wild	0	27
2050	1005405	Imp_Banquet_Horn	Sawed-Off Horns	keepsake	keepsake knowledge quest tier-0 wild	0	27
2051	1005406	LaveMyurdin_Ring	Myurdin's Ring	keepsake	keepsake knowledge quest tier-0 wild	0	27
2052	1005407	Bastier_Seal_Letter	Bastier's Sealed Secret Letter	keepsake	keepsake knowledge quest tier-0 wild	0	27
2053	1005408	Scorched_HandMirror	Fire-Scorched Mirror	keepsake	keepsake knowledge quest tier-0 wild	0	27
2054	1005409	Karzul_SlaughterLedger	Bradie Gu's Slaughter Ledger	keepsake	keepsake knowledge quest tier-0 wild	0	27
2055	1005410	WhithHorn_ChildBoots	Child's Boots	keepsake	keepsake knowledge quest tier-0 wild	0	27
2056	1002537	Letter_Valgash	Valgash's Letter	document	document quest tier-0 wild	0	2
2057	1002536	Shakatu_Scroll	Shakatu's Letter	document	document quest tier-0 wild	0	2
2058	1000105	MasterDoo_Scroll	Master Du's Message	document	document quest tier-0 wild	0	2
2059	1003251	Paper_GoldleafGuildhouse_Clue_I	Feed Purchase Receipt	document	document quest tier-0 wild	0	2
2060	1003253	Paper_GoldleafGuildhouse_Clue_III	Tavern Ledger	document	document quest tier-0 wild	0	2
2061	1003255	Paper_GoldleafGuildhouse_Clue_V	Guard's Report	document	document quest tier-0 wild	0	2
2062	1003258	Paper_GoldleafGuildhouse_Clue_VIII	Proof of Stay	document	document quest tier-0 wild	0	2
2063	1004394	Periodic_Continental_Situation_Report	Regular Continental Affairs Report	document	document quest tier-0 wild	0	27
2064	1004395	Kuku_Pot_Trade_Offer_Report	Kuku Pot Trade Proposal Report	document	document quest tier-0 wild	0	27
2065	1002502	Letter_TraderLetter	Undelivered Trader's Letter	document	document quest tier-0 wild	0	27
2066	1000584	Letter_Wolfmolar_Mountain_WifeLetter	A Wife's Letter	document	document quest tier-0 wild	0	27
2067	1000459	Paper_Find_Tolstein	Report on Beighen	document	document quest tier-0 wild	0	2
2068	1000393	Quest_Mague_Letter	Maegu's Letter	document	document quest tier-0 wild	0	2
2069	1000776	Quest_Ulzok_Stolen_Map	Ulzok's Hideout	document	document quest tier-0 wild	0	27
2070	1000466	Friendly_Legendary_Hunter	The Legendary Hunter's Whereabouts	document	document quest tier-0 wild	0	27
2071	1001847	TreasureMap_TreasureBuried	Ursula's Treasure Map	document	document quest tier-0 wild	0	2
2072	1002728	TreasureBuried_FirstPiece	First Piece	document	document quest tier-0 wild	0	2
2073	1002729	TreasureBuried_SecondPiece	Second Piece	document	document quest tier-0 wild	0	2
2074	1002730	TreasureBuried_ThirdPiece	Third Piece	document	document quest tier-0 wild	0	2
2075	802453	Letter_Go_To_ScolaStone	Alustin's Letter	document	document quest tier-0 wild	0	2
2076	802942	Grace_Blueprint	Cloudcart Blueprint	document	document quest tier-0 wild	0	27
2077	1000540	Letter_Elimores_Secret	Countess Azerian's Letter	document	document quest tier-0 wild	0	27
2078	1000817	Letter_Azureian_Secret	Countess Azerian's Secret Letter	document	document quest tier-0 wild	0	27
2079	1002567	Seal_Epistle	Sealed Letter	document	document quest tier-0 wild	0	27
2080	1002854	UnSeal_Epistle	Unsealed Letter	document	document quest tier-0 wild	0	2
2081	1003826	AbyssGear_Epistle	White Crow's Letter	document	document quest tier-0 wild	0	2
2082	1000148	Epistle	Mysterious Letter	document	document quest tier-0 wild	0	2
2083	1000558	MarniDragon_GoldenStar	Golden Star Blueprint	document	document quest tier-0 wild	0	27
2084	1001418	MarniDragon_MarniRen	Careful Observation of H.A.L.L.	document	document quest tier-0 wild	0	27
2085	1000559	MarniDragon_DemenissLetter	Caliburn's Orders	document	document quest tier-0 wild	0	27
2086	1001291	Paper_Kuku_Pot	Mysterious Pot Crafting Contract	document	document quest tier-0 wild	0	27
2087	1001337	Quest_PendantInSnow_Letter	Letter to Younger Brother	document	document quest tier-0 wild	0	27
2088	1001745	Quest_CelesterToBarden	Celeste's Confidential Letter	document	document quest tier-0 wild	0	2
2089	1001776	Memo_RuinedChapel	Mysterious Note	document	document quest tier-0 wild	0	27
2090	1001857	Memo_SebastianMemo	Mapmaker's Note	document	document quest tier-0 wild	0	2
2091	1003697	Quest_Hunter_Letter	A Hunter's Letter	document	document quest tier-0 wild	0	27
2092	1001846	NoticePaper_Finale_Timberton	Harris's Letter	document	document quest tier-0 wild	0	2
2093	1001774	NoticePaper_Finale_Byron	Warning Written in Blood	document	document quest tier-0 wild	0	2
2094	1001879	NoticePaper_Finale_Calphade	Letter of Gratitude from Calphade	document	document quest tier-0 wild	0	27
2095	1001803	Memo_Judgment	Warning of Judgment	document	document quest stackable tier-0 wild	0	27
2096	1000959	Quest_ByronMyurdin_Letter	Letter from Abroad	document	document quest tier-0 wild	0	2
2097	1000960	Quest_ByronBastier_Letter	Anonymous Letter	document	document quest tier-0 wild	0	2
2098	1000961	Quest_ByronBastier_Letter_1	Alliance Progress Report	document	document quest tier-0 wild	0	27
2099	1000962	Quest_MarchellBastier_Letter	Marshell's Letter	document	document quest tier-0 wild	0	2
2100	1000969	Quest_MarchellByron_Letter	B's Secret Letter	document	document quest tier-0 wild	0	2
2101	1000630	Letter_Visione_MotherLetter	Letter from a Mother	document	document quest tier-0 wild	0	27
2102	1002493	Paper_StonemireRuins_Report_2	Stonemire Ruins Record No. 2	document	document quest tier-0 wild	0	27
2103	1002590	Paper_StonemireRuins_Report_3	Stonemire Ruins Record No. 3	document	document quest tier-0 wild	0	27
2104	1002560	Memo_CabinLeftMemo	Note in the Cabin	document	document quest tier-0 wild	0	27
2105	1002616	Memo_lightningstriketree	Lightning-Struck Tree	document	document quest tier-0 wild	0	27
2106	1002801	Memo_ButlerLeftMemo	A Butler's Note	document	document quest tier-0 wild	0	27
2107	1000706	Memo_Proceedings	Supply Delivery Log	document	document quest tier-0 wild	0	27
2108	1001528	Paper_FromYann	Yann's Letter	document	document quest tier-0 wild	0	2
2109	1002516	Memo_Serkis_Clue_1	Clue from Oakenshield Manor	document	document quest tier-0 wild	0	2
2110	1002547	Memo_Serkis_Clue_2	Clue from Lioncrest Watchtower	document	document quest tier-0 wild	0	2
2111	1003282	Memo_Serkis_FalseEvidence_1	The Thief's First Note	document	document quest tier-0 wild	0	2
2112	1003283	TreasureMap_FalseEvidence_1	A Map Left at the Torchlight Beacon	document	document quest tier-0 wild	0	2
2113	1001751	Memo_Serkis_FalseEvidence_2	The Thief's Second Note	document	document quest tier-0 wild	0	2
2114	1001752	Memo_Serkis_FalseEvidence_3	The Thief's Third Note	document	document quest tier-0 wild	0	2
2115	1002577	Memo_Serkis_Clue_3	Clue from Duskwood	document	document quest tier-0 wild	0	2
2116	1002586	Memo_Serkis_Clue_4	Clue from St. Halssius	document	document quest tier-0 wild	0	2
2117	1002757	Memo_Serkis_Clue_5	Clue from Fort Anvil	document	document quest tier-0 wild	0	2
2118	1002987	Paper_DelesyiaInstitute_Clue_ResearchPaper	Research Suspension Warning	document	document quest tier-0 wild	0	2
2119	1003252	Paper_GoldleafGuildhouse_Clue_II	Trade Schedule Log	document	document quest tier-0 wild	0	27
2120	1003254	Paper_GoldleafGuildhouse_Clue_IV	Tax Notice	document	document quest tier-0 wild	0	27
2121	1003256	Paper_GoldleafGuildhouse_Clue_VI	Guard's Letter	document	document quest tier-0 wild	0	27
2122	1000676	Quest_Bloodcoronation_Document	Report on Myurdin's Whereabouts	document	document quest tier-0 wild	0	2
2123	1001255	Quest_Bloodcoronation_CampDocument_I	Informant's First Letter	document	document quest tier-0 wild	0	27
2124	1001302	Quest_Bloodcoronation_CampDocument_II	Informant's Second Letter	document	document quest tier-0 wild	0	27
2125	1001303	Quest_Bloodcoronation_CampDocument_III	Informant's Third Letter	document	document quest tier-0 wild	0	27
2126	1000188	Demeniss_Revolutionary_Paper_I	Demenissian Rebel's Secret Letter	document	document quest tier-0 wild	0	27
2127	1002504	Quest_Paper_DrugFactory_I	Ingredient Dispenser Instructions	document	document quest tier-0 wild	0	27
2128	1002511	Quest_Paper_DrugFactory_II	Washer Instructions	document	document quest tier-0 wild	0	27
2129	1002512	Quest_Paper_DrugFactory_III	Grinder Instructions	document	document quest tier-0 wild	0	27
2130	1002513	Quest_Paper_DrugFactory_IV	Dosing Pump Instructions	document	document quest tier-0 wild	0	27
2131	1002514	Quest_Paper_DrugFactory_V	Heater Instructions	document	document quest tier-0 wild	0	27
2132	1002515	Quest_Paper_DrugFactory_VI	Bottling Machine Instructions	document	document quest tier-0 wild	0	27
2133	1002517	Quest_Paper_DrugFactory_VII	Lift Instructions	document	document quest tier-0 wild	0	27
2134	1000856	Quest_Paper_HowToRemoveCrime	Light's Guidance	document	document quest tier-0 wild	0	27
2135	1002889	Quest_Paper_TaxStatement	Tax Notice	document	document quest tier-0 wild	0	27
2136	1003829	Quest_Paper_HowToMakeFundAccount	Investment Offer	document	document quest tier-0 wild	0	27
2137	1002781	Quest_Paper_HowToQuenching_I	Turnali's Smithy Flyer	document	document quest tier-0 wild	0	27
2138	1003644	Quest_Paper_Propagation	Wisdom Between Donation and Fruition	document	document quest tier-0 wild	0	27
2139	1003646	Quest_Paper_Stamina	Lost Letter	document	document quest tier-0 wild	0	27
2140	1003647	Quest_Paper_Nature	Lost Letter	document	document quest tier-0 wild	0	27
2141	1003701	Quest_Paper_AbyssTeleport	White Crow's Letter	document	document quest tier-0 wild	0	27
2142	1003648	Quest_Paper_Progression	Alustin's Letter	document	document quest tier-0 wild	0	27
2143	1000016	Quest_Paper_ContributionShop_Hernand	Hernand Contribution Office Flyer	document	document quest tier-0 wild	0	27
2144	1003657	Quest_Paper_KuKuATAG	Small Kuku A.T.A.G. Design	document	document quest tier-0 wild	0	27
2145	1003836	Quest_Paper_Foodstorage	Kuku Cooler Blueprint	document	document quest tier-0 wild	0	27
2146	1003837	Quest_Paper_HeavyFoodstorage	Enhanced Kuku Cooler Blueprint	document	document quest tier-0 wild	0	27
2147	1002802	Quest_Paper_Damian_AirJump	Letter for Damiane	document	document quest tier-0 wild	0	27
2148	1002840	Quest_Paper_Recipe_KuKu_Pot_RoketBag	Letter from Grimnir	document	document quest tier-0 wild	0	27
2149	1003748	Quest_Haldin_Stolen_Map	Haldin's Hideout	document	document quest tier-0 wild	0	27
2150	1003757	Quest_Paper_Chocolate_Factory_BackPack	Mobile Chocolate Workshop Research Journal	document	document quest tier-0 wild	0	
2151	1004904	Quest_Paper_MarniDragon_Boss_Rescue	Bio Power Source Experimental Log	document	document quest tier-0 wild	0	
2152	1005529	BlackBears_WantedPaper_Greyfur_Oongka	The Greymanes' Bounty Notice	document	document quest stackable tier-0 wild	0	27
2153	1005530	BlackBears_WantedPaper_Greyfur_Yann	The Greymanes' Bounty Notice	document	document quest stackable tier-0 wild	0	27
2154	1005531	BlackBears_WantedPaper_Greyfur_Nairah	The Greymanes' Bounty Notice	document	document quest stackable tier-0 wild	0	27
2155	1005532	BlackBears_WantedPaper_Greyfur_Andrew	The Greymanes' Bounty Notice	document	document quest stackable tier-0 wild	0	27
2156	1005533	BlackBears_WantedPaper_Greyfur_Russo	The Greymanes' Bounty Notice	document	document quest stackable tier-0 wild	0	27
2157	1005534	BlackBears_WantedPaper_Greyfur_Roy	The Greymanes' Bounty Notice	document	document quest stackable tier-0 wild	0	27
2158	1005538	Bandit_Greyfur_HuntingMap	Greymane Tracking Map	document	document quest stackable tier-0 wild	0	27
2159	1004072	Quest_Paper_Crowman_Adoptation	Damaged Consent to Adoption	document	document quest tier-0 wild	0	27
2160	1004826	Quest_Paper_Ward_List	Consent to Adoption	document	document quest tier-0 wild	0	27
2161	1004073	Quest_Paper_Bastion_Secret	Bastier's Secret Letter	document	document quest tier-0 wild	0	27
2162	1004074	Quest_Paper_Letter	Jian's Letter	document	document quest tier-0 wild	0	27
2163	1004076	Quest_Paper_Gregor_Letter	Records of Tributes to Gregor	document	document quest tier-0 wild	0	27
2164	1004217	Quest_Paper_Gregor_Record	Letter Regarding Tributes to Gregor	document	document quest tier-0 wild	0	27
2165	1004077	Quest_Paper_DemenissPolice	Demeniss Tribunal	document	document quest tier-0 wild	0	27
2166	1004080	Quest_Paper_MasterDoo_Ideology	Master Du's Beliefs	document	document quest tier-0 wild	0	27
2167	1004081	Quest_Paper_MineFortress_Blueprint	Storm Crusher Blueprint	document	document quest tier-0 wild	0	27
2168	1004082	Quest_Paper_LaserTank_Blueprint	Thunder Crusher Blueprint	document	document quest tier-0 wild	0	27
2169	1004083	Quest_Paper_Marnihouse_Blueprint	Marni's Bio-Capsule Design	document	document quest tier-0 wild	0	27
2170	1004084	Quest_Paper_BioExperiment_Blueprint	H.A.L.L. Bio-Capsule Design	document	document quest tier-0 wild	0	27
2171	1004236	Quest_Paper_Sentry_Journal	A Guard's Memoir	document	document quest tier-0 wild	0	27
2172	1004265	Quest_WantedPaper_Traitor_Hit_List	Traitor Hit List	document	document quest tier-0 wild	0	27
2173	1004055	Quest_WantedPaper_Arsonist_TheFaceless	Bounty Notice - The Masked Liberator	document	document quest tier-0 wild	0	27
2174	1004075	Quest_Paper_Antumbra_Contract	Pact of Antumbra	document	document quest tier-0 wild	0	27
2175	1004220	Quest_Paper_MoonScribbles_01	Child's Moon Doodle	document	document quest tier-0 wild	0	27
2176	1004221	Quest_Paper_MoonScribbles_02	Child's Moon Doodle	document	document quest tier-0 wild	0	27
2177	1004222	Quest_Paper_MoonScribbles_03	Child's Moon Doodle	document	document quest tier-0 wild	0	27
2178	1004089	Quest_Paper_Bankruptcy_Document	Notice of Bankruptcy	document	document quest tier-0 wild	0	27
2179	1004223	Quest_Paper_Merrick_SeizureList	Merrick Seizure List	document	document quest tier-0 wild	0	27
2180	1004224	Quest_Paper_Merrick_Letter	Merrick's Letter	document	document quest tier-0 wild	0	27
2181	1004225	Quest_Paper_NoblePropertyList	Noble House's Assets List	document	document quest tier-0 wild	0	27
2182	1004090	Quest_Paper_Dismissal_Document	Discharge Order	document	document quest tier-0 wild	0	27
2183	1004286	Quest_Paper_Navy_Inquiry_Report	Internal Naval Investigation Records	document	document quest tier-0 wild	0	27
2184	1004093	Quest_Paper_Verdict_Treason	Treason Verdict	document	document quest tier-0 wild	0	27
2185	1004094	Quest_Paper_Torn_Order	Torn Subjugation Order	document	document quest tier-0 wild	0	27
2186	1004095	Quest_Paper_Zoo_Flyer	Wildlife Park Flyer	document	document quest tier-0 wild	0	27
2187	1004096	Quest_Paper_Balthazar_Memo	Balthazar's Note	document	document quest tier-0 wild	0	27
2188	1004097	Quest_Paper_Wyvern_Species_Memo	Wyvern Traits	document	document quest tier-0 wild	0	27
2189	1004098	Quest_Paper_Merchant_Warning	Warning for the Merchant Guild	document	document quest tier-0 wild	0	27
2190	1004099	Quest_Paper_DeadHunter_Journal	Dead Hunter's Log	document	document quest tier-0 wild	0	27
2191	1004103	Quest_Paper_LongleafForest_PatrolRecord	Longleaf Forest Patrol Report	document	document quest tier-0 wild	0	27
2192	1004105	Quest_Paper_Cult_Order	Directive of the Order	document	document quest tier-0 wild	0	27
2193	1004241	Quest_Paper_Delinquency_Notice	Notice of Arrears	document	document quest tier-0 wild	0	27
2194	1004242	Quest_Paper_Seizure_Tag	Seizure Notice	document	document quest tier-0 wild	0	27
2195	1004243	Quest_Paper_Heresy_WarningFlyer	Heresy Warning Flyer	document	document quest tier-0 wild	0	27
2196	1004244	Quest_Paper_Heresy_Registry	Heretic Register	document	document quest tier-0 wild	0	27
2197	1004260	Quest_Paper_UltimateWeapon_Blueprint_01	Ultimate Weapon Interior Blueprint	document	document quest tier-0 wild	0	27
2198	1004261	Quest_Paper_UltimateWeapon_Blueprint_02	Ultimate Weapon Exterior Blueprint	document	document quest tier-0 wild	0	27
2199	1004262	Quest_Paper_Orc_TechnicalList	Orc Engineers	document	document quest tier-0 wild	0	27
2200	1004263	Quest_Paper_CaliburnSoldiers_Letter	Righteous Inquisitor's Letter	document	document quest tier-0 wild	0	27
2201	1004071	Zoo_Entry_Ticket	Wildlife Park Ticket	document	document quest tier-0 wild	0	27
2202	1005411	Paper_WhiteCrow_Witch_Letter	White Crow's Letter	document	document quest tier-0 wild	0	27
2203	1005412	Paper_Engineer_Working_Memo	Note of a Mechanic's Grumblings	document	document quest tier-0 wild	0	27
2204	1005413	ToWhiteBear_FromMyurdin_Letter	Myurdin's Letter	document	document quest tier-0 wild	0	27
2205	1005414	Mechanicus_Marni_Memo	Notes on Mechanicus's Development	document	document quest tier-0 wild	0	27
2206	1005415	Arboria_Caretaker_Journal	Caretaker's Journal	document	document quest tier-0 wild	0	27
2207	1002322	Paper_Bruna	Bruna's Note	document	document quest tier-0 wild	0	27
2208	1002415	Paper_Bruna_I	Saddler's Note	document	document quest tier-0 wild	0	27
2209	1002475	Paper_Bruna_II	Royal Trading Post Note	document	document quest tier-0 wild	0	27
2210	1002968	Paper_Forex	Forrex's Note	document	document quest tier-0 wild	0	27
2211	1003645	Paper_Forex_I	Arms Scholar's Note	document	document quest tier-0 wild	0	27
2212	1003665	Paper_Forex_II	Windrose Farm Note	document	document quest tier-0 wild	0	27
2213	1003669	Paper_FriendNews	Merchant's Note	document	document quest tier-0 wild	0	
2214	1003670	Paper_FriendNews_I	Duskway Camp Note	document	document quest tier-0 wild	0	
2215	1003671	Paper_FriendNews_II	Note Found at the Fence	document	document quest tier-0 wild	0	
2216	1003676	Paper_Fiona	Fiona's Note	document	document quest tier-0 wild	0	
2217	1003677	Paper_Fiona_I	Chief Trainer's Journal	document	document quest tier-0 wild	0	
2218	1003680	Paper_FieldVoice	Excavation Site Manager's Note	document	document quest tier-0 wild	0	27
2219	1003681	Paper_FieldVoice_I	Foreman's Note	document	document quest tier-0 wild	0	27
2220	1003682	Paper_Aldred	Eldred's Note	document	document quest tier-0 wild	0	27
2221	1003683	Paper_Aldred_I	Farmer's Note	document	document quest tier-0 wild	0	27
2222	1003684	Paper_Aldred_II	Provisioner's Shop Note	document	document quest tier-0 wild	0	27
2223	1003689	Paper_BoundbyLies	Wronged Man's Note	document	document quest tier-0 wild	0	
2224	1003690	Paper_BoundbyLies_I	Note at a Man's House	document	document quest tier-0 wild	0	
2225	1003694	Paper_Lenard	Leonard's Note	document	document quest tier-0 wild	0	
2226	1003695	Paper_Lenard_I	Assistant's Note	document	document quest tier-0 wild	0	
2227	1003703	Paper_Adelina	Adrina's Note	document	document quest tier-0 wild	0	27
2228	1003704	Paper_Adelina_I	Carpenter's Note	document	document quest tier-0 wild	0	27
2229	1003705	Paper_Adelina_II	Training Field Note	document	document quest tier-0 wild	0	27
2230	1003706	Paper_Maiden	Maidon's Note	document	document quest tier-0 wild	0	27
2231	1003707	Paper_Maiden_I	Harbor Manager's Note	document	document quest tier-0 wild	0	27
2232	1003708	Paper_Maiden_II	Note from the Bank	document	document quest tier-0 wild	0	27
2233	1003709	Paper_Harveston	Haverson's Note	document	document quest tier-0 wild	0	27
2234	1003710	Paper_Harveston_I	Baker's Note	document	document quest tier-0 wild	0	27
2235	1003711	Paper_Harveston_II	Church Note	document	document quest tier-0 wild	0	27
2236	1003712	Paper_Flint	Flint's Note	document	document quest tier-0 wild	0	
2237	1003713	Paper_Flint_I	Potter's Journal	document	document quest tier-0 wild	0	
2238	1003716	Paper_Castiel	Castiel's Note	document	document quest tier-0 wild	0	
2239	1003717	Paper_Castiel_I	Stained Work Log	document	document quest tier-0 wild	0	
2240	1002576	Paper_VegetableBox	Produce Order Form	document	document quest tier-0 wild	0	
2241	1002581	Paper_Beatrice	Bea's Note	document	document quest tier-0 wild	0	
2242	1000550	Paper_Eliza	Elise's Note	document	document quest tier-0 wild	0	
2243	1002584	Paper_Eliza_I	Note from the Shopping Street	document	document quest tier-0 wild	0	
2244	1002585	Paper_Omar	Omar's Note	document	document quest tier-0 wild	0	
2245	1002589	Paper_Omar_I	Varnia Entrance Note	document	document quest tier-0 wild	0	
2246	1002593	Paper_BraveToLove	A Man's Note	document	document quest tier-0 wild	0	
2247	1002597	Paper_Ugmum	Ugmon's Note	document	document quest tier-0 wild	0	
2248	1002600	Paper_Drianna	Driana's Note	document	document quest tier-0 wild	0	
2249	1002604	Paper_Drianna_I	Watchtower Note	document	document quest tier-0 wild	0	
2250	1002637	Paper_Randel	Randelle's Note	document	document quest tier-0 wild	0	
2251	1002640	Paper_Randel_I	Engineer's Research Log	document	document quest tier-0 wild	0	
2252	1002646	Paper_Doni	Donny's Note	document	document quest tier-0 wild	0	
2253	1002647	Paper_Doni_I	Flower Shop Customer's Note	document	document quest tier-0 wild	0	
2254	1002482	Paper_SecretSip	Trainee's Note	document	document quest tier-0 wild	0	
2255	1002652	Paper_SecretSip_I	Note from Point of Contact	document	document quest tier-0 wild	0	
2256	1002655	Paper_RacingStage	Researcher's Note	document	document quest tier-0 wild	0	
2257	1002763	Paper_RacingStage_I	Racecourse Owner's Note	document	document quest tier-0 wild	0	
2258	1002765	Paper_Sniks	Nix's Note	document	document quest tier-0 wild	0	
2259	1002767	Paper_Sniks_I	Note from the Freesword Barracks	document	document quest tier-0 wild	0	
2260	1004304	Quest_Faction_Old_Royal_Edict	Pailune Alliance Declaration	document	document quest tier-0 wild	0	27
2261	1004305	Quest_Faction_Urdavah_Letter	Letter from Scholastone Institute	document	document quest tier-0 wild	0	27
2262	1004307	Quest_Faction_Payment_Statement	Billing Statement	document	document quest tier-0 wild	0	27
2263	1004308	Quest_Faction_Silvermoon_Merchant_Letter	Letter to the Great Magnate of the Silvermoon Trade Group	document	document quest tier-0 wild	0	27
2264	1004409	Quest_Faction_Silvermoon_Merchant_Letter_I	Letter to the Great Magnate of the Silvermoon Trade Group	document	document quest tier-0 wild	0	27
2265	1004410	Quest_Faction_Silvermoon_Merchant_Letter_II	Letter to the Great Magnate of the Silvermoon Trade Group	document	document quest tier-0 wild	0	27
2266	1004311	Quest_Faction_Sizlek_Plan	Sizlek's Plan	document	document quest tier-0 wild	0	27
2267	1004312	Quest_Faction_Neutralzone_Strategy_Report	Neutral Territory Strategy Report	document	document quest tier-0 wild	0	27
2268	1004313	Quest_Faction_Bastier_Report	Gorthak Reconnaissance Report	document	document quest tier-0 wild	0	27
2269	1004314	Quest_Faction_Demeniss_Notice	Demenissian Grand General's Letter	document	document quest tier-0 wild	0	27
2270	1004301	Quest_Faction_Solumena_Doctrine	Solumena Doctrine	document	document quest tier-0 wild	0	27
2271	14510	Marni_Devotee_PlateArmor_Helm	Visione	helm	armor docking equipment extractable helm important no-sell plate quest tier-0 visione wild	0	1
2272	14511	Marni_Devotee_PlateArmor_Helm_I	Bespoke Visione	helm	armor docking equipment extractable helm important plate quest tier-0 visione wild	0	15000
2273	1000231	Marni_Devotee_PlateArmor_Helm_II	Guard Visione	helm	armor docking equipment extractable helm important plate quest tier-0 visione wild	0	25000
2274	1000232	Marni_Devotee_PlateArmor_Helm_III	Military Visione	helm	armor docking equipment extractable helm important plate quest tier-0 visione wild	0	35000
2275	1000233	Marni_Devotee_PlateArmor_Helm_IV	Prototype Visione	helm	armor docking equipment extractable helm important plate quest tier-0 visione wild	0	50000
2276	1005668	Marni_Devotee_PlateArmor_Helm_Improved	Tempered Visione	helm	armor docking equipment helm important no-sell plate quest tier-0 visione wild	0	1
2277	4334	Quest_BrokenVisionPro_Bremer	Broken Visione	helm	armor equipment helm no-sell plate quest tier-0 use-immediately visione wild	0	1
2278	4335	Quest_BrokenVisionPro_Ibano	Broken Visione	helm	armor equipment helm no-sell plate quest tier-0 use-immediately visione wild	0	1
2279	4336	Quest_BrokenVisionPro_ThiefCave	Broken Visione	helm	armor equipment helm no-sell plate quest tier-0 use-immediately visione wild	0	1
2280	4344	Quest_BrokenVisionPro_Witch_Kidnapped_Memory	Broken Visione	helm	armor equipment helm no-sell plate quest tier-0 use-immediately visione wild	0	1
2281	4377	Quest_BrokenVisionPro_MasterGrundir_Diary	Broken Visione	helm	armor equipment helm no-sell plate quest tier-0 use-immediately visione wild	0	1
2282	1000493	Visione_Chip_MarniFirstMeet	Secret of the Helm	keepsake	keepsake knowledge memory-fragment no-sell stackable tier-0 wild	0	1
2283	1000386	Visione_Chip_Bremer	Missing Cows	keepsake	keepsake knowledge memory-fragment no-sell stackable tier-0 wild	0	1
2284	1000387	Visione_Chip_Ibano	Hornless Goats	keepsake	keepsake knowledge memory-fragment no-sell stackable tier-0 wild	0	1
2285	1000388	Visione_Chip_ThiefCave	Lair of Animal Thieves	keepsake	keepsake knowledge memory-fragment no-sell stackable tier-0 wild	0	1
2286	1000271	Visione_Chip_Witch_Kidnapped_Memory	Memory of the Kidnapped Witch	keepsake	keepsake knowledge memory-fragment no-sell stackable tier-0 wild	0	1
2287	1003658	Visione_Chip_Mansion_Marseille_Memory_I	Azerian's Whereabouts	keepsake	keepsake knowledge memory-fragment no-sell stackable tier-0 wild	0	1
2288	1003659	Visione_Chip_Mansion_Marseille_Memory_II	Bastier's Co-conspirators	keepsake	keepsake knowledge memory-fragment no-sell stackable tier-0 wild	0	1
2289	1003660	Visione_Chip_Mansion_Byron_Memory	Memory of Byron's Manor	keepsake	keepsake knowledge memory-fragment no-sell stackable tier-0 wild	0	1
2290	1001529	Visione_Chip_Bloodcoronation	The Blood Coronation	keepsake	keepsake knowledge memory-fragment no-sell stackable tier-0 wild	0	1
2291	1002218	Visione_Chip_AntumbraFanatic	Suspicious Religion	keepsake	keepsake knowledge memory-fragment no-sell stackable tier-0 wild	0	1
2292	1002289	Visione_Chip_HiddenTreasure	Hidden Treasure	keepsake	keepsake knowledge memory-fragment no-sell stackable tier-0 wild	0	1
2293	1002290	Visione_Chip_LadyJustice	Statue of the Goddess of Justice	keepsake	keepsake knowledge memory-fragment no-sell stackable tier-0 wild	0	1
2294	1002295	Visione_Chip_UndertheBridge	The Beginning of Greed	keepsake	keepsake knowledge memory-fragment no-sell stackable tier-0 wild	0	1
2295	1000566	Visione_Chip_NamelessHeorGrave	Bloodied Hills	keepsake	keepsake knowledge memory-fragment no-sell stackable tier-0 wild	0	1
2296	1002313	Visione_Chip_JohnDoe	Unidentified Corpse	keepsake	keepsake knowledge memory-fragment no-sell stackable tier-0 wild	0	1
2297	1002314	Visione_Chip_TreeForestTomb	Birch Forest Grave	keepsake	keepsake knowledge memory-fragment no-sell stackable tier-0 wild	0	1
2298	1002315	Visione_Chip_WagonOnATree	Treetop Wagon	keepsake	keepsake knowledge memory-fragment no-sell stackable tier-0 wild	0	1
2299	1002316	Visione_Chip_AbandonedHouse	Abandoned House	keepsake	keepsake knowledge memory-fragment no-sell stackable tier-0 wild	0	1
2300	1002317	Visione_Chip_WeirdSkull	A Strange Skull	keepsake	keepsake knowledge memory-fragment no-sell stackable tier-0 wild	0	1
2301	1002318	Visione_Chip_Sculptor	A Suspicious Sculptor	keepsake	keepsake knowledge memory-fragment no-sell stackable tier-0 wild	0	1
2302	1002319	Visione_Chip_Hall	H.A.L.L.	keepsake	keepsake knowledge memory-fragment no-sell stackable tier-0 wild	0	1
2303	1002183	Visione_Chip_RightHandStone	Right Hand Boulder	keepsake	keepsake knowledge memory-fragment no-sell stackable tier-0 wild	0	1
2304	1002321	Visione_Chip_HernandGibbet	Hernand Gallows	keepsake	keepsake knowledge memory-fragment no-sell stackable tier-0 wild	0	1
2305	1002323	Visione_Chip_Suspiciouscult	The Crow and the Lunatic	keepsake	keepsake knowledge memory-fragment no-sell stackable tier-0 wild	0	1
2306	1002324	Visione_Chip_MeteorHouse	Boulder Crash Site	keepsake	keepsake knowledge memory-fragment no-sell stackable tier-0 wild	0	1
2307	1002325	Visione_Chip_RuinedHouse	Abandoned House on the Water	keepsake	keepsake knowledge memory-fragment no-sell stackable tier-0 wild	0	1
2308	1002326	Visione_Chip_RuinedHouse_II	Dyer on the Water	keepsake	keepsake knowledge memory-fragment no-sell stackable tier-0 wild	0	1
2309	1002327	Visione_Chip_Shipwreck	Sky Galleon	keepsake	keepsake knowledge memory-fragment no-sell stackable tier-0 wild	0	1
2310	1002328	Visione_Chip_LakeAltar	Communal Ritual	keepsake	keepsake knowledge memory-fragment no-sell stackable tier-0 wild	0	1
2311	1002392	Visione_Chip_LongleafTree_OmenMisfortune	Signs of Misfortune	keepsake	keepsake knowledge memory-fragment no-sell stackable tier-0 wild	0	1
2312	1002393	Visione_Chip_LongleafTree_HuntBegin	Beginning of the Hunt	keepsake	keepsake knowledge memory-fragment no-sell stackable tier-0 wild	0	1
2313	1002394	Visione_Chip_LongleafTree_DailyLife	Day of the Longleaf Tribe	keepsake	keepsake knowledge memory-fragment no-sell stackable tier-0 wild	0	1
2314	1002332	Visione_Chip_FiveFingerMountain	Five-Finger Mountain	keepsake	keepsake knowledge memory-fragment no-sell stackable tier-0 wild	0	1
2315	1002333	Visione_Chip_SwordAndThrone	The Sword's Grave and Throne	keepsake	keepsake knowledge memory-fragment no-sell stackable tier-0 wild	0	1
2316	1002334	Visione_Chip_GiantBone	Remains of the Giants	keepsake	keepsake knowledge memory-fragment no-sell stackable tier-0 wild	0	1
2317	1002335	Visione_Chip_BrokenMill	Broken Watermill	keepsake	keepsake knowledge memory-fragment no-sell stackable tier-0 wild	0	1
2318	1002336	Visione_Chip_GiantBallista	Giant Ballista	keepsake	keepsake knowledge memory-fragment no-sell stackable tier-0 wild	0	1
2319	1002337	Visione_Chip_TreeOfAxes	Axe-Studded Tree	keepsake	keepsake knowledge memory-fragment no-sell stackable tier-0 wild	0	1
2320	1002338	Visione_Chip_MushroomCave	Mushroom Cave	keepsake	keepsake knowledge memory-fragment no-sell stackable tier-0 wild	0	1
2321	1002339	Visione_Chip_Bonesrobbed	Bones of the Bandits' Victims	keepsake	keepsake knowledge memory-fragment no-sell stackable tier-0 wild	0	1
2322	1002340	Visione_Chip_Sinkhole	Sinkhole	keepsake	keepsake knowledge memory-fragment no-sell stackable tier-0 wild	0	1
2323	1002342	Visione_Chip_CaveEntrance	Mysterious Cave Entrance	keepsake	keepsake knowledge memory-fragment no-sell stackable tier-0 wild	0	1
2324	1002343	Visione_Chip_LightningstrikeTree	Lightning-Struck Tree	keepsake	keepsake knowledge memory-fragment no-sell stackable tier-0 wild	0	1
2325	1000767	Visione_Chip_DumpBell	Abandoned Bell	keepsake	keepsake knowledge memory-fragment no-sell stackable tier-0 wild	0	1
2326	1002344	Visione_Chip_SafetyFlowerBush	Corrupted Feral Dog	keepsake	keepsake knowledge memory-fragment no-sell stackable tier-0 wild	0	1
2327	1000772	Visione_Chip_FallenBallon	Crashed Cloudcart	keepsake	keepsake knowledge memory-fragment no-sell stackable tier-0 wild	0	1
2328	1000837	Visione_Chip_OldGrave	Timeworn Graves	keepsake	keepsake knowledge memory-fragment no-sell stackable tier-0 wild	0	1
2329	1000955	Visione_Chip_GiantRoots	Wide Roots Hideout	keepsake	keepsake knowledge memory-fragment no-sell stackable tier-0 wild	0	1
2330	1001074	Visione_Chip_AnchorForest	Abandoned Anchor	keepsake	keepsake knowledge memory-fragment no-sell stackable tier-0 wild	0	1
2331	1002424	Visione_Chip_KnottedHollow	Forest Memorial Stone	keepsake	keepsake knowledge memory-fragment no-sell stackable tier-0 wild	0	1
2332	1002425	Visione_Chip_BolsteinnRuins	Volstein Ruins	keepsake	keepsake knowledge memory-fragment no-sell stackable tier-0 wild	0	1
2333	1002426	Visione_Chip_MissingStatue	Vanished Statue	keepsake	keepsake knowledge memory-fragment no-sell stackable tier-0 wild	0	1
2334	1002427	Visione_Chip_ForsakenHome	Abandoned House	keepsake	keepsake knowledge memory-fragment no-sell stackable tier-0 wild	0	1
2335	1002428	Visione_Chip_TrainThief	Ironcrawler Thief's Hideout	keepsake	keepsake knowledge memory-fragment no-sell stackable tier-0 wild	0	1
2336	1001075	Visione_Chip_BrokenWindmill	The Traitor's End	keepsake	keepsake knowledge memory-fragment no-sell stackable tier-0 wild	0	1
2337	1001076	Visione_Chip_Dungeon	Dungeon	keepsake	keepsake knowledge memory-fragment no-sell stackable tier-0 wild	0	1
2338	1001078	Visione_Chip_HumanUnderBridge	Someone Living Under a Bridge	keepsake	keepsake knowledge memory-fragment no-sell stackable tier-0 wild	0	1
2339	1001079	Visione_Chip_PororinCave	Pororin Cave	keepsake	keepsake knowledge memory-fragment no-sell stackable tier-0 wild	0	1
2340	1001080	Visione_Chip_Roofless	Roofless House	keepsake	keepsake knowledge memory-fragment no-sell stackable tier-0 wild	0	1
2341	1001089	Visione_Chip_ZooHole	Wildlife Park Passageway	keepsake	keepsake knowledge memory-fragment no-sell stackable tier-0 wild	0	1
2342	1002185	Visione_Chip_FishingSpot	Creaky Fishing Dock	keepsake	keepsake knowledge memory-fragment no-sell stackable tier-0 wild	0	1
2343	1002259	Visione_Chip_SilenceShipwreck	Shipwreck in Silence	keepsake	keepsake knowledge memory-fragment no-sell stackable tier-0 wild	0	1
2344	1002346	Visione_Chip_UnknownCave	Unknown Cave	keepsake	keepsake knowledge memory-fragment no-sell stackable tier-0 wild	0	1
2345	1002347	Visione_Chip_OminousProphecy	Ominous Prophecy	keepsake	keepsake knowledge memory-fragment no-sell stackable tier-0 wild	0	1
2346	1002348	Visione_Chip_MotherAndSon	Mother and Son	keepsake	keepsake knowledge memory-fragment no-sell stackable tier-0 wild	0	1
2347	1002349	Visione_Chip_EmptyRanch	Abandoned Ranch	keepsake	keepsake knowledge memory-fragment no-sell stackable tier-0 wild	0	1
2348	1002350	Visione_Chip_OldKingOfTheSea	Old King of the Sea	keepsake	keepsake knowledge memory-fragment no-sell stackable tier-0 wild	0	1
2349	1002351	Visione_Chip_DestroyedMerchantShip	Stranded Merchant Vessel	keepsake	keepsake knowledge memory-fragment no-sell stackable tier-0 wild	0	1
2350	1002352	Visione_Chip_CliffUnderHome	Settlement Beneath the Cliff	keepsake	keepsake knowledge memory-fragment no-sell stackable tier-0 wild	0	1
2351	1002353	Visione_Chip_FishermanPlace	Bounty's Net	keepsake	keepsake knowledge memory-fragment no-sell stackable tier-0 wild	0	1
2352	1002320	Visione_Chip_riverdam	Upper Nas River Dam	keepsake	keepsake knowledge memory-fragment no-sell stackable tier-0 wild	0	1
2353	1002354	Visione_Chip_emptycoffin	Empty Coffin	keepsake	keepsake knowledge memory-fragment no-sell stackable tier-0 wild	0	1
2354	1002356	Visione_Chip_pharmacy	Halssius Apothecary	keepsake	keepsake knowledge memory-fragment no-sell stackable tier-0 wild	0	1
2355	1000739	Visione_Chip_hernandcampsite	Hernand Encampment	keepsake	keepsake knowledge memory-fragment no-sell stackable tier-0 wild	0	1
2356	1000740	Visione_Chip_vinevillage	Ivynook	keepsake	keepsake knowledge memory-fragment no-sell stackable tier-0 wild	0	1
2357	1000741	Visione_Chip_guardiandeity	Guardian Deity Altar	keepsake	keepsake knowledge memory-fragment no-sell stackable tier-0 wild	0	1
2358	1000748	Visione_Chip_PetrifiedHumans	Petrified Humans	keepsake	keepsake knowledge memory-fragment no-sell stackable tier-0 wild	0	1
2359	1000749	Visione_Chip_BloodyFarmhouse	Bloody Farmhouse	keepsake	keepsake knowledge memory-fragment no-sell stackable tier-0 wild	0	1
2360	1002361	Visione_Chip_RockShelter	A House Between Rocks	keepsake	keepsake knowledge memory-fragment no-sell stackable tier-0 wild	0	1
2361	1002362	Visione_Chip_DesperateSituation	Dire Situation	keepsake	keepsake knowledge memory-fragment no-sell stackable tier-0 wild	0	1
2362	1002363	Visione_Chip_OrcCamp	Freesword Dwelling	keepsake	keepsake knowledge memory-fragment no-sell stackable tier-0 wild	0	1
2363	1002364	Visione_Chip_WarNews	News of War	keepsake	keepsake knowledge memory-fragment no-sell stackable tier-0 wild	0	1
2364	1002466	Visione_Chip_GiantBoots	The Forbidden Call	keepsake	keepsake knowledge memory-fragment no-sell stackable tier-0 wild	0	1
2365	1002468	Visione_Chip_FallenExplorer	Corpse of an Adventurer	keepsake	keepsake knowledge memory-fragment no-sell stackable tier-0 wild	0	1
2366	1002469	Visione_Chip_BigTreeRoots	Hollow Tree	keepsake	keepsake knowledge memory-fragment no-sell stackable tier-0 wild	0	1
2367	1002357	Visione_Chip_castleruincamp	Castle Ruins Encampment	keepsake	keepsake knowledge memory-fragment no-sell stackable tier-0 wild	0	1
2368	1002470	Visione_Chip_PaintedCave	Painted Cavern	keepsake	keepsake knowledge memory-fragment no-sell stackable tier-0 wild	0	1
2369	1002375	Visione_Chip_OasisShelter	Oasis Hearth	keepsake	keepsake knowledge memory-fragment no-sell stackable tier-0 wild	0	1
2370	1002391	Visione_Chip_OldQuarry	Old Quarry	keepsake	keepsake knowledge memory-fragment no-sell stackable tier-0 wild	0	1
2371	1002376	Visione_Chip_SandHole	Sand Dunes	keepsake	keepsake knowledge memory-fragment no-sell stackable tier-0 wild	0	1
2372	1002377	Visione_Chip_GreyRift	Ashen Rift	keepsake	keepsake knowledge memory-fragment no-sell stackable tier-0 wild	0	1
2373	1002477	Visione_Chip_BoneAndSword	Skull and Sword	keepsake	keepsake knowledge memory-fragment no-sell stackable tier-0 wild	0	1
2374	1002442	Visione_Chip_HelmaraVillageScrapGrave	Helmara Scrap Graveyard	keepsake	keepsake knowledge memory-fragment no-sell stackable tier-0 wild	0	1
2375	1002443	Visione_Chip_HatRock	Shattered Token	keepsake	keepsake knowledge memory-fragment no-sell stackable tier-0 wild	0	1
2376	1002444	Visione_Chip_DemJohnDoe	Unidentifiable Corpse	keepsake	keepsake knowledge memory-fragment no-sell stackable tier-0 wild	0	1
2377	1002445	Visione_Chip_SaltRoadRuins	Ruins by the Saltroad Camp	keepsake	keepsake knowledge memory-fragment no-sell stackable tier-0 wild	0	1
2378	1002446	Visione_Chip_DesertSwamp	Desert Swamp	keepsake	keepsake knowledge memory-fragment no-sell stackable tier-0 wild	0	1
2379	1002447	Visione_Chip_HolyGlass	Sacred Chalice	keepsake	keepsake knowledge memory-fragment no-sell stackable tier-0 wild	0	1
2380	1002448	Visione_Chip_WisdomWell	Well of Enlightenment	keepsake	keepsake knowledge memory-fragment no-sell stackable tier-0 wild	0	1
2381	1002449	Visione_Chip_CarnageStreet	Bloodstained Street	keepsake	keepsake knowledge memory-fragment no-sell stackable tier-0 wild	0	1
2382	1002450	Visione_Chip_VerheimRuins	Verheim Ruins	keepsake	keepsake knowledge memory-fragment no-sell stackable tier-0 wild	0	1
2383	1002451	Visione_Chip_RockingStone	Rocking Boulder	keepsake	keepsake knowledge memory-fragment no-sell stackable tier-0 wild	0	1
2384	1002452	Visione_Chip_WoodKnot	Shipyard Wood Knot	keepsake	keepsake knowledge memory-fragment no-sell stackable tier-0 wild	0	1
2385	1002453	Visione_Chip_StoryWell	A Well with a Story	keepsake	keepsake knowledge memory-fragment no-sell stackable tier-0 wild	0	1
2386	1002454	Visione_Chip_CrowdedBranch	Branch of Birds	keepsake	keepsake knowledge memory-fragment no-sell stackable tier-0 wild	0	1
2387	1002612	Visione_Chip_MuralCave	Breezeblown Knoll Cave	keepsake	keepsake knowledge memory-fragment no-sell stackable tier-0 wild	0	1
2388	1002613	Visione_Chip_BaronBarrel	Keglord Garnier Mk. XXIII	keepsake	keepsake knowledge memory-fragment no-sell stackable tier-0 wild	0	1
2389	1002614	Visione_Chip_AbandonedMineVillage	Abandoned Mining Village	keepsake	keepsake knowledge memory-fragment no-sell stackable tier-0 wild	0	1
2390	1002370	Visione_Chip_DesertShipwreck	Desert Shipwreck	keepsake	keepsake knowledge memory-fragment no-sell stackable tier-0 wild	0	1
2391	1002372	Visione_Chip_OasisMonument	Oasis Headstone	keepsake	keepsake knowledge memory-fragment no-sell stackable tier-0 wild	0	1
2392	1002374	Visione_Chip_DeathSandpit	Pit of Death	keepsake	keepsake knowledge memory-fragment no-sell stackable tier-0 wild	0	1
2393	1002381	Visione_Chip_PrecariousRock	Unstable Rock	keepsake	keepsake knowledge memory-fragment no-sell stackable tier-0 wild	0	1
2394	1002382	Visione_Chip_MushroomRock	Mushroom Rock	keepsake	keepsake knowledge memory-fragment no-sell stackable tier-0 wild	0	1
2395	1002383	Visione_Chip_GodsGarden	Garden of the Gods	keepsake	keepsake knowledge memory-fragment no-sell stackable tier-0 wild	0	1
2396	1002400	Visione_Chip_OwnerlessGrave	Empty Grave	keepsake	keepsake knowledge memory-fragment no-sell stackable tier-0 wild	0	1
2397	1002401	Visione_Chip_DeadTree	Dead Tree	keepsake	keepsake knowledge memory-fragment no-sell stackable tier-0 wild	0	1
2398	1002402	Visione_Chip_RectangularStone	Square Rock	keepsake	keepsake knowledge memory-fragment no-sell stackable tier-0 wild	0	1
2399	1002403	Visione_Chip_RuinsSite	Ruins Excavation	keepsake	keepsake knowledge memory-fragment no-sell stackable tier-0 wild	0	1
2400	1002404	Visione_Chip_IguanaHatchery	Iguana Hatchery	keepsake	keepsake knowledge memory-fragment no-sell stackable tier-0 wild	0	1
2401	1002405	Visione_Chip_Bariklair	Barrick's Hideout	keepsake	keepsake knowledge memory-fragment no-sell stackable tier-0 wild	0	1
2402	1002432	Visione_Chip_MossyGenerator	Mossy Generator	keepsake	keepsake knowledge memory-fragment no-sell stackable tier-0 wild	0	1
2403	1002434	Visione_Chip_EntHunterLair	Mistwood Hunters' Hideout	keepsake	keepsake knowledge memory-fragment no-sell stackable tier-0 wild	0	1
2404	1002435	Visione_Chip_RidgehunterLeatherMaker	Ridgehunter Tannery	keepsake	keepsake knowledge memory-fragment no-sell stackable tier-0 wild	0	1
2405	1002437	Visione_Chip_WindmillCoastShipWreck	Coast Windmill Shipwreck	keepsake	keepsake knowledge memory-fragment no-sell stackable tier-0 wild	0	1
2406	1002438	Visione_Chip_StonemireRuins	Stonemire Ruins	keepsake	keepsake knowledge memory-fragment no-sell stackable tier-0 wild	0	1
2407	1002458	Visione_Chip_ValleyRockWatchTower	Gorgerock Watchtower	keepsake	keepsake knowledge memory-fragment no-sell stackable tier-0 wild	0	1
2408	1002459	Visione_Chip_SavageFangStele	Savage Fangs Monument	keepsake	keepsake knowledge memory-fragment no-sell stackable tier-0 wild	0	1
2409	1002561	Visione_Chip_ReventineWinery	Reventine Winery	keepsake	keepsake knowledge memory-fragment no-sell stackable tier-0 wild	0	1
2410	1002562	Visione_Chip_HayroofFarmWindmill	Hayroof Farm Windmill	keepsake	keepsake knowledge memory-fragment no-sell stackable tier-0 wild	0	1
2411	1002563	Visione_Chip_HoopLakeCave	Horseshoe Lake Burrow	keepsake	keepsake knowledge memory-fragment no-sell stackable tier-0 wild	0	1
2412	1002564	Visione_Chip_WaterFallsCabin	Cabin by the Waterfall	keepsake	keepsake knowledge memory-fragment no-sell stackable tier-0 wild	0	1
2413	1002565	Visione_Chip_NoEenterZone	Restricted Area	keepsake	keepsake knowledge memory-fragment no-sell stackable tier-0 wild	0	1
2414	1002619	Visione_Chip_DemenissFuture	Future of Demeniss	keepsake	keepsake knowledge memory-fragment no-sell stackable tier-0 wild	0	1
2415	1002620	Visione_Chip_EndlessDanger	The Life-Devouring Rock	keepsake	keepsake knowledge memory-fragment no-sell stackable tier-0 wild	0	1
2416	1002621	Visione_Chip_BlockedSupply	Blocked Supply Route	keepsake	keepsake knowledge memory-fragment no-sell stackable tier-0 wild	0	1
2417	1002622	Visione_Chip_HellWoodFortGoblin	Goblins of Fort Hellwood	keepsake	keepsake knowledge memory-fragment no-sell stackable tier-0 wild	0	1
2418	1002623	Visione_Chip_OakenshieldManorhall	Oakenshield Manor Reception Room	keepsake	keepsake knowledge memory-fragment no-sell stackable tier-0 wild	0	1
2419	1002624	Visione_Chip_BluemontManorAlley	Bluemont Manor Alley	keepsake	keepsake knowledge memory-fragment no-sell stackable tier-0 wild	0	1
2420	1002506	Visione_Chip_AntumbraAltar	Antumbra's Ritual Site	keepsake	keepsake knowledge memory-fragment no-sell stackable tier-0 wild	0	1
2421	1002384	Visione_Chip_SkyBluePool	Turquoise Rock Pools	keepsake	keepsake knowledge memory-fragment no-sell stackable tier-0 wild	0	1
2422	1001081	Visione_Chip_StoneAltar	Desolate Monolith Altar	keepsake	keepsake knowledge memory-fragment no-sell stackable tier-0 wild	0	1
2423	1002397	Visione_Chip_PainterRegret	A Painter's Regret	keepsake	keepsake knowledge memory-fragment no-sell stackable tier-0 wild	0	1
2424	1002398	Visione_Chip_IronWing	Wings of Steel	keepsake	keepsake knowledge memory-fragment no-sell stackable tier-0 wild	0	1
2425	1002329	Visione_Chip_DelesyiaBell	Bell of Delesyia	keepsake	keepsake knowledge memory-fragment no-sell stackable tier-0 wild	0	1
2426	1002330	Visione_Chip_MentalCareRoom	Mental Reconditioning	keepsake	keepsake knowledge memory-fragment no-sell stackable tier-0 wild	0	1
2427	1002331	Visione_Chip_VatnhollCamp	Vat'nholl Camp	keepsake	keepsake knowledge memory-fragment no-sell stackable tier-0 wild	0	1
2428	1002399	Visione_Chip_MerchantRefuge	Snowy Plains Hearth	keepsake	keepsake knowledge memory-fragment no-sell stackable tier-0 wild	0	1
2429	1002417	Visione_Chip_DinosaurBones	Giant Bone Pile	keepsake	keepsake knowledge memory-fragment no-sell stackable tier-0 wild	0	1
2430	1002418	Visione_Chip_RordOfBones	Path of Giant Bones	keepsake	keepsake knowledge memory-fragment no-sell stackable tier-0 wild	0	1
2431	1002407	Visione_Chip_Bolmen	Dolmen	keepsake	keepsake knowledge memory-fragment no-sell stackable tier-0 wild	0	1
2432	1002408	Visione_Chip_LoggingCabin	Timberdale Cabin	keepsake	keepsake knowledge memory-fragment no-sell stackable tier-0 wild	0	1
2433	1002409	Visione_Chip_RockCreviceRuinse	Rockshard Valley Ruins	keepsake	keepsake knowledge memory-fragment no-sell stackable tier-0 wild	0	1
2434	1002410	Visione_Chip_DeadTreeRoad	Withered Path	keepsake	keepsake knowledge memory-fragment no-sell stackable tier-0 wild	0	1
2435	1002411	Visione_Chip_ArcosaHouse	Empty House of Arcosa	keepsake	keepsake knowledge memory-fragment no-sell stackable tier-0 wild	0	1
2436	1002412	Visione_Chip_OldBattlefield	Old Battlefield	keepsake	keepsake knowledge memory-fragment no-sell stackable tier-0 wild	0	1
2437	1002413	Visione_Chip_BloodTombstone	Blood-Soaked Gravestone	keepsake	keepsake knowledge memory-fragment no-sell stackable tier-0 wild	0	1
2438	1002414	Visione_Chip_precipicecoffin	Clifftop Coffin	keepsake	keepsake knowledge memory-fragment no-sell stackable tier-0 wild	0	1
2439	1002460	Visione_Chip_JungleRuins	Jungle Ruins	keepsake	keepsake knowledge memory-fragment no-sell stackable tier-0 wild	0	1
2440	1002461	Visione_Chip_RockshroudRuins	Rockveil Ruins	keepsake	keepsake knowledge memory-fragment no-sell stackable tier-0 wild	0	1
2441	1002419	Visione_Chip_BursadaIslandRuins	Remote Ruins	keepsake	keepsake knowledge memory-fragment no-sell stackable tier-0 wild	0	1
2442	1002420	Visione_Chip_ZianeTomb	Burial Mound	keepsake	keepsake knowledge memory-fragment no-sell stackable tier-0 wild	0	1
2443	1002421	Visione_Chip_ShipWreckOakBarrel	Shipwreck Oak Barrel	keepsake	keepsake knowledge memory-fragment no-sell stackable tier-0 wild	0	1
2444	1002422	Visione_Chip_SilverbrookRuins	Silverbrook Ruins	keepsake	keepsake knowledge memory-fragment no-sell stackable tier-0 wild	0	1
2445	1002423	Visione_Chip_WoodenGazebo	Wooden Pavilion	keepsake	keepsake knowledge memory-fragment no-sell stackable tier-0 wild	0	1
2446	1002429	Visione_Chip_PailuneSecretBase	Pailune Secret Vault	keepsake	keepsake knowledge memory-fragment no-sell stackable tier-0 wild	0	1
2447	1002430	Visione_Chip_ScaryHole	Eerie Pit	keepsake	keepsake knowledge memory-fragment no-sell stackable tier-0 wild	0	1
2448	1002431	Visione_Chip_OdeckHunterCamp	Hunters of Odeck	keepsake	keepsake knowledge memory-fragment no-sell stackable tier-0 wild	0	1
2449	1002439	Visione_Chip_EdgeAltar	Cliff Edge Altar	keepsake	keepsake knowledge memory-fragment no-sell stackable tier-0 wild	0	1
2450	1002455	Visione_Chip_FireFlySwarm	Hayroof Farm Fireflies	keepsake	keepsake knowledge memory-fragment no-sell stackable tier-0 wild	0	1
2451	1002457	Visione_Chip_DemenissCabin	Demeniss Cabin	keepsake	keepsake knowledge memory-fragment no-sell stackable tier-0 wild	0	1
2452	1002462	Visione_Chip_CryingRock	Weeping Rocks	keepsake	keepsake knowledge memory-fragment no-sell stackable tier-0 wild	0	1
2453	1002463	Visione_Chip_VikingTomb	Grave of Warriors' Axes	keepsake	keepsake knowledge memory-fragment no-sell stackable tier-0 wild	0	1
2454	1002464	Visione_Chip_DelesiaAcademy	Inside of the Delesyian Institute	keepsake	keepsake knowledge memory-fragment no-sell stackable tier-0 wild	0	1
2455	1002465	Visione_Chip_GodTreeCamp	Eldertree Research Camp	keepsake	keepsake knowledge memory-fragment no-sell stackable tier-0 wild	0	1
2456	1000764	Visione_Chip_BoneCollectorWagon	The Skull Collector's Wagon	keepsake	keepsake knowledge memory-fragment no-sell stackable tier-0 wild	0	1
2457	1000765	Visione_Chip_TestToMarni	An Experiment to Reach Marni	keepsake	keepsake knowledge memory-fragment no-sell stackable tier-0 wild	0	1
2458	1002507	Visione_Chip_ArcheryRange	Vellua Hill Archery Range	keepsake	keepsake knowledge memory-fragment no-sell stackable tier-0 wild	0	1
2459	1002508	Visione_Chip_MaidsTales	Stories of the Maids	keepsake	keepsake knowledge memory-fragment no-sell stackable tier-0 wild	0	1
2460	1002533	Visione_Chip_WreckedTradingShip	Wrecked Trading Ship	keepsake	keepsake knowledge memory-fragment no-sell stackable tier-0 wild	0	1
2461	1002572	Visione_Chip_BumperCrop	Bountiful Harvest	keepsake	keepsake knowledge memory-fragment no-sell stackable tier-0 wild	0	1
2462	1002573	Visione_Chip_BrookFieldManor	Brookfield Manor	keepsake	keepsake knowledge memory-fragment no-sell stackable tier-0 wild	0	1
2463	1002575	Visione_Chip_LioncrestManor	Lioncrest Manor	keepsake	keepsake knowledge memory-fragment no-sell stackable tier-0 wild	0	1
2464	1002486	Visione_Chip_DanteAndBleed	Dante and the Bleed	keepsake	keepsake knowledge memory-fragment no-sell stackable tier-0 wild	0	1
2465	1002487	Visione_Chip_UpLionTower	Lioncrest Watchtower	keepsake	keepsake knowledge memory-fragment no-sell stackable tier-0 wild	0	1
2466	1002488	Visione_Chip_BrokenRaft	Broken Raft	keepsake	keepsake knowledge memory-fragment no-sell stackable tier-0 wild	0	1
2467	1002607	Visione_Chip_FiresideTale	Fireside Story	keepsake	keepsake knowledge memory-fragment no-sell stackable tier-0 wild	0	1
2468	1002617	Visione_Chip_RootFortress	Report on Roothold	keepsake	keepsake knowledge memory-fragment no-sell stackable tier-0 wild	0	1
2469	1002618	Visione_Chip_RiverwardOutpost	Riverward Outpost Dispatch	keepsake	keepsake knowledge memory-fragment no-sell stackable tier-0 wild	0	1
2470	1002630	Visione_Chip_MysteryTower	Mysterious Giant Tower	keepsake	keepsake knowledge memory-fragment no-sell stackable tier-0 wild	0	1
2471	1002633	Visione_Chip_LampkeeperPatrol	Stone Lantern Keeper's Patrol	keepsake	keepsake knowledge memory-fragment no-sell stackable tier-0 wild	0	1
2472	1002635	Visione_Chip_DesertCrocodile	Ruler of the Oasis	keepsake	keepsake knowledge memory-fragment no-sell stackable tier-0 wild	0	1
2473	1002440	Visione_Chip_SmugglerDock	Smugglers' Dock	keepsake	keepsake knowledge memory-fragment no-sell stackable tier-0 wild	0	1
2474	1002441	Visione_Chip_Meteor	Meteorite	keepsake	keepsake knowledge memory-fragment no-sell stackable tier-0 wild	0	1
2475	1002591	Visione_Chip_Alustainroom	The Alchemist's Chamber	keepsake	keepsake knowledge memory-fragment no-sell stackable tier-0 wild	0	1
2476	1002595	Visione_Chip_Splithornrobber	Sword of the Cursed	keepsake	keepsake knowledge memory-fragment no-sell stackable tier-0 wild	0	1
2477	1002598	Visione_Chip_Oakenshieldmanor	Serkis's Study	keepsake	keepsake knowledge memory-fragment no-sell stackable tier-0 wild	0	1
2478	1002601	Visione_Chip_Halsius	St. Halssius's House of Healing	keepsake	keepsake knowledge memory-fragment no-sell stackable tier-0 wild	0	1
2479	1002605	Visione_Chip_GraceMansionStorage	Glenbright Manor Storage	keepsake	keepsake knowledge memory-fragment no-sell stackable tier-0 wild	0	1
2480	1002638	Visione_Chip_GraceMansion	Glenbright Manor	keepsake	keepsake knowledge memory-fragment no-sell stackable tier-0 wild	0	1
2481	1002641	Visione_Chip_Kukucraft	Pot Artisans	keepsake	keepsake knowledge memory-fragment no-sell stackable tier-0 wild	0	1
2482	1002663	Visione_Chip_Trolluniversity	Scholastone Celestial Telescope	keepsake	keepsake knowledge memory-fragment no-sell stackable tier-0 wild	0	1
2483	1002664	Visione_Chip_HernandcastleBallroom	Hernand Banquet Hall	keepsake	keepsake knowledge memory-fragment no-sell stackable tier-0 wild	0	1
2484	1002665	Visione_Chip_DemenissOrphanage	Demeniss Orphanage	keepsake	keepsake knowledge memory-fragment no-sell stackable tier-0 wild	0	1
2485	1002666	Visione_Chip_Crowmanribentain	Crow's Ambush	keepsake	keepsake knowledge memory-fragment no-sell stackable tier-0 wild	0	1
2486	1002667	Visione_Chip_HernandcastleChamber	Hernand Office	keepsake	keepsake knowledge memory-fragment no-sell stackable tier-0 wild	0	1
2487	1002668	Visione_Chip_Pailoonoldtree	Old Tree	keepsake	keepsake knowledge memory-fragment no-sell stackable tier-0 wild	0	1
2488	1002669	Visione_Chip_Mjordinludvig	Myurdin and Ludvig	keepsake	keepsake knowledge memory-fragment no-sell stackable tier-0 wild	0	1
2489	1002670	Visione_Chip_Pailoonwatergate	Runaway	keepsake	keepsake knowledge memory-fragment no-sell stackable tier-0 wild	0	1
2490	1002671	Visione_Chip_Azureiansister	Azerian Manor	keepsake	keepsake knowledge memory-fragment no-sell stackable tier-0 wild	0	1
2491	1002690	Visione_Chip_Orcneutralzone	Gorthak	keepsake	keepsake knowledge memory-fragment no-sell stackable tier-0 wild	0	1
2492	1002691	Visione_Chip_Marnisecretplace	Marni's Secret Laboratory	keepsake	keepsake knowledge memory-fragment no-sell stackable tier-0 wild	0	1
2493	1003744	Visione_Chip_Abyss_Platform_01	Memories of the Disconnected Truth	keepsake	keepsake knowledge memory-fragment no-sell stackable tier-0 wild	0	1
2494	1003745	Visione_Chip_Abyss_Platform_02	Shadows Within the Ether Fragment	keepsake	keepsake knowledge memory-fragment no-sell stackable tier-0 wild	0	1
2495	1003746	Visione_Chip_Abyss_Platform_03	Memories of the Loop of Life	keepsake	keepsake knowledge memory-fragment no-sell stackable tier-0 wild	0	1
2496	1002989	Visione_Chip_HiddenSpace_0001	Hidden Space - 0001	keepsake	keepsake memory-fragment no-sell stackable tier-0 wild	0	1
2497	1002990	Visione_Chip_HiddenSpace_0002	Hidden Space - 0002	keepsake	keepsake memory-fragment no-sell stackable tier-0 wild	0	1
2498	1002991	Visione_Chip_HiddenSpace_0003	Hidden Space - 0003	keepsake	keepsake memory-fragment no-sell stackable tier-0 wild	0	1
2499	1002992	Visione_Chip_HiddenSpace_0004	Hidden Space - 0004	keepsake	keepsake memory-fragment no-sell stackable tier-0 wild	0	1
2500	1002993	Visione_Chip_HiddenSpace_0005	Hidden Space - 0005	keepsake	keepsake memory-fragment no-sell stackable tier-0 wild	0	1
2501	1002994	Visione_Chip_HiddenSpace_0006	Hidden Space - 0006	keepsake	keepsake memory-fragment no-sell stackable tier-0 wild	0	1
2502	1002995	Visione_Chip_HiddenSpace_0007	Hidden Space - 0007	keepsake	keepsake memory-fragment no-sell stackable tier-0 wild	0	1
2503	1002996	Visione_Chip_HiddenSpace_0008	Hidden Space - 0008	keepsake	keepsake memory-fragment no-sell stackable tier-0 wild	0	1
2504	1002997	Visione_Chip_HiddenSpace_0009	Hidden Space - 0009	keepsake	keepsake memory-fragment no-sell stackable tier-0 wild	0	1
2505	1002998	Visione_Chip_HiddenSpace_0010	Hidden Space - 0010	keepsake	keepsake memory-fragment no-sell stackable tier-0 wild	0	1
2506	1002999	Visione_Chip_HiddenSpace_0011	Hidden Space - 0011	keepsake	keepsake memory-fragment no-sell stackable tier-0 wild	0	1
2507	1003000	Visione_Chip_HiddenSpace_0012	Hidden Space - 0012	keepsake	keepsake memory-fragment no-sell stackable tier-0 wild	0	1
2508	1003001	Visione_Chip_HiddenSpace_0013	Hidden Space - 0013	keepsake	keepsake memory-fragment no-sell stackable tier-0 wild	0	1
2509	1003002	Visione_Chip_HiddenSpace_0014	Hidden Space - 0014	keepsake	keepsake memory-fragment no-sell stackable tier-0 wild	0	1
2510	1003003	Visione_Chip_HiddenSpace_0015	Hidden Space - 0015	keepsake	keepsake memory-fragment no-sell stackable tier-0 wild	0	1
2511	1003004	Visione_Chip_HiddenSpace_0016	Hidden Space - 0016	keepsake	keepsake memory-fragment no-sell stackable tier-0 wild	0	1
2512	1003005	Visione_Chip_HiddenSpace_0017	Hidden Space - 0017	keepsake	keepsake memory-fragment no-sell stackable tier-0 wild	0	1
2513	1003006	Visione_Chip_HiddenSpace_0018	Hidden Space - 0018	keepsake	keepsake memory-fragment no-sell stackable tier-0 wild	0	1
2514	1003007	Visione_Chip_HiddenSpace_0019	Hidden Space - 0019	keepsake	keepsake memory-fragment no-sell stackable tier-0 wild	0	1
2515	1003008	Visione_Chip_HiddenSpace_0020	Hidden Space - 0020	keepsake	keepsake memory-fragment no-sell stackable tier-0 wild	0	1
2516	1003009	Visione_Chip_HiddenSpace_0021	Hidden Space - 0021	keepsake	keepsake memory-fragment no-sell stackable tier-0 wild	0	1
2517	1003010	Visione_Chip_HiddenSpace_0022	Hidden Space - 0022	keepsake	keepsake memory-fragment no-sell stackable tier-0 wild	0	1
2518	1003011	Visione_Chip_HiddenSpace_0023	Hidden Space - 0023	keepsake	keepsake memory-fragment no-sell stackable tier-0 wild	0	1
2519	1003012	Visione_Chip_HiddenSpace_0024	Hidden Space - 0024	keepsake	keepsake memory-fragment no-sell stackable tier-0 wild	0	1
2520	1003013	Visione_Chip_HiddenSpace_0025	Hidden Space - 0025	keepsake	keepsake memory-fragment no-sell stackable tier-0 wild	0	1
2521	1003014	Visione_Chip_HiddenSpace_0026	Hidden Space - 0026	keepsake	keepsake memory-fragment no-sell stackable tier-0 wild	0	1
2522	1003015	Visione_Chip_HiddenSpace_0027	Hidden Space - 0027	keepsake	keepsake memory-fragment no-sell stackable tier-0 wild	0	1
2523	1003016	Visione_Chip_HiddenSpace_0028	Hidden Space - 0028	keepsake	keepsake memory-fragment no-sell stackable tier-0 wild	0	1
2524	1003017	Visione_Chip_HiddenSpace_0029	Hidden Space - 0029	keepsake	keepsake memory-fragment no-sell stackable tier-0 wild	0	1
2525	1003018	Visione_Chip_HiddenSpace_0030	Hidden Space - 0030	keepsake	keepsake memory-fragment no-sell stackable tier-0 wild	0	1
2526	1003019	Visione_Chip_HiddenSpace_0031	Hidden Space - 0031	keepsake	keepsake memory-fragment no-sell stackable tier-0 wild	0	1
2527	1003020	Visione_Chip_HiddenSpace_0032	Hidden Space - 0032	keepsake	keepsake memory-fragment no-sell stackable tier-0 wild	0	1
2528	1003021	Visione_Chip_HiddenSpace_0033	Hidden Space - 0033	keepsake	keepsake memory-fragment no-sell stackable tier-0 wild	0	1
2529	1003022	Visione_Chip_HiddenSpace_0034	Hidden Space - 0034	keepsake	keepsake memory-fragment no-sell stackable tier-0 wild	0	1
2530	1003023	Visione_Chip_HiddenSpace_0035	Hidden Space - 0035	keepsake	keepsake memory-fragment no-sell stackable tier-0 wild	0	1
2531	1003024	Visione_Chip_HiddenSpace_0036	Hidden Space - 0036	keepsake	keepsake memory-fragment no-sell stackable tier-0 wild	0	1
2532	1003025	Visione_Chip_HiddenSpace_0037	Hidden Space - 0037	keepsake	keepsake memory-fragment no-sell stackable tier-0 wild	0	1
2533	1003026	Visione_Chip_HiddenSpace_0038	Hidden Space - 0038	keepsake	keepsake memory-fragment no-sell stackable tier-0 wild	0	1
2534	1003027	Visione_Chip_HiddenSpace_0039	Hidden Space - 0039	keepsake	keepsake memory-fragment no-sell stackable tier-0 wild	0	1
2535	1003028	Visione_Chip_HiddenSpace_0040	Hidden Space - 0040	keepsake	keepsake memory-fragment no-sell stackable tier-0 wild	0	1
2536	1003029	Visione_Chip_HiddenSpace_0041	Hidden Space - 0041	keepsake	keepsake memory-fragment no-sell stackable tier-0 wild	0	1
2537	1003030	Visione_Chip_HiddenSpace_0042	Hidden Space - 0042	keepsake	keepsake memory-fragment no-sell stackable tier-0 wild	0	1
2538	1003031	Visione_Chip_HiddenSpace_0043	Hidden Space - 0043	keepsake	keepsake memory-fragment no-sell stackable tier-0 wild	0	1
2539	1003032	Visione_Chip_HiddenSpace_0044	Hidden Space - 0044	keepsake	keepsake memory-fragment no-sell stackable tier-0 wild	0	1
2540	1003033	Visione_Chip_HiddenSpace_0045	Hidden Space - 0045	keepsake	keepsake memory-fragment no-sell stackable tier-0 wild	0	1
2541	1003034	Visione_Chip_HiddenSpace_0046	Hidden Space - 0046	keepsake	keepsake memory-fragment no-sell stackable tier-0 wild	0	1
2542	1003035	Visione_Chip_HiddenSpace_0047	Hidden Space - 0047	keepsake	keepsake memory-fragment no-sell stackable tier-0 wild	0	1
2543	1003036	Visione_Chip_HiddenSpace_0048	Hidden Space - 0048	keepsake	keepsake memory-fragment no-sell stackable tier-0 wild	0	1
2544	1003037	Visione_Chip_HiddenSpace_0049	Hidden Space - 0049	keepsake	keepsake memory-fragment no-sell stackable tier-0 wild	0	1
2545	1003038	Visione_Chip_HiddenSpace_0050	Hidden Space - 0050	keepsake	keepsake memory-fragment no-sell stackable tier-0 wild	0	1
2546	1003039	Visione_Chip_HiddenSpace_0051	Hidden Space - 0051	keepsake	keepsake memory-fragment no-sell stackable tier-0 wild	0	1
2547	1003040	Visione_Chip_HiddenSpace_0052	Hidden Space - 0052	keepsake	keepsake memory-fragment no-sell stackable tier-0 wild	0	1
2548	1003041	Visione_Chip_HiddenSpace_0053	Hidden Space - 0053	keepsake	keepsake memory-fragment no-sell stackable tier-0 wild	0	1
2549	1003042	Visione_Chip_HiddenSpace_0054	Hidden Space - 0054	keepsake	keepsake memory-fragment no-sell stackable tier-0 wild	0	1
2550	1003043	Visione_Chip_HiddenSpace_0055	Hidden Space - 0055	keepsake	keepsake memory-fragment no-sell stackable tier-0 wild	0	1
2551	1003044	Visione_Chip_HiddenSpace_0056	Hidden Space - 0056	keepsake	keepsake memory-fragment no-sell stackable tier-0 wild	0	1
2552	1003045	Visione_Chip_HiddenSpace_0057	Hidden Space - 0057	keepsake	keepsake memory-fragment no-sell stackable tier-0 wild	0	1
2553	1003046	Visione_Chip_HiddenSpace_0058	Hidden Space - 0058	keepsake	keepsake memory-fragment no-sell stackable tier-0 wild	0	1
2554	1003047	Visione_Chip_HiddenSpace_0059	Hidden Space - 0059	keepsake	keepsake memory-fragment no-sell stackable tier-0 wild	0	1
2555	1003048	Visione_Chip_HiddenSpace_0060	Hidden Space - 0060	keepsake	keepsake memory-fragment no-sell stackable tier-0 wild	0	1
2556	1003049	Visione_Chip_HiddenSpace_0061	Hidden Space - 0061	keepsake	keepsake memory-fragment no-sell stackable tier-0 wild	0	1
2557	1003050	Visione_Chip_HiddenSpace_0062	Hidden Space - 0062	keepsake	keepsake memory-fragment no-sell stackable tier-0 wild	0	1
2558	1003051	Visione_Chip_HiddenSpace_0063	Hidden Space - 0063	keepsake	keepsake memory-fragment no-sell stackable tier-0 wild	0	1
2559	1003052	Visione_Chip_HiddenSpace_0064	Hidden Space - 0064	keepsake	keepsake memory-fragment no-sell stackable tier-0 wild	0	1
2560	1003053	Visione_Chip_HiddenSpace_0065	Hidden Space - 0065	keepsake	keepsake memory-fragment no-sell stackable tier-0 wild	0	1
2561	1003054	Visione_Chip_HiddenSpace_0066	Hidden Space - 0066	keepsake	keepsake memory-fragment no-sell stackable tier-0 wild	0	1
2562	1003055	Visione_Chip_HiddenSpace_0067	Hidden Space - 0067	keepsake	keepsake memory-fragment no-sell stackable tier-0 wild	0	1
2563	1003056	Visione_Chip_HiddenSpace_0068	Hidden Space - 0068	keepsake	keepsake memory-fragment no-sell stackable tier-0 wild	0	1
2564	1003057	Visione_Chip_HiddenSpace_0069	Hidden Space - 0069	keepsake	keepsake memory-fragment no-sell stackable tier-0 wild	0	1
2565	1003058	Visione_Chip_HiddenSpace_0070	Hidden Space - 0070	keepsake	keepsake memory-fragment no-sell stackable tier-0 wild	0	1
2566	1003059	Visione_Chip_HiddenSpace_0071	Hidden Space - 0071	keepsake	keepsake memory-fragment no-sell stackable tier-0 wild	0	1
2567	1003060	Visione_Chip_HiddenSpace_0072	Hidden Space - 0072	keepsake	keepsake memory-fragment no-sell stackable tier-0 wild	0	1
2568	1003061	Visione_Chip_HiddenSpace_0073	Hidden Space - 0073	keepsake	keepsake memory-fragment no-sell stackable tier-0 wild	0	1
2569	1003062	Visione_Chip_HiddenSpace_0074	Hidden Space - 0074	keepsake	keepsake memory-fragment no-sell stackable tier-0 wild	0	1
2570	1003063	Visione_Chip_HiddenSpace_0075	Hidden Space - 0075	keepsake	keepsake memory-fragment no-sell stackable tier-0 wild	0	1
2571	1003064	Visione_Chip_HiddenSpace_0076	Hidden Space - 0076	keepsake	keepsake memory-fragment no-sell stackable tier-0 wild	0	1
2572	1003065	Visione_Chip_HiddenSpace_0077	Hidden Space - 0077	keepsake	keepsake memory-fragment no-sell stackable tier-0 wild	0	1
2573	1003066	Visione_Chip_HiddenSpace_0078	Hidden Space - 0078	keepsake	keepsake memory-fragment no-sell stackable tier-0 wild	0	1
2574	1003067	Visione_Chip_HiddenSpace_0079	Hidden Space - 0079	keepsake	keepsake memory-fragment no-sell stackable tier-0 wild	0	1
2575	1003068	Visione_Chip_HiddenSpace_0080	Hidden Space - 0080	keepsake	keepsake memory-fragment no-sell stackable tier-0 wild	0	1
2576	1003069	Visione_Chip_HiddenSpace_0081	Hidden Space - 0081	keepsake	keepsake memory-fragment no-sell stackable tier-0 wild	0	1
2577	1003070	Visione_Chip_HiddenSpace_0082	Hidden Space - 0082	keepsake	keepsake memory-fragment no-sell stackable tier-0 wild	0	1
2578	1003071	Visione_Chip_HiddenSpace_0083	Hidden Space - 0083	keepsake	keepsake memory-fragment no-sell stackable tier-0 wild	0	1
2579	1003072	Visione_Chip_HiddenSpace_0084	Hidden Space - 0084	keepsake	keepsake memory-fragment no-sell stackable tier-0 wild	0	1
2580	1003073	Visione_Chip_HiddenSpace_0085	Hidden Space - 0085	keepsake	keepsake memory-fragment no-sell stackable tier-0 wild	0	1
2581	1003074	Visione_Chip_HiddenSpace_0086	Hidden Space - 0086	keepsake	keepsake memory-fragment no-sell stackable tier-0 wild	0	1
2582	1003075	Visione_Chip_HiddenSpace_0087	Hidden Space - 0087	keepsake	keepsake memory-fragment no-sell stackable tier-0 wild	0	1
2583	1003076	Visione_Chip_HiddenSpace_0088	Hidden Space - 0088	keepsake	keepsake memory-fragment no-sell stackable tier-0 wild	0	1
2584	1003077	Visione_Chip_HiddenSpace_0089	Hidden Space - 0089	keepsake	keepsake memory-fragment no-sell stackable tier-0 wild	0	1
2585	1003078	Visione_Chip_HiddenSpace_0090	Hidden Space - 0090	keepsake	keepsake memory-fragment no-sell stackable tier-0 wild	0	1
2586	1003079	Visione_Chip_HiddenSpace_0091	Hidden Space - 0091	keepsake	keepsake memory-fragment no-sell stackable tier-0 wild	0	1
2587	1003080	Visione_Chip_HiddenSpace_0092	Hidden Space - 0092	keepsake	keepsake memory-fragment no-sell stackable tier-0 wild	0	1
2588	1003081	Visione_Chip_HiddenSpace_0093	Hidden Space - 0093	keepsake	keepsake memory-fragment no-sell stackable tier-0 wild	0	1
2589	1003082	Visione_Chip_HiddenSpace_0094	Hidden Space - 0094	keepsake	keepsake memory-fragment no-sell stackable tier-0 wild	0	1
2590	1003083	Visione_Chip_HiddenSpace_0095	Hidden Space - 0095	keepsake	keepsake memory-fragment no-sell stackable tier-0 wild	0	1
2591	1003084	Visione_Chip_HiddenSpace_0096	Hidden Space - 0096	keepsake	keepsake memory-fragment no-sell stackable tier-0 wild	0	1
2592	1003085	Visione_Chip_HiddenSpace_0097	Hidden Space - 0097	keepsake	keepsake memory-fragment no-sell stackable tier-0 wild	0	1
2593	1003086	Visione_Chip_HiddenSpace_0098	Hidden Space - 0098	keepsake	keepsake memory-fragment no-sell stackable tier-0 wild	0	1
2594	1003087	Visione_Chip_HiddenSpace_0099	Hidden Space - 0099	keepsake	keepsake memory-fragment no-sell stackable tier-0 wild	0	1
2595	1003088	Visione_Chip_HiddenSpace_0100	Hidden Space - 0100	keepsake	keepsake memory-fragment no-sell stackable tier-0 wild	0	1
2596	1003089	Visione_Chip_HiddenSpace_0101	Hidden Space - 0101	keepsake	keepsake memory-fragment no-sell stackable tier-0 wild	0	1
2597	1003090	Visione_Chip_HiddenSpace_0102	Hidden Space - 0102	keepsake	keepsake memory-fragment no-sell stackable tier-0 wild	0	1
2598	1003091	Visione_Chip_HiddenSpace_0103	Hidden Space - 0103	keepsake	keepsake memory-fragment no-sell stackable tier-0 wild	0	1
2599	1003092	Visione_Chip_HiddenSpace_0104	Hidden Space - 0104	keepsake	keepsake memory-fragment no-sell stackable tier-0 wild	0	1
2600	1003093	Visione_Chip_HiddenSpace_0105	Hidden Space - 0105	keepsake	keepsake memory-fragment no-sell stackable tier-0 wild	0	1
2601	1003094	Visione_Chip_HiddenSpace_0106	Hidden Space - 0106	keepsake	keepsake memory-fragment no-sell stackable tier-0 wild	0	1
2602	1003095	Visione_Chip_HiddenSpace_0107	Hidden Space - 0107	keepsake	keepsake memory-fragment no-sell stackable tier-0 wild	0	1
2603	1003096	Visione_Chip_HiddenSpace_0108	Hidden Space - 0108	keepsake	keepsake memory-fragment no-sell stackable tier-0 wild	0	1
2604	1003097	Visione_Chip_HiddenSpace_0109	Hidden Space - 0109	keepsake	keepsake memory-fragment no-sell stackable tier-0 wild	0	1
2605	1003098	Visione_Chip_HiddenSpace_0110	Hidden Space - 0110	keepsake	keepsake memory-fragment no-sell stackable tier-0 wild	0	1
2606	1003099	Visione_Chip_HiddenSpace_0111	Hidden Space - 0111	keepsake	keepsake memory-fragment no-sell stackable tier-0 wild	0	1
2607	1003100	Visione_Chip_HiddenSpace_0112	Hidden Space - 0112	keepsake	keepsake memory-fragment no-sell stackable tier-0 wild	0	1
2608	1003101	Visione_Chip_HiddenSpace_0113	Hidden Space - 0113	keepsake	keepsake memory-fragment no-sell stackable tier-0 wild	0	1
2609	1003102	Visione_Chip_HiddenSpace_0114	Hidden Space - 0114	keepsake	keepsake memory-fragment no-sell stackable tier-0 wild	0	1
2610	1003103	Visione_Chip_HiddenSpace_0115	Hidden Space - 0115	keepsake	keepsake memory-fragment no-sell stackable tier-0 wild	0	1
2611	1003104	Visione_Chip_HiddenSpace_0116	Hidden Space - 0116	keepsake	keepsake memory-fragment no-sell stackable tier-0 wild	0	1
2612	1003105	Visione_Chip_HiddenSpace_0117	Hidden Space - 0117	keepsake	keepsake memory-fragment no-sell stackable tier-0 wild	0	1
2613	1003106	Visione_Chip_HiddenSpace_0118	Hidden Space - 0118	keepsake	keepsake memory-fragment no-sell stackable tier-0 wild	0	1
2614	1003107	Visione_Chip_HiddenSpace_0119	Hidden Space - 0119	keepsake	keepsake memory-fragment no-sell stackable tier-0 wild	0	1
2615	1003108	Visione_Chip_HiddenSpace_0120	Hidden Space - 0120	keepsake	keepsake memory-fragment no-sell stackable tier-0 wild	0	1
2616	1003109	Visione_Chip_HiddenSpace_0121	Hidden Space - 0121	keepsake	keepsake memory-fragment no-sell stackable tier-0 wild	0	1
2617	1003110	Visione_Chip_HiddenSpace_0122	Hidden Space - 0122	keepsake	keepsake memory-fragment no-sell stackable tier-0 wild	0	1
2618	1003111	Visione_Chip_HiddenSpace_0123	Hidden Space - 0123	keepsake	keepsake memory-fragment no-sell stackable tier-0 wild	0	1
2619	1003112	Visione_Chip_HiddenSpace_0124	Hidden Space - 0124	keepsake	keepsake memory-fragment no-sell stackable tier-0 wild	0	1
2620	1003113	Visione_Chip_HiddenSpace_0125	Hidden Space - 0125	keepsake	keepsake memory-fragment no-sell stackable tier-0 wild	0	1
2621	1003114	Visione_Chip_HiddenSpace_0126	Hidden Space - 0126	keepsake	keepsake memory-fragment no-sell stackable tier-0 wild	0	1
2622	1003115	Visione_Chip_HiddenSpace_0127	Hidden Space - 0127	keepsake	keepsake memory-fragment no-sell stackable tier-0 wild	0	1
2623	1003116	Visione_Chip_HiddenSpace_0128	Hidden Space - 0128	keepsake	keepsake memory-fragment no-sell stackable tier-0 wild	0	1
2624	1003117	Visione_Chip_HiddenSpace_0129	Hidden Space - 0129	keepsake	keepsake memory-fragment no-sell stackable tier-0 wild	0	1
2625	1003118	Visione_Chip_HiddenSpace_0130	Hidden Space - 0130	keepsake	keepsake memory-fragment no-sell stackable tier-0 wild	0	1
2626	1003119	Visione_Chip_HiddenSpace_0131	Hidden Space - 0131	keepsake	keepsake memory-fragment no-sell stackable tier-0 wild	0	1
2627	1003120	Visione_Chip_HiddenSpace_0132	Hidden Space - 0132	keepsake	keepsake memory-fragment no-sell stackable tier-0 wild	0	1
2628	1003121	Visione_Chip_HiddenSpace_0133	Hidden Space - 0133	keepsake	keepsake memory-fragment no-sell stackable tier-0 wild	0	1
2629	1003122	Visione_Chip_HiddenSpace_0134	Hidden Space - 0134	keepsake	keepsake memory-fragment no-sell stackable tier-0 wild	0	1
2630	1003123	Visione_Chip_HiddenSpace_0135	Hidden Space - 0135	keepsake	keepsake memory-fragment no-sell stackable tier-0 wild	0	1
2631	1003124	Visione_Chip_HiddenSpace_0136	Hidden Space - 0136	keepsake	keepsake memory-fragment no-sell stackable tier-0 wild	0	1
2632	1003125	Visione_Chip_HiddenSpace_0137	Hidden Space - 0137	keepsake	keepsake memory-fragment no-sell stackable tier-0 wild	0	1
2633	1003126	Visione_Chip_HiddenSpace_0138	Hidden Space - 0138	keepsake	keepsake memory-fragment no-sell stackable tier-0 wild	0	1
2634	1003127	Visione_Chip_HiddenSpace_0139	Hidden Space - 0139	keepsake	keepsake memory-fragment no-sell stackable tier-0 wild	0	1
2635	1003128	Visione_Chip_HiddenSpace_0140	Hidden Space - 0140	keepsake	keepsake memory-fragment no-sell stackable tier-0 wild	0	1
2636	1003129	Visione_Chip_HiddenSpace_0141	Hidden Space - 0141	keepsake	keepsake memory-fragment no-sell stackable tier-0 wild	0	1
2637	1003130	Visione_Chip_HiddenSpace_0142	Hidden Space - 0142	keepsake	keepsake memory-fragment no-sell stackable tier-0 wild	0	1
2638	1003131	Visione_Chip_HiddenSpace_0143	Hidden Space - 0143	keepsake	keepsake memory-fragment no-sell stackable tier-0 wild	0	1
2639	1003132	Visione_Chip_HiddenSpace_0144	Hidden Space - 0144	keepsake	keepsake memory-fragment no-sell stackable tier-0 wild	0	1
2640	1003133	Visione_Chip_HiddenSpace_0145	Hidden Space - 0145	keepsake	keepsake memory-fragment no-sell stackable tier-0 wild	0	1
2641	1003134	Visione_Chip_HiddenSpace_0146	Hidden Space - 0146	keepsake	keepsake memory-fragment no-sell stackable tier-0 wild	0	1
2642	1003135	Visione_Chip_HiddenSpace_0147	Hidden Space - 0147	keepsake	keepsake memory-fragment no-sell stackable tier-0 wild	0	1
2643	1003136	Visione_Chip_HiddenSpace_0148	Hidden Space - 0148	keepsake	keepsake memory-fragment no-sell stackable tier-0 wild	0	1
2644	1003137	Visione_Chip_HiddenSpace_0149	Hidden Space - 0149	keepsake	keepsake memory-fragment no-sell stackable tier-0 wild	0	1
2645	1003138	Visione_Chip_HiddenSpace_0150	Hidden Space - 0150	keepsake	keepsake memory-fragment no-sell stackable tier-0 wild	0	1
2646	1003139	Visione_Chip_HiddenSpace_0151	Hidden Space - 0151	keepsake	keepsake memory-fragment no-sell stackable tier-0 wild	0	1
2647	1003140	Visione_Chip_HiddenSpace_0152	Hidden Space - 0152	keepsake	keepsake memory-fragment no-sell stackable tier-0 wild	0	1
2648	1003141	Visione_Chip_HiddenSpace_0153	Hidden Space - 0153	keepsake	keepsake memory-fragment no-sell stackable tier-0 wild	0	1
2649	1003142	Visione_Chip_HiddenSpace_0154	Hidden Space - 0154	keepsake	keepsake memory-fragment no-sell stackable tier-0 wild	0	1
2650	1003143	Visione_Chip_HiddenSpace_0155	Hidden Space - 0155	keepsake	keepsake memory-fragment no-sell stackable tier-0 wild	0	1
2651	1003144	Visione_Chip_HiddenSpace_0156	Hidden Space - 0156	keepsake	keepsake memory-fragment no-sell stackable tier-0 wild	0	1
2652	1004319	Visione_Chip_Alustin_Journal_0001	Archive Entry #1	keepsake	keepsake knowledge memory-fragment no-sell stackable tier-0 wild	0	1
2653	1004320	Visione_Chip_Alustin_Journal_0002	Archive Entry #2	keepsake	keepsake knowledge memory-fragment no-sell stackable tier-0 wild	0	1
2654	1004321	Visione_Chip_Alustin_Journal_0003	Archive Entry #3	keepsake	keepsake knowledge memory-fragment no-sell stackable tier-0 wild	0	1
2655	1004322	Visione_Chip_Alustin_Journal_0004	Archive Entry #4	keepsake	keepsake knowledge memory-fragment no-sell stackable tier-0 wild	0	1
2656	1004323	Visione_Chip_Alustin_Journal_0005	Archive Entry #5	keepsake	keepsake knowledge memory-fragment no-sell stackable tier-0 wild	0	1
2657	1004324	Visione_Chip_Alustin_Journal_0006	Archive Entry #7	keepsake	keepsake knowledge memory-fragment no-sell stackable tier-0 wild	0	1
2658	1004325	Visione_Chip_Alustin_Journal_0007	Archive Entry #8	keepsake	keepsake knowledge memory-fragment no-sell stackable tier-0 wild	0	1
2659	1004326	Visione_Chip_Alustin_Journal_0008	Archive Entry #16	keepsake	keepsake knowledge memory-fragment no-sell stackable tier-0 wild	0	1
2660	1004327	Visione_Chip_Alustin_Journal_0009	Archive Entry #17	keepsake	keepsake knowledge memory-fragment no-sell stackable tier-0 wild	0	1
2661	1004328	Visione_Chip_Alustin_Journal_0010	Archive Entry #18	keepsake	keepsake knowledge memory-fragment no-sell stackable tier-0 wild	0	1
2662	1004329	Visione_Chip_Alustin_Journal_0011	Archive Entry #19	keepsake	keepsake knowledge memory-fragment no-sell stackable tier-0 wild	0	1
2663	1004330	Visione_Chip_Alustin_Journal_0012	Archive Entry #25	keepsake	keepsake knowledge memory-fragment no-sell stackable tier-0 wild	0	1
2664	1004331	Visione_Chip_Alustin_Journal_0013	Archive Entry #26	keepsake	keepsake knowledge memory-fragment no-sell stackable tier-0 wild	0	1
2665	1004332	Visione_Chip_Alustin_Journal_0014	Archive Entry #35	keepsake	keepsake knowledge memory-fragment no-sell stackable tier-0 wild	0	1
2666	1004333	Visione_Chip_Alustin_Journal_0015	Archive Entry #36	keepsake	keepsake knowledge memory-fragment no-sell stackable tier-0 wild	0	1
2667	1004334	Visione_Chip_Alustin_Journal_0016	Archive Entry #38	keepsake	keepsake knowledge memory-fragment no-sell stackable tier-0 wild	0	1
2668	1004335	Visione_Chip_Alustin_Journal_0017	Archive Entry #39	keepsake	keepsake knowledge memory-fragment no-sell stackable tier-0 wild	0	1
2669	1004336	Visione_Chip_Alustin_Journal_0018	Archive Entry #45	keepsake	keepsake knowledge memory-fragment no-sell stackable tier-0 wild	0	1
2670	1004337	Visione_Chip_Alustin_Journal_0019	Archive Entry #46	keepsake	keepsake knowledge memory-fragment no-sell stackable tier-0 wild	0	1
2671	1004338	Visione_Chip_Alustin_Journal_0020	Archive Entry #47	keepsake	keepsake knowledge memory-fragment no-sell stackable tier-0 wild	0	1
2672	1004339	Visione_Chip_Alustin_Journal_0021	Archive Entry #48	keepsake	keepsake knowledge memory-fragment no-sell stackable tier-0 wild	0	1
2673	1004340	Visione_Chip_Alustin_Journal_0022	Archive Entry #53	keepsake	keepsake knowledge memory-fragment no-sell stackable tier-0 wild	0	1
2674	1004341	Visione_Chip_Alustin_Journal_0023	Archive Entry #54	keepsake	keepsake knowledge memory-fragment no-sell stackable tier-0 wild	0	1
2675	1004342	Visione_Chip_Alustin_Journal_0024	Archive Entry #59	keepsake	keepsake knowledge memory-fragment no-sell stackable tier-0 wild	0	1
2676	1004343	Visione_Chip_Alustin_Journal_0025	Archive Entry #60	keepsake	keepsake knowledge memory-fragment no-sell stackable tier-0 wild	0	1
2677	1004344	Visione_Chip_Alustin_Journal_0026	Archive Entry #61	keepsake	keepsake knowledge memory-fragment no-sell stackable tier-0 wild	0	1
2678	1004345	Visione_Chip_Alustin_Journal_0027	Archive Entry #62	keepsake	keepsake knowledge memory-fragment no-sell stackable tier-0 wild	0	1
2679	1004346	Visione_Chip_Alustin_Journal_0028	Archive Entry #66	keepsake	keepsake knowledge memory-fragment no-sell stackable tier-0 wild	0	1
2680	1004347	Visione_Chip_Alustin_Journal_0029	Archive Entry #67	keepsake	keepsake knowledge memory-fragment no-sell stackable tier-0 wild	0	1
2681	1004348	Visione_Chip_Alustin_Journal_0030	Archive Entry #71	keepsake	keepsake knowledge memory-fragment no-sell stackable tier-0 wild	0	1
2682	1004349	Visione_Chip_Alustin_Journal_0031	Archive Entry #72	keepsake	keepsake knowledge memory-fragment no-sell stackable tier-0 wild	0	1
2683	1004350	Visione_Chip_Alustin_Journal_0032	Archive Entry #77	keepsake	keepsake knowledge memory-fragment no-sell stackable tier-0 wild	0	1
2684	1004351	Visione_Chip_Alustin_Journal_0033	Archive Entry #78	keepsake	keepsake knowledge memory-fragment no-sell stackable tier-0 wild	0	1
2685	1004352	Visione_Chip_Alustin_Journal_0034	Archive Entry #82	keepsake	keepsake knowledge memory-fragment no-sell stackable tier-0 wild	0	1
2686	1004353	Visione_Chip_Alustin_Journal_0035	Archive Entry #83	keepsake	keepsake knowledge memory-fragment no-sell stackable tier-0 wild	0	1
2687	1004354	Visione_Chip_Alustin_Journal_0036	Archive Entry #89	keepsake	keepsake knowledge memory-fragment no-sell stackable tier-0 wild	0	1
2688	1004355	Visione_Chip_Alustin_Journal_0037	Archive Entry #90	keepsake	keepsake knowledge memory-fragment no-sell stackable tier-0 wild	0	1
2689	1004356	Visione_Chip_Alustin_Journal_0038	Archive Entry #98	keepsake	keepsake knowledge memory-fragment no-sell stackable tier-0 wild	0	1
2690	1004357	Visione_Chip_Alustin_Journal_0039	Archive Entry #99	keepsake	keepsake knowledge memory-fragment no-sell stackable tier-0 wild	0	1
2691	1004358	Visione_Chip_Alustin_Journal_0040	Archive Entry #100	keepsake	keepsake knowledge memory-fragment no-sell stackable tier-0 wild	0	1
2692	1004359	Visione_Chip_Alustin_Journal_0041	Archive Entry #106	keepsake	keepsake knowledge memory-fragment no-sell stackable tier-0 wild	0	1
2693	1004360	Visione_Chip_Alustin_Journal_0042	Archive Entry #107	keepsake	keepsake knowledge memory-fragment no-sell stackable tier-0 wild	0	1
2694	1003838	Riding_Bear_Claw	White Bear's Claws	treasure	important knowledge mount-summon no-discard no-sell tier-0 treasure wild	0	1
2695	1003839	Riding_Wolf_Tooth	Fang of Silver Fang	treasure	important knowledge mount-summon no-discard no-sell tier-0 treasure wild	0	1
2696	1003840	Riding_Deer_Horn	Snowwhite Deer's Antlers	treasure	important knowledge mount-summon no-discard no-sell tier-0 treasure wild	0	1
2697	1003841	Riding_AlpineIbex_Horn	Icicle Edge Alpine Ibex Horn	treasure	important knowledge mount-summon no-discard no-sell tier-0 treasure wild	0	1
2698	1003842	Riding_Warthog_Tooth	Rock Tusk Warthog's Tusk	treasure	important knowledge mount-summon no-discard no-sell tier-0 treasure wild	0	1
2699	1003920	Pet_Phoenix_Feather	Phoenix Feather	treasure	important knowledge mount-summon no-discard no-sell tier-0 treasure wild	0	1
2700	1003843	Riding_Bear_Amulet	Sigil of Solidarity (White Bear)	treasure	important mount-summon no-discard no-sell tier-0 treasure wild	0	1
2701	1003844	Riding_Wolf_Amulet	Sigil of Solidarity (Silver Fang)	treasure	important mount-summon no-discard no-sell tier-0 treasure wild	0	1
2702	1003845	Riding_Deer_Amulet	Sigil of Solidarity (Snowwhite Deer)	treasure	important mount-summon no-discard no-sell tier-0 treasure wild	0	1
2703	1003846	Riding_AlpineIbex_Amulet	Sigil of Solidarity (Icicle Edge Alpine Ibex)	treasure	important mount-summon no-discard no-sell tier-0 treasure wild	0	1
2704	1003847	Riding_Warthog_Amulet	Sigil of Solidarity (Rock Tusk Warthog)	treasure	important mount-summon no-discard no-sell tier-0 treasure wild	0	1
2705	1003921	Pet_Phoenix_Amulet	Sigil of Solidarity (Phoenix)	treasure	important mount-summon no-discard no-sell tier-0 treasure wild	0	1
2706	1001170	Trade_Golden_Sword_Unpack	Golden Sword	keepsake	keepsake quest-reward stackable tier-0 trade-good	0	3000
2707	1004388	Item_Egg_KuKu	Kuku Bird's Egg	keepsake	keepsake no-sell quest-reward tier-0	0	1
2708	1004389	Item_Egg_Wyvern	Wyvern Egg	keepsake	keepsake no-sell quest-reward tier-0	0	1
2709	1000859	Paper_ReventineMonastery_Document	Reventine Monastery Exclusive Document	document	document stackable tier-0	0	2130
2710	1001605	CharacterCustomize_Damian_DefultHair	Damiane's Basic Hair Ticket	keepsake	character-exclusive keepsake no-sell tier-0 use-immediately	0	1
2711	1001740	CharacterCustomize_Damian_TieHair	Damiane's Ponytail Ticket	keepsake	character-exclusive keepsake no-sell tier-0 use-immediately	0	1
2712	1000389	Notepad	Notepad	keepsake	character-exclusive keepsake no-sell tier-0 tool wild	0	1
2713	1000390	Feather_Pen	Feather Pen	keepsake	character-exclusive keepsake no-sell tier-0 tool wild	0	1
2714	1003363	Item_Scale	Scales of Fairness and Justice	keepsake	character-exclusive keepsake no-sell tier-0 tool wild	0	1
2715	1000329	Abacus	Abacus	keepsake	keepsake no-sell tier-0 tool wild	0	1
2716	1000529	CharacterCustomize_Oongka_Arm_Aging	Oongka's Arms Aging Appearance Change Coupon	keepsake	keepsake no-sell tier-0 use-immediately	0	1
2717	1000064	CharacterCustomize_Kliff_Neck_Scar	Kliff's Neck Scar Change Coupon	keepsake	character-exclusive keepsake no-sell tier-0 use-immediately	0	1
2718	1002857	CharacterCustomize_Kliff_Aging	Kliff Aging Appearance Change Coupon	keepsake	character-exclusive keepsake no-sell tier-0 use-immediately	0	1
2719	1003755	CharacterCustomize_Kliff_Deaging	Kliff Youthful Appearance Change Coupon	keepsake	character-exclusive keepsake no-sell tier-0 use-immediately	0	1
2720	801001	Permit_Her_Pass	Hernand Entry Permit	document	document important no-sell tier-0 wild	0	1
2721	802204	MonasteryVisitorPass	St. Halssius Visitor Pass	document	document important tier-0 wild	0	1000
2722	1001762	License_Operation_HernandBank	Personal Strongbox Permit	document	document tier-0 use-immediately	0	10000
2723	1004546	License_Operation_CopperPaperBank	Personal Bond Strongbox Permit	document	document tier-0 use-immediately	0	100000
2724	1002860	Permit_Her_Furniture	Furniture Supply Contract - Timberham	document	document tier-0	0	845
2725	1002861	Permit_Dem_Furniture	Furniture Supply Contract - Hidden Grove	document	document tier-0	0	975
2726	1002868	Permit_Del_Furniture	Furniture Supply Contract - Timberton	document	document tier-0	0	884
2727	1002869	Permit_Kwe_Furniture	Furniture Supply Contract - Beighen	document	document tier-0	0	923
2728	1001954	Permit_Her_Costume	Outfit Supply Contract - Hernand	document	document tier-0	0	1560
2729	1003145	Permit_Cal_Costume	Outfit Supply Contract - Calphade	document	document tier-0	0	1339
2730	1003146	Permit_Dem_Costume	Outfit Supply Contract - Demeniss	document	document tier-0	0	1430
2731	1003147	Permit_Tar_Costume	Outfit Supply Contract - Tariv	document	document tier-0	0	1300
2732	1003148	Permit_DemZoo_Costume	Outfit Supply Contract - Demeniss Wildlife Park	document	document tier-0	0	1339
2733	1003149	Permit_Del_Costume	Outfit Supply Contract - Delesyia	document	document tier-0	0	1365
2734	1003150	Permit_Pai_Costume	Outfit Supply Contract - Pailune	document	document tier-0	0	1430
2735	1003151	Permit_Tash_Costume	Outfit Supply Contract - Tommaso	document	document tier-0	0	1508
2736	1003152	Permit_Var_Costume	Outfit Supply Contract - Varnia	document	document tier-0	0	1443
2737	1003153	Permit_Her_Equipment	Equipment Supply Contract - Hernand	document	document tier-0	0	1716
2738	1003154	Permit_Kha_Equipment	Equipment Supply Contract - Kharonso	document	document tier-0	0	1625
2739	1003155	Permit_Cal_Equipment	Equipment Supply Contract - Calphade	document	document tier-0	0	1742
2740	1003156	Permit_Dem_Equipment	Equipment Supply Contract - Demeniss	document	document tier-0	0	1664
2741	1003157	Permit_Tar_Equipment	Equipment Supply Contract - Tariv	document	document tier-0	0	1729
2742	1003158	Permit_Str_Equipment	Equipment Supply Contract - Stronghelm Forge	document	document tier-0	0	1820
2743	1003159	Permit_Del_Equipment	Equipment Supply Contract - Delesyia	document	document tier-0	0	1664
2744	1003160	Permit_Pai_Equipment	Equipment Supply Contract - Pailune	document	document tier-0	0	1651
2745	1003161	Permit_Skog_Equipment	Equipment Supply Contract - Skoghorn	document	document tier-0	0	1781
2746	1003162	Permit_Odeck_Equipment	Equipment Supply Contract - Odeck	document	document tier-0	0	1677
2747	1003163	Permit_Var_Equipment	Equipment Supply Contract - Varnia	document	document tier-0	0	1716
2748	1003164	Permit_Tash_Equipment	Equipment Supply Contract - Tommaso	document	document tier-0	0	1703
2749	1003329	Permit_Her_Tavern	Food Supply Contract - Hernand	document	document tier-0	0	1053
2750	1003330	Permit_Cal_Tavern	Food Supply Contract - Calphade	document	document tier-0	0	1040
2751	1003331	Permit_Kha_Tavern	Food Supply Contract - Kharonso	document	document tier-0	0	1040
2752	1003332	Permit_Dem_Tavern	Food Supply Contract - Demeniss	document	document tier-0	0	1092
2753	1003333	Permit_Del_Tavern	Food Supply Contract - Delesyia	document	document tier-0	0	1066
2754	1003334	Permit_Pai_Tavern	Food Supply Contract - Pailune	document	document tier-0	0	1235
2755	1003335	Permit_Tash_Tavern	Food Supply Contract - Tommaso	document	document tier-0	0	1040
2756	1003336	Permit_Var_Tavern	Food Supply Contract - Varnia	document	document tier-0	0	1079
2757	1003172	Permit_Her_General	Provisions Supply Contract - Hernand	document	document tier-0	0	975
2758	1003173	Permit_Cal_General	Provisions Supply Contract - Calphade	document	document tier-0	0	1014
2759	1003174	Permit_Del_General	Provisions Supply Contract - Delesyia	document	document tier-0	0	858
2760	1003175	Permit_Pai_General	Provisions Supply Contract - Pailune	document	document tier-0	0	897
2761	1003176	Permit_Bei_General	Provisions Supply Contract - Beighen	document	document tier-0	0	819
2762	1003177	Permit_Dem_General	Provisions Supply Contract - Demeniss	document	document tier-0	0	988
2763	1003178	Permit_Tash_General	Provisions Supply Contract - Tommaso	document	document tier-0	0	832
2764	1003179	Permit_Var_General	Provisions Supply Contract - Varnia	document	document tier-0	0	793
2765	1003180	Permit_Vellua_General	Provisions Supply Contract - Vellua	document	document tier-0	0	806
2766	1003181	Permit_Skog_General	Provisions Supply Contract - Skoghorn	document	document tier-0	0	897
2767	1001778	Permit_Her_Seed	Seed Supply Contract - Hernand	document	document tier-0	0	858
2768	1003182	Permit_Cal_Seed	Seed Supply Contract - Calphade	document	document tier-0	0	754
2769	1003183	Permit_Dem_Seed	Seed Supply Contract - Demeniss	document	document tier-0	0	702
2770	1003184	Permit_Del_Seed	Seed Supply Contract - Delesyia	document	document tier-0	0	715
2771	1003185	Permit_Pai_Seed	Seed Supply Contract - Pailune	document	document tier-0	0	793
2772	1003186	Permit_Tash_Seed	Seed Supply Contract - Tommaso	document	document tier-0	0	819
2773	1003187	Permit_Var_Seed	Seed Supply Contract - Varnia	document	document tier-0	0	793
2774	1002872	Legend_PureWhite_Deer_Report	Sighting of the Snowwhite Deer	legendary-animal-report	document legendary-animal-report tier-0	0	2700
2775	1002873	Legend_Vined_Deer_Report	Sighting of the Vine Deer	legendary-animal-report	document legendary-animal-report tier-0	0	2900
2776	1002874	Legend_Black_Lion_Report	Sighting of the Black Lion	legendary-animal-report	document legendary-animal-report tier-0	0	2600
2777	1002875	Legend_White_Lion_Report	Sighting of the White Lion	legendary-animal-report	document legendary-animal-report tier-0	0	2250
2778	1002876	Legend_PureWhite_Bion_Report	Sighting of the White Bison	legendary-animal-report	document legendary-animal-report tier-0	0	2200
2779	1002879	Legend_White_Moose_Report	Sighting of the White Moose	legendary-animal-report	document legendary-animal-report tier-0	0	2050
2780	1002882	Legend_White_Crocodile_Report	Sighting of the White-Scaled Crocodile	legendary-animal-report	document legendary-animal-report tier-0	0	2300
2781	1002888	Legend_White_Stag_Report	Sighting of the White Elk	legendary-animal-report	document legendary-animal-report tier-0	0	2550
2782	1002895	Legend_Redriver_hog_Report	Sighting of the Red River Hog	legendary-animal-report	document legendary-animal-report tier-0	0	2950
2783	1002917	Legend_LeeburtheShadowWolf_Report	Sighting of the Black Fang	legendary-animal-report	document legendary-animal-report tier-0	0	2400
2784	1002918	Legend_SilverFangs_Report	Sighting of the Silver Fang	legendary-animal-report	document legendary-animal-report tier-0	0	2250
2785	1002919	Tiger_Report	Sighting of the White Tiger	legendary-animal-report	document legendary-animal-report tier-0	0	2450
2786	1002956	White_Horse_Report	Sighting of Royler	legendary-animal-report	document legendary-animal-report tier-0	0	2700
2787	1002957	Black_Horse_Report	Sighting of Rokade	legendary-animal-report	document legendary-animal-report tier-0	0	2050
2788	1002958	RedHare_Horse_Report	Sighting of Camora	legendary-animal-report	document legendary-animal-report tier-0	0	2100
2789	1002959	Legend_White_Bear_Wild_Report	Sighting of the White Bear	legendary-animal-report	document legendary-animal-report tier-0	0	2800
2790	1002960	Legend_Giant_Bull_Report	Giant White Bison Sighting	legendary-animal-report	document legendary-animal-report tier-0	0	2000
2791	1002961	Legend_Phoenix_Wild_Report	Sighting of the Phoenix	legendary-animal-report	document legendary-animal-report tier-0	0	3000
2792	1002962	Boss_Hyena_Skevald_Report	Sighting of Skevald, the Carrion King	legendary-animal-report	document legendary-animal-report tier-0	0	2200
2793	1002963	Legend_GoldenTench_Report	Golden Tench Sighting	legendary-animal-report	document legendary-animal-report tier-0	0	2250
2794	1002964	Legend_Coelacanth_Report	Sighting of the Coelacanth	legendary-animal-report	document legendary-animal-report tier-0	0	2900
2795	1002965	Legend_Golden_Coelacanth_Report	Sighting of the Golden Coelacanth	legendary-animal-report	document legendary-animal-report tier-0	0	2950
2796	1002966	Legend_GoldenCarp_Report	Sighting of the Golden Carp	legendary-animal-report	document legendary-animal-report tier-0	0	2700
2797	1002967	Marni_MachineFish_Report	Sighting of the Clockwork Fish	legendary-animal-report	document legendary-animal-report tier-0	0	2050
2798	1004361	Legend_Macaw_Parrot_Report	Sighting of the Hyacinth Macaw	legendary-animal-report	document legendary-animal-report tier-0	0	2850
2799	1004362	Legend_Machine_Eagle_Report	Sighting of the Iron Eagle	legendary-animal-report	document legendary-animal-report tier-0	0	3000
2800	1004559	Piranhas_Report	Sighting of the Piranha	document	document tier-0	0	800
2801	75001	Abyss_Artifact	Abyss Artifact	artifact	abyss-item artifact important knowledge no-discard no-sell stackable tier-0	0	2850
2802	75002	Deactived_Abyss_Artifact	Faded Abyss Artifact	artifact	abyss-item artifact no-discard no-sell stackable tier-0	0	285
2803	75000	First_Artifact	The First Artifact	artifact	abyss-item artifact no-sell tier-0 wild	0	1
2804	1000822	Sealed_Abyss_Artifact_0001	Sealed Abyss Artifact	sealed-artifact	no-sell sealed-artifact tier-0 wild	0	1
2805	1000823	Sealed_Abyss_Artifact_0002	Sealed Abyss Artifact	sealed-artifact	no-sell sealed-artifact tier-0 wild	0	1
2806	1000339	Sealed_Abyss_Artifact_0003	Sealed Abyss Artifact	sealed-artifact	no-sell sealed-artifact tier-0 wild	0	1
2807	1000552	Sealed_Abyss_Artifact_0004	Sealed Abyss Artifact	sealed-artifact	no-sell sealed-artifact tier-0 wild	0	1
2808	1000693	Sealed_Abyss_Artifact_0005	Sealed Abyss Artifact	sealed-artifact	no-sell sealed-artifact tier-0 wild	0	1
2809	1000721	Sealed_Abyss_Artifact_0006	Sealed Abyss Artifact	sealed-artifact	no-sell sealed-artifact tier-0 wild	0	1
2810	1000751	Sealed_Abyss_Artifact_0007	Sealed Abyss Artifact	sealed-artifact	no-sell sealed-artifact tier-0 wild	0	1
2811	1000752	Sealed_Abyss_Artifact_0008	Sealed Abyss Artifact	sealed-artifact	no-sell sealed-artifact tier-0 wild	0	1
2812	1000423	Sealed_Abyss_Artifact_0009	Sealed Abyss Artifact	sealed-artifact	no-sell sealed-artifact tier-0 wild	0	1
2813	1000753	Sealed_Abyss_Artifact_0010	Sealed Abyss Artifact	sealed-artifact	no-sell sealed-artifact tier-0 wild	0	1
2814	1000812	Sealed_Abyss_Artifact_0011	Sealed Abyss Artifact	sealed-artifact	no-sell sealed-artifact tier-0 wild	0	1
2815	1000814	Sealed_Abyss_Artifact_0012	Sealed Abyss Artifact	sealed-artifact	no-sell sealed-artifact tier-0 wild	0	1
2816	1000830	Sealed_Abyss_Artifact_0013	Sealed Abyss Artifact	sealed-artifact	no-sell sealed-artifact tier-0 wild	0	1
2817	1000831	Sealed_Abyss_Artifact_0014	Sealed Abyss Artifact	sealed-artifact	no-sell sealed-artifact tier-0 wild	0	1
2818	1000832	Sealed_Abyss_Artifact_0015	Sealed Abyss Artifact	sealed-artifact	no-sell sealed-artifact tier-0 wild	0	1
2819	1000833	Sealed_Abyss_Artifact_0016	Sealed Abyss Artifact	sealed-artifact	no-sell sealed-artifact tier-0 wild	0	1
2820	1000834	Sealed_Abyss_Artifact_0017	Sealed Abyss Artifact	sealed-artifact	no-sell sealed-artifact tier-0 wild	0	1
2821	1000835	Sealed_Abyss_Artifact_0018	Sealed Abyss Artifact	sealed-artifact	no-sell sealed-artifact tier-0 wild	0	1
2822	1000836	Sealed_Abyss_Artifact_0019	Sealed Abyss Artifact	sealed-artifact	no-sell sealed-artifact tier-0 wild	0	1
2823	1000847	Sealed_Abyss_Artifact_0020	Sealed Abyss Artifact	sealed-artifact	no-sell sealed-artifact tier-0 wild	0	1
2824	1000848	Sealed_Abyss_Artifact_0021	Sealed Abyss Artifact	sealed-artifact	no-sell sealed-artifact tier-0 wild	0	1
2825	1000849	Sealed_Abyss_Artifact_0022	Sealed Abyss Artifact	sealed-artifact	no-sell sealed-artifact tier-0 wild	0	1
2826	1000850	Sealed_Abyss_Artifact_0023	Sealed Abyss Artifact	sealed-artifact	no-sell sealed-artifact tier-0 wild	0	1
2827	1000851	Sealed_Abyss_Artifact_0024	Sealed Abyss Artifact	sealed-artifact	no-sell sealed-artifact tier-0 wild	0	1
2828	1000852	Sealed_Abyss_Artifact_0025	Sealed Abyss Artifact	sealed-artifact	no-sell sealed-artifact tier-0 wild	0	1
2829	1001186	Sealed_Abyss_Artifact_0026	Sealed Abyss Artifact	sealed-artifact	no-sell sealed-artifact tier-0 wild	0	1
2830	1001430	Sealed_Abyss_Artifact_0027	Sealed Abyss Artifact	sealed-artifact	no-sell sealed-artifact tier-0 wild	0	1
2831	1001707	Sealed_Abyss_Artifact_0028	Sealed Abyss Artifact	sealed-artifact	no-sell sealed-artifact tier-0 wild	0	1
2832	1001767	Sealed_Abyss_Artifact_0029	Sealed Abyss Artifact	sealed-artifact	no-sell sealed-artifact tier-0 wild	0	1
2833	1001813	Sealed_Abyss_Artifact_0030	Sealed Abyss Artifact	sealed-artifact	no-sell sealed-artifact tier-0 wild	0	1
2834	1001838	Sealed_Abyss_Artifact_0031	Sealed Abyss Artifact	sealed-artifact	no-sell sealed-artifact tier-0 wild	0	1
2835	1001960	Sealed_Abyss_Artifact_0032	Sealed Abyss Artifact	sealed-artifact	no-sell sealed-artifact tier-0 wild	0	1
2836	1001961	Sealed_Abyss_Artifact_0033	Sealed Abyss Artifact	sealed-artifact	no-sell sealed-artifact tier-0 wild	0	1
2837	1001962	Sealed_Abyss_Artifact_0034	Sealed Abyss Artifact	sealed-artifact	no-sell sealed-artifact tier-0 wild	0	1
2838	1001963	Sealed_Abyss_Artifact_0035	Sealed Abyss Artifact	sealed-artifact	no-sell sealed-artifact tier-0 wild	0	1
2839	1001964	Sealed_Abyss_Artifact_0036	Sealed Abyss Artifact	sealed-artifact	no-sell sealed-artifact tier-0 wild	0	1
2840	1001965	Sealed_Abyss_Artifact_0037	Sealed Abyss Artifact	sealed-artifact	no-sell sealed-artifact tier-0 wild	0	1
2841	1001966	Sealed_Abyss_Artifact_0038	Sealed Abyss Artifact	sealed-artifact	no-sell sealed-artifact tier-0 wild	0	1
2842	1001967	Sealed_Abyss_Artifact_0039	Sealed Abyss Artifact	sealed-artifact	no-sell sealed-artifact tier-0 wild	0	1
2843	1001968	Sealed_Abyss_Artifact_0040	Sealed Abyss Artifact	sealed-artifact	no-sell sealed-artifact tier-0 wild	0	1
2844	1001969	Sealed_Abyss_Artifact_0041	Sealed Abyss Artifact	sealed-artifact	no-sell sealed-artifact tier-0 wild	0	1
2845	1001970	Sealed_Abyss_Artifact_0042	Sealed Abyss Artifact	sealed-artifact	no-sell sealed-artifact tier-0 wild	0	1
2846	1001971	Sealed_Abyss_Artifact_0043	Sealed Abyss Artifact	sealed-artifact	no-sell sealed-artifact tier-0 wild	0	1
2847	1001972	Sealed_Abyss_Artifact_0044	Sealed Abyss Artifact	sealed-artifact	no-sell sealed-artifact tier-0 wild	0	1
2848	1001973	Sealed_Abyss_Artifact_0045	Sealed Abyss Artifact	sealed-artifact	no-sell sealed-artifact tier-0 wild	0	1
2849	1001974	Sealed_Abyss_Artifact_0046	Sealed Abyss Artifact	sealed-artifact	no-sell sealed-artifact tier-0 wild	0	1
2850	1001975	Sealed_Abyss_Artifact_0047	Sealed Abyss Artifact	sealed-artifact	no-sell sealed-artifact tier-0 wild	0	1
2851	1001976	Sealed_Abyss_Artifact_0048	Sealed Abyss Artifact	sealed-artifact	no-sell sealed-artifact tier-0 wild	0	1
2852	1001977	Sealed_Abyss_Artifact_0049	Sealed Abyss Artifact	sealed-artifact	no-sell sealed-artifact tier-0 wild	0	1
2853	1001978	Sealed_Abyss_Artifact_0050	Sealed Abyss Artifact	sealed-artifact	no-sell sealed-artifact tier-0 wild	0	1
2854	1001979	Sealed_Abyss_Artifact_0051	Sealed Abyss Artifact	sealed-artifact	no-sell sealed-artifact tier-0 wild	0	1
2855	1001980	Sealed_Abyss_Artifact_0052	Sealed Abyss Artifact	sealed-artifact	no-sell sealed-artifact tier-0 wild	0	1
2856	1001981	Sealed_Abyss_Artifact_0053	Sealed Abyss Artifact	sealed-artifact	no-sell sealed-artifact tier-0 wild	0	1
2857	1001982	Sealed_Abyss_Artifact_0054	Sealed Abyss Artifact	sealed-artifact	no-sell sealed-artifact tier-0 wild	0	1
2858	1001983	Sealed_Abyss_Artifact_0055	Sealed Abyss Artifact	sealed-artifact	no-sell sealed-artifact tier-0 wild	0	1
2859	1001984	Sealed_Abyss_Artifact_0056	Sealed Abyss Artifact	sealed-artifact	no-sell sealed-artifact tier-0 wild	0	1
2860	1001985	Sealed_Abyss_Artifact_0057	Sealed Abyss Artifact	sealed-artifact	no-sell sealed-artifact tier-0 wild	0	1
2861	1001986	Sealed_Abyss_Artifact_0058	Sealed Abyss Artifact	sealed-artifact	no-sell sealed-artifact tier-0 wild	0	1
2862	1001987	Sealed_Abyss_Artifact_0059	Sealed Abyss Artifact	sealed-artifact	no-sell sealed-artifact tier-0 wild	0	1
2863	1001988	Sealed_Abyss_Artifact_0060	Sealed Abyss Artifact	sealed-artifact	no-sell sealed-artifact tier-0 wild	0	1
2864	1001989	Sealed_Abyss_Artifact_0061	Sealed Abyss Artifact	sealed-artifact	no-sell sealed-artifact tier-0 wild	0	1
2865	1001990	Sealed_Abyss_Artifact_0062	Sealed Abyss Artifact	sealed-artifact	no-sell sealed-artifact tier-0 wild	0	1
2866	1001991	Sealed_Abyss_Artifact_0063	Sealed Abyss Artifact	sealed-artifact	no-sell sealed-artifact tier-0 wild	0	1
2867	1001992	Sealed_Abyss_Artifact_0064	Sealed Abyss Artifact	sealed-artifact	no-sell sealed-artifact tier-0 wild	0	1
2868	1001993	Sealed_Abyss_Artifact_0065	Sealed Abyss Artifact	sealed-artifact	no-sell sealed-artifact tier-0 wild	0	1
2869	1001994	Sealed_Abyss_Artifact_0066	Sealed Abyss Artifact	sealed-artifact	no-sell sealed-artifact tier-0 wild	0	1
2870	1001995	Sealed_Abyss_Artifact_0067	Sealed Abyss Artifact	sealed-artifact	no-sell sealed-artifact tier-0 wild	0	1
2871	1001996	Sealed_Abyss_Artifact_0068	Sealed Abyss Artifact	sealed-artifact	no-sell sealed-artifact tier-0 wild	0	1
2872	1001997	Sealed_Abyss_Artifact_0069	Sealed Abyss Artifact	sealed-artifact	no-sell sealed-artifact tier-0 wild	0	1
2873	1001998	Sealed_Abyss_Artifact_0070	Sealed Abyss Artifact	sealed-artifact	no-sell sealed-artifact tier-0 wild	0	1
2874	1001999	Sealed_Abyss_Artifact_0071	Sealed Abyss Artifact	sealed-artifact	no-sell sealed-artifact tier-0 wild	0	1
2875	1002000	Sealed_Abyss_Artifact_0072	Sealed Abyss Artifact	sealed-artifact	no-sell sealed-artifact tier-0 wild	0	1
2876	1002001	Sealed_Abyss_Artifact_0073	Sealed Abyss Artifact	sealed-artifact	no-sell sealed-artifact tier-0 wild	0	1
2877	1002002	Sealed_Abyss_Artifact_0074	Sealed Abyss Artifact	sealed-artifact	no-sell sealed-artifact tier-0 wild	0	1
2878	1002003	Sealed_Abyss_Artifact_0075	Sealed Abyss Artifact	sealed-artifact	no-sell sealed-artifact tier-0 wild	0	1
2879	1002004	Sealed_Abyss_Artifact_0076	Sealed Abyss Artifact	sealed-artifact	no-sell sealed-artifact tier-0 wild	0	1
2880	1002005	Sealed_Abyss_Artifact_0077	Sealed Abyss Artifact	sealed-artifact	no-sell sealed-artifact tier-0 wild	0	1
2881	1002006	Sealed_Abyss_Artifact_0078	Sealed Abyss Artifact	sealed-artifact	no-sell sealed-artifact tier-0 wild	0	1
2882	1002007	Sealed_Abyss_Artifact_0079	Sealed Abyss Artifact	sealed-artifact	no-sell sealed-artifact tier-0 wild	0	1
2883	1002008	Sealed_Abyss_Artifact_0080	Sealed Abyss Artifact	sealed-artifact	no-sell sealed-artifact tier-0 wild	0	1
2884	1002009	Sealed_Abyss_Artifact_0081	Sealed Abyss Artifact	sealed-artifact	no-sell sealed-artifact tier-0 wild	0	1
2885	1002010	Sealed_Abyss_Artifact_0082	Sealed Abyss Artifact	sealed-artifact	no-sell sealed-artifact tier-0 wild	0	1
2886	1002011	Sealed_Abyss_Artifact_0083	Sealed Abyss Artifact	sealed-artifact	no-sell sealed-artifact tier-0 wild	0	1
2887	1002012	Sealed_Abyss_Artifact_0084	Sealed Abyss Artifact	sealed-artifact	no-sell sealed-artifact tier-0 wild	0	1
2888	1002013	Sealed_Abyss_Artifact_0085	Sealed Abyss Artifact	sealed-artifact	no-sell sealed-artifact tier-0 wild	0	1
2889	1002014	Sealed_Abyss_Artifact_0086	Sealed Abyss Artifact	sealed-artifact	no-sell sealed-artifact tier-0 wild	0	1
2890	1002015	Sealed_Abyss_Artifact_0087	Sealed Abyss Artifact	sealed-artifact	no-sell sealed-artifact tier-0 wild	0	1
2891	1002016	Sealed_Abyss_Artifact_0088	Sealed Abyss Artifact	sealed-artifact	no-sell sealed-artifact tier-0 wild	0	1
2892	1002017	Sealed_Abyss_Artifact_0089	Sealed Abyss Artifact	sealed-artifact	no-sell sealed-artifact tier-0 wild	0	1
2893	1002018	Sealed_Abyss_Artifact_0090	Sealed Abyss Artifact	sealed-artifact	no-sell sealed-artifact tier-0 wild	0	1
2894	1002019	Sealed_Abyss_Artifact_0091	Sealed Abyss Artifact	sealed-artifact	no-sell sealed-artifact tier-0 wild	0	1
2895	1002020	Sealed_Abyss_Artifact_0092	Sealed Abyss Artifact	sealed-artifact	no-sell sealed-artifact tier-0 wild	0	1
2896	1002021	Sealed_Abyss_Artifact_0093	Sealed Abyss Artifact	sealed-artifact	no-sell sealed-artifact tier-0 wild	0	1
2897	1002022	Sealed_Abyss_Artifact_0094	Sealed Abyss Artifact	sealed-artifact	no-sell sealed-artifact tier-0 wild	0	1
2898	1002023	Sealed_Abyss_Artifact_0095	Sealed Abyss Artifact	sealed-artifact	no-sell sealed-artifact tier-0 wild	0	1
2899	1002024	Sealed_Abyss_Artifact_0096	Sealed Abyss Artifact	sealed-artifact	no-sell sealed-artifact tier-0 wild	0	1
2900	1002025	Sealed_Abyss_Artifact_0097	Sealed Abyss Artifact	sealed-artifact	no-sell sealed-artifact tier-0 wild	0	1
2901	1002026	Sealed_Abyss_Artifact_0098	Sealed Abyss Artifact	sealed-artifact	no-sell sealed-artifact tier-0 wild	0	1
2902	1002027	Sealed_Abyss_Artifact_0099	Sealed Abyss Artifact	sealed-artifact	no-sell sealed-artifact tier-0 wild	0	1
2903	1002028	Sealed_Abyss_Artifact_0100	Sealed Abyss Artifact	sealed-artifact	no-sell sealed-artifact tier-0 wild	0	1
2904	1000820	Sealed_Abyss_Artifact_0101	Sealed Abyss Artifact	sealed-artifact	no-sell sealed-artifact tier-0 wild	0	1
2905	1000824	Sealed_Abyss_Artifact_0102	Sealed Abyss Artifact	sealed-artifact	no-sell sealed-artifact tier-0 wild	0	1
2906	1000825	Sealed_Abyss_Artifact_0103	Sealed Abyss Artifact	sealed-artifact	no-sell sealed-artifact tier-0 wild	0	1
2907	1000826	Sealed_Abyss_Artifact_0104	Sealed Abyss Artifact	sealed-artifact	no-sell sealed-artifact tier-0 wild	0	1
2908	1000827	Sealed_Abyss_Artifact_0105	Sealed Abyss Artifact	sealed-artifact	no-sell sealed-artifact tier-0 wild	0	1
2909	1000828	Sealed_Abyss_Artifact_0106	Sealed Abyss Artifact	sealed-artifact	no-sell sealed-artifact tier-0 wild	0	1
2910	1000829	Sealed_Abyss_Artifact_0107	Sealed Abyss Artifact	sealed-artifact	no-sell sealed-artifact tier-0 wild	0	1
2911	1000929	Sealed_Abyss_Artifact_0108	Sealed Abyss Artifact	sealed-artifact	no-sell sealed-artifact tier-0 wild	0	1
2912	1000930	Sealed_Abyss_Artifact_0109	Sealed Abyss Artifact	sealed-artifact	no-sell sealed-artifact tier-0 wild	0	1
2913	1000931	Sealed_Abyss_Artifact_0110	Sealed Abyss Artifact	sealed-artifact	no-sell sealed-artifact tier-0 wild	0	1
2914	1000932	Sealed_Abyss_Artifact_0111	Sealed Abyss Artifact	sealed-artifact	no-sell sealed-artifact tier-0 wild	0	1
2915	1000933	Sealed_Abyss_Artifact_0112	Sealed Abyss Artifact	sealed-artifact	no-sell sealed-artifact tier-0 wild	0	1
2916	1000934	Sealed_Abyss_Artifact_0113	Sealed Abyss Artifact	sealed-artifact	no-sell sealed-artifact tier-0 wild	0	1
2917	1000935	Sealed_Abyss_Artifact_0114	Sealed Abyss Artifact	sealed-artifact	no-sell sealed-artifact tier-0 wild	0	1
2918	1000936	Sealed_Abyss_Artifact_0115	Sealed Abyss Artifact	sealed-artifact	no-sell sealed-artifact tier-0 wild	0	1
2919	1000937	Sealed_Abyss_Artifact_0116	Sealed Abyss Artifact	sealed-artifact	no-sell sealed-artifact tier-0 wild	0	1
2920	1000938	Sealed_Abyss_Artifact_0117	Sealed Abyss Artifact	sealed-artifact	no-sell sealed-artifact tier-0 wild	0	1
2921	1000939	Sealed_Abyss_Artifact_0118	Sealed Abyss Artifact	sealed-artifact	no-sell sealed-artifact tier-0 wild	0	1
2922	1000940	Sealed_Abyss_Artifact_0119	Sealed Abyss Artifact	sealed-artifact	no-sell sealed-artifact tier-0 wild	0	1
2923	1000941	Sealed_Abyss_Artifact_0120	Sealed Abyss Artifact	sealed-artifact	no-sell sealed-artifact tier-0 wild	0	1
2924	1000942	Sealed_Abyss_Artifact_0121	Sealed Abyss Artifact	sealed-artifact	no-sell sealed-artifact tier-0 wild	0	1
2925	1000943	Sealed_Abyss_Artifact_0122	Sealed Abyss Artifact	sealed-artifact	no-sell sealed-artifact tier-0 wild	0	1
2926	1000944	Sealed_Abyss_Artifact_0123	Sealed Abyss Artifact	sealed-artifact	no-sell sealed-artifact tier-0 wild	0	1
2927	1000945	Sealed_Abyss_Artifact_0124	Sealed Abyss Artifact	sealed-artifact	no-sell sealed-artifact tier-0 wild	0	1
2928	1000946	Sealed_Abyss_Artifact_0125	Sealed Abyss Artifact	sealed-artifact	no-sell sealed-artifact tier-0 wild	0	1
2929	1000947	Sealed_Abyss_Artifact_0126	Sealed Abyss Artifact	sealed-artifact	no-sell sealed-artifact tier-0 wild	0	1
2930	1000948	Sealed_Abyss_Artifact_0127	Sealed Abyss Artifact	sealed-artifact	no-sell sealed-artifact tier-0 wild	0	1
2931	1000949	Sealed_Abyss_Artifact_0128	Sealed Abyss Artifact	sealed-artifact	no-sell sealed-artifact tier-0 wild	0	1
2932	1000950	Sealed_Abyss_Artifact_0129	Sealed Abyss Artifact	sealed-artifact	no-sell sealed-artifact tier-0 wild	0	1
2933	1000951	Sealed_Abyss_Artifact_0130	Sealed Abyss Artifact	sealed-artifact	no-sell sealed-artifact tier-0 wild	0	1
2934	1001550	Sealed_Abyss_Artifact_0131	Sealed Abyss Artifact	sealed-artifact	no-sell sealed-artifact tier-0 wild	0	1
2935	1002029	Sealed_Abyss_Artifact_0132	Sealed Abyss Artifact	sealed-artifact	no-sell sealed-artifact tier-0 wild	0	1
2936	1002030	Sealed_Abyss_Artifact_0133	Sealed Abyss Artifact	sealed-artifact	no-sell sealed-artifact tier-0 wild	0	1
2937	1002031	Sealed_Abyss_Artifact_0134	Sealed Abyss Artifact	sealed-artifact	no-sell sealed-artifact tier-0 wild	0	1
2938	1002032	Sealed_Abyss_Artifact_0135	Sealed Abyss Artifact	sealed-artifact	no-sell sealed-artifact tier-0 wild	0	1
2939	1002033	Sealed_Abyss_Artifact_0136	Sealed Abyss Artifact	sealed-artifact	no-sell sealed-artifact tier-0 wild	0	1
2940	1002034	Sealed_Abyss_Artifact_0137	Sealed Abyss Artifact	sealed-artifact	no-sell sealed-artifact tier-0 wild	0	1
2941	1002035	Sealed_Abyss_Artifact_0138	Sealed Abyss Artifact	sealed-artifact	no-sell sealed-artifact tier-0 wild	0	1
2942	1002036	Sealed_Abyss_Artifact_0139	Sealed Abyss Artifact	sealed-artifact	no-sell sealed-artifact tier-0 wild	0	1
2943	1002037	Sealed_Abyss_Artifact_0140	Sealed Abyss Artifact	sealed-artifact	no-sell sealed-artifact tier-0 wild	0	1
2944	1002038	Sealed_Abyss_Artifact_0141	Sealed Abyss Artifact	sealed-artifact	no-sell sealed-artifact tier-0 wild	0	1
2945	1002039	Sealed_Abyss_Artifact_0142	Sealed Abyss Artifact	sealed-artifact	no-sell sealed-artifact tier-0 wild	0	1
2946	1002040	Sealed_Abyss_Artifact_0143	Sealed Abyss Artifact	sealed-artifact	no-sell sealed-artifact tier-0 wild	0	1
2947	1002041	Sealed_Abyss_Artifact_0144	Sealed Abyss Artifact	sealed-artifact	no-sell sealed-artifact tier-0 wild	0	1
2948	1002042	Sealed_Abyss_Artifact_0145	Sealed Abyss Artifact	sealed-artifact	no-sell sealed-artifact tier-0 wild	0	1
2949	1002043	Sealed_Abyss_Artifact_0146	Sealed Abyss Artifact	sealed-artifact	no-sell sealed-artifact tier-0 wild	0	1
2950	1002044	Sealed_Abyss_Artifact_0147	Sealed Abyss Artifact	sealed-artifact	no-sell sealed-artifact tier-0 wild	0	1
2951	1002045	Sealed_Abyss_Artifact_0148	Sealed Abyss Artifact	sealed-artifact	no-sell sealed-artifact tier-0 wild	0	1
2952	1002046	Sealed_Abyss_Artifact_0149	Sealed Abyss Artifact	sealed-artifact	no-sell sealed-artifact tier-0 wild	0	1
2953	1002047	Sealed_Abyss_Artifact_0150	Sealed Abyss Artifact	sealed-artifact	no-sell sealed-artifact tier-0 wild	0	1
2954	75100	Quest_GrayBrotherMark	Greymane's Token	keepsake	keepsake no-sell quest stackable tier-0 wild	0	1
2955	1002258	Quest_DemenisMark	Demeniss Token	keepsake	keepsake no-sell quest stackable tier-0 wild	0	1
2956	1003225	Criminal_DropItem	Note with a Suspicious Symbol	document	document goods stackable tier-0 wild	0	27
2957	80003	Recipe_FruitTea	Recipe: Fruit Tea	recipe-food	document recipe recipe-food stackable tier-0	0	10
2958	80413	Recipe_Berry_Juice	Recipe: Fruit Juice	recipe-food	document recipe recipe-food stackable tier-0	0	10
2959	1001854	Recipe_Vegetable_Juice	Recipe: Vegetable Juice	recipe-food	document recipe recipe-food stackable tier-0	0	10
2960	1000976	Recipe_Fruit_Wine	Recipe: Wine	recipe-food	document recipe recipe-food stackable tier-0	0	95
2961	1000977	Recipe_High_Wine	Recipe: Delesyian Wine	recipe-food	document recipe recipe-food stackable tier-0	0	115
2962	80505	Recipe_Ssari_Mushroom_Tea	Recipe: Coral Mushroom Tea	recipe-food	document recipe recipe-food stackable tier-0	0	105
2963	80510	Recipe_Pyogo_Mushroom_Tea	Recipe: Oakwood Mushroom Tea	recipe-food	document recipe recipe-food stackable tier-0	0	125
2964	80509	Recipe_Songyi_Mushroom_Tea	Recipe: Pine Mushroom Tea	recipe-food	document recipe recipe-food stackable tier-0	0	132
2965	1001885	Recipe_Herbal_Tea	Recipe: Mild Herbal Tea	recipe-food	document recipe recipe-food stackable tier-0	0	105
2966	80529	Recipe_Honey_Tea	Recipe: Honey Tea	recipe-food	document recipe recipe-food stackable tier-0	0	100
2967	80412	Recipe_DeerAntler_Fruit_Tea	Recipe: Antler Tea	recipe-food	document recipe recipe-food stackable tier-0	0	68
2968	1003768	Recipe_Chocolate	Recipe: Chocolate	recipe-food	document recipe recipe-food stackable tier-0	0	500
2969	1000257	Recipe_Pan_fried_Grain_Pancake	Recipe: Battered Grains	recipe-food	document recipe recipe-food stackable tier-0	0	62
2970	1000076	Recipe_Meat_Porridge	Recipe: Clear Soup	recipe-food	document recipe recipe-food stackable tier-0	0	70
2971	1000071	Recipe_Meat_Sanjeok	Recipe: Meat Skewers	recipe-food	document recipe recipe-food stackable tier-0	0	70
2972	1000072	Recipe_Braised_Meat	Recipe: Braised Meat	recipe-food	document recipe recipe-food stackable tier-0	0	70
2973	1000087	Recipe_Pan_fried_Meat_Pancake	Recipe: Battered Meat	recipe-food	document recipe recipe-food stackable tier-0	0	72
2974	1000244	Recipe_Pan_fried_Fruit_Pancake	Recipe: Pickled Fruit	recipe-food	document recipe recipe-food stackable tier-0	0	75
2975	1000169	Recipe_Vegetable_Porridge	Recipe: Vegetable Porridge	recipe-food	document recipe recipe-food stackable tier-0	0	90
2976	1000235	Recipe_Fruit_Porridge	Recipe: Fruit Punch	recipe-food	document recipe recipe-food stackable tier-0	0	90
2977	1000199	Recipe_Pan_fried_Vegetable_Pancake	Recipe: Battered Vegetables	recipe-food	document recipe recipe-food stackable tier-0	0	102
2978	1000158	Recipe_Braised_Vegetable	Recipe: Pickled Vegetables	recipe-food	document recipe recipe-food stackable tier-0	0	105
2979	80812	Recipe_Roast_Chicken	Recipe: Salt-Roasted Bird Meat	recipe-food	document recipe recipe-food stackable tier-0	0	125
2980	1000508	Recipe_Pan_fried_Vegetable_Fruit_Pancake	Recipe: Vegetable Rice Cake	recipe-food	document recipe recipe-food stackable tier-0	0	165
2981	1000523	Recipe_Pan_fried_Fruit_Grain_Pancake	Recipe: Chewy Rice Cakes	recipe-food	document recipe recipe-food stackable tier-0	0	170
2982	1000507	Recipe_Vegetable_Fruit_Porridge	Recipe: Harvest Roll	recipe-food	document recipe recipe-food stackable tier-0	0	175
2983	1000480	Recipe_Meat_Fruit_Porridge	Recipe: Pan-Fried Marinated Meat	recipe-food	document recipe recipe-food stackable tier-0	0	180
2984	1000122	Recipe_Fish_Sanjeok	Recipe: Fish Skewers	recipe-food	document recipe recipe-food stackable tier-0	0	185
2985	1000141	Recipe_Braised_Fish	Recipe: Braised Fish	recipe-food	document recipe recipe-food stackable tier-0	0	185
2986	1000483	Recipe_Pan_fried_Meat_Fruit_Pancake	Recipe: Marinated Meat	recipe-food	document recipe recipe-food stackable tier-0	0	185
2987	1000154	Recipe_Pan_fried_Fish_Pancake	Recipe: Battered Fish	recipe-food	document recipe recipe-food stackable tier-0	0	190
2988	1000038	Recipe_Grilled_Meat_Fish	Recipe: Grilled Meat and Fish	recipe-food	document recipe recipe-food stackable tier-0	0	205
2989	1000986	Recipe_Roast_Fish	Recipe: Salt-Roasted Fish	recipe-food	document recipe recipe-food stackable tier-0	0	245
2990	1000775	Recipe_Japchae	Recipe: Pan-Fried Vegetables	recipe-food	document recipe recipe-food stackable tier-0	0	247
2991	1000441	Recipe_Braised_Meat_Fish	Recipe: Braised Meat and Fish	recipe-food	document recipe recipe-food stackable tier-0	0	265
2992	1000503	Recipe_Pan_fried_Fish_Vegetable_Pancake	Recipe: Battered Seafood	recipe-food	document recipe recipe-food stackable tier-0	0	360
2993	1000450	Recipe_Pan_fried_Meat_Fish_Pancake	Recipe: Battered Meat and Fish	recipe-food	document recipe recipe-food stackable tier-0	0	362
2994	1000338	Recipe_Meat_Fish_Sanjeok	Recipe: Meat and Fish Skewers	recipe-food	document recipe recipe-food stackable tier-0	0	365
2995	1000510	Recipe_Pan_fried_Vegetable_Grain_Pancake	Recipe: Grain Soup	recipe-food	document recipe recipe-food stackable tier-0	0	167
2996	1000455	Recipe_Pan_fried_Meat_Vegetable_Pancake	Recipe: Steamed Eggs	recipe-food	document recipe recipe-food stackable tier-0	0	197
2997	1000492	Recipe_Pan_fried_Meat_Grain_Pancake	Recipe: Meat Soup	recipe-food	document recipe recipe-food stackable tier-0	0	200
2998	1000452	Recipe_Braised_Meat_Vegetable	Recipe: Braised Ribs	recipe-food	document recipe recipe-food stackable tier-0	0	205
2999	1000150	Recipe_Fish_Porridge	Recipe: Fish Porridge	recipe-food	document recipe recipe-food stackable tier-0	0	210
3000	1000453	Recipe_Meat_Vegetable_Porridge	Recipe: Meat and Vegetable Porridge	recipe-food	document recipe recipe-food stackable tier-0	0	210
3001	1000445	Recipe_Meat_Fish_Porridge	Recipe: Meat and Fish Porridge	recipe-food	document recipe recipe-food stackable tier-0	0	290
3002	1000506	Recipe_Pan_fried_Fish_Grain_Pancake	Recipe: Fishball Soup	recipe-food	document recipe recipe-food stackable tier-0	0	365
3003	1001077	Recipe_Seafood_Soup	Recipe: Seafood Soup	recipe-food	document recipe recipe-food stackable tier-0	0	365
3004	1000502	Recipe_Fish_Vegetable_Porridge	Recipe: Vegetable and Seafood Porridge	recipe-food	document recipe recipe-food stackable tier-0	0	370
3005	1000954	Recipe_DeerAntler_Soup	Recipe: Longhorn Soup	recipe-food	document recipe recipe-food stackable tier-0	0	285
3006	1000620	Recipe_Gungjung_Tteokbokki	Recipe: Pan-Fried Rice Cakes	recipe-food	document recipe recipe-food stackable tier-0	0	515
3007	1000636	Recipe_Tteokgalbi	Recipe: Grilled Meat Patties	recipe-food	document recipe recipe-food stackable tier-0	0	562
3008	1000673	Recipe_Jeonju_Bibimbap	Recipe: Mixed Harvest Bowl	recipe-food	document recipe recipe-food stackable tier-0	0	562
3009	1000501	Recipe_Braised_Fish_Vegetable	Recipe: Braised Fish and Vegetables	recipe-food	document recipe recipe-food stackable tier-0	0	605
3010	1000704	Recipe_Fish_Bulgogi	Recipe: Pan-Fried Marinated Fish	recipe-food	document recipe recipe-food stackable tier-0	0	640
3011	1000719	Recipe_Full_Course_of_Braised_Fish	Recipe: Assorted Braised Fish	recipe-food	document recipe recipe-food stackable tier-0	0	702
3012	1000687	Recipe_Kimbap	Recipe: Battered Harvest Roll	recipe-food	document recipe recipe-food stackable tier-0	0	760
3013	1000557	Recipe_Meat_Fish_Grain_Sanjeok	Recipe: Grilled Meat Steak	recipe-food	document recipe recipe-food stackable tier-0	0	775
3014	1000616	Recipe_Nureumjeok	Recipe: Mixed Skewers	recipe-food	document recipe recipe-food stackable tier-0	0	1025
3015	1000527	Recipe_Meat_Fish_Fruit_Sanjeok	Recipe: Assorted Meat and Fish Skewers	recipe-food	document recipe recipe-food stackable tier-0	0	1040
3016	1000622	Recipe_Beef_Bone_Soup	Recipe: Meat Stew	recipe-food	document recipe recipe-food stackable tier-0	0	530
3017	80001	Recipe_BoiledPork	Recipe: Boiled Meat	recipe-food	document recipe recipe-food stackable tier-0	0	565
3018	1000504	Recipe_Fish_Fruit_Porridge	Recipe: Steamed Fish	recipe-food	document recipe recipe-food stackable tier-0	0	590
3019	1000505	Recipe_Pan_fried_Fish_Fruit_Pancake	Recipe: Seafood Stew	recipe-food	document recipe recipe-food stackable tier-0	0	610
3020	1001130	Recipe_Haemuljjim	Recipe: Steamed Seafood	recipe-food	document recipe recipe-food stackable tier-0	0	655
3021	1000585	Recipe_Meat_Fish_Vegetable_Egg	Recipe: Meatball Soup	recipe-food	document recipe recipe-food stackable tier-0	0	657
3022	1000617	Recipe_Sinseollo	Recipe: Harvest Soup	recipe-food	document recipe recipe-food stackable tier-0	0	660
3023	1000705	Recipe_Fish_Stew	Recipe: Fish Stew	recipe-food	document recipe recipe-food stackable tier-0	0	667
3024	1000701	Recipe_Fish_Soup	Recipe: Mixed Stew	recipe-food	document recipe recipe-food stackable tier-0	0	785
3025	80406	Recipe_SamGyeTang	Recipe: Bird Soup	recipe-food	document recipe recipe-food stackable tier-0	0	1700
3026	1000956	Recipe_Surasang_03	Recipe: Fine Meal	recipe-food	document recipe recipe-food stackable tier-0	0	2785
3027	1000860	Recipe_Surasang_01	Recipe: Extravagant Meal	recipe-food	document recipe recipe-food stackable tier-0	0	3247
3028	1000881	Recipe_Surasang_02	Recipe: Lavish Meal	recipe-food	document recipe recipe-food stackable tier-0	0	2810
3029	1000819	Recipe_Surasang_00	Recipe: Grand Meal	recipe-food	document recipe recipe-food stackable tier-0	0	3655
3030	1000968	Recipe_Surasang_04	Recipe: Special Meal	recipe-food	document recipe recipe-food stackable tier-0	0	2810
3031	1001060	Recipe_Surasang_05	Recipe: Meal	recipe-food	document recipe recipe-food stackable tier-0	0	2805
3032	1002712	Recipe_Item_Stat_AbyssGear_DDD_LV1	Gear Blueprint: Destruction	recipe-abyss-gear	document recipe recipe-abyss-gear stackable tier-0	0	1019
3033	1002714	Recipe_Item_Stat_AbyssGear_CriticalRate_LV1	Gear Blueprint: Insight	recipe-abyss-gear	document recipe recipe-abyss-gear stackable tier-0	0	1100
3034	1002773	Recipe_Item_Stat_AbyssGear_DPV_LV1	Gear Blueprint: Fortification	recipe-abyss-gear	document recipe recipe-abyss-gear stackable tier-0	0	1167
3035	1002774	Recipe_Item_Stat_AbyssGear_ADR_LV1	Gear Blueprint: Aegis	recipe-abyss-gear	document recipe recipe-abyss-gear stackable tier-0	0	1119
3036	1002775	Recipe_Item_Stat_AbyssGear_GuardPVRate_LV1	Gear Blueprint: Fortitude	recipe-abyss-gear	document recipe recipe-abyss-gear stackable tier-0	0	1202
3037	1002776	Recipe_Item_Stat_AbyssGear_AttackSpeedRate_LV1	Gear Blueprint: Swift	recipe-abyss-gear	document recipe recipe-abyss-gear stackable tier-0	0	911
3038	1002777	Recipe_Item_Stat_AbyssGear_MoveSpeedRate_LV1	Gear Blueprint: Haste	recipe-abyss-gear	document recipe recipe-abyss-gear stackable tier-0	0	1045
3039	1002778	Recipe_Item_Stat_AbyssGear_ClimbSpeedRate_LV1	Gear Blueprint: Ascent	recipe-abyss-gear	document recipe recipe-abyss-gear stackable tier-0	0	945
3040	1000190	Recipe_Item_Stat_AbyssGear_StaminaRegen_LV1	Gear Blueprint: Vigor	recipe-abyss-gear	document recipe recipe-abyss-gear stackable tier-0	0	894
3041	1002780	Recipe_Item_Stat_AbyssGear_HpRegen_LV1	Gear Blueprint: Vitality	recipe-abyss-gear	document recipe recipe-abyss-gear stackable tier-0	0	808
3042	1002746	Recipe_Item_Stat_AbyssGear_MpRegen_LV1	Gear Blueprint: Composure	recipe-abyss-gear	document recipe recipe-abyss-gear stackable tier-0	0	966
3043	1002525	Recipe_Item_Stat_AbyssGear_SwimSpeedRate_LV1	Gear Blueprint: Surge	recipe-abyss-gear	document recipe recipe-abyss-gear stackable tier-0	0	961
3044	1002528	Recipe_Item_Stat_AbyssGear_FireResistance_LV1	Gear Blueprint: Flameward	recipe-abyss-gear	document recipe recipe-abyss-gear stackable tier-0	0	675
3045	1002529	Recipe_Item_Stat_AbyssGear_IceResistance_LV1	Gear Blueprint: Frostward	recipe-abyss-gear	document recipe recipe-abyss-gear stackable tier-0	0	800
3046	1002530	Recipe_Item_Stat_AbyssGear_ElectricityResistance_LV1	Gear Blueprint: Shockward	recipe-abyss-gear	document recipe recipe-abyss-gear stackable tier-0	0	596
3047	1001423	Recipe_Item_Skill_AbyssGear_LandMash_LV1	Gear Blueprint: Groundsurge	recipe-abyss-gear	document recipe recipe-abyss-gear stackable tier-0	0	1275
3048	1002388	Recipe_Item_Skill_AbyssGear_SoulStrike_LV1	Gear Blueprint: Spirit's Judgment	recipe-abyss-gear	document recipe recipe-abyss-gear stackable tier-0	0	1231
3049	1002390	Recipe_Item_Skill_AbyssGear_CrowAttack_LV1	Gear Blueprint: Crow's Pursuit	recipe-abyss-gear	document recipe recipe-abyss-gear stackable tier-0	0	850
3050	1002478	Recipe_Item_Skill_AbyssGear_FlashCombo_LV1	Gear Blueprint: Slashing Reeds	recipe-abyss-gear	document recipe recipe-abyss-gear stackable tier-0	0	1161
3051	1002479	Recipe_Item_Skill_AbyssGear_SwordAura_LV1	Gear Blueprint: Wind Slash	recipe-abyss-gear	document recipe recipe-abyss-gear stackable tier-0	0	1046
3052	1000733	Recipe_Item_Skill_AbyssGear_FrostBreath_LV1	Gear Blueprint: Frost Hail	recipe-abyss-gear	document recipe recipe-abyss-gear stackable tier-0	0	1221
3053	1000734	Recipe_Item_Skill_AbyssGear_FireBreath_LV1	Gear Blueprint: Volcanic Eruption	recipe-abyss-gear	document recipe recipe-abyss-gear stackable tier-0	0	1031
3054	1002558	Recipe_Item_Skill_AbyssGear_LightningBreath_LV1	Gear Blueprint: Orbs of Lightning	recipe-abyss-gear	document recipe recipe-abyss-gear stackable tier-0	0	959
3055	1002481	Recipe_Item_Skill_AbyssGear_EnlightenmentWave_LV1	Gear Blueprint: Karmic Pulse	recipe-abyss-gear	document recipe recipe-abyss-gear stackable tier-0	0	1127
3056	1002596	Recipe_Item_Skill_AbyssGear_DarkenRobe_LV1	Gear Blueprint: Wound of Darkness	recipe-abyss-gear	document recipe recipe-abyss-gear stackable tier-0	0	1188
3057	1002483	Recipe_Item_Skill_AbyssGear_DogClaw_LV1	Gear Blueprint: Hound's Claws	recipe-abyss-gear	document recipe recipe-abyss-gear stackable tier-0	0	907
3058	1002639	Recipe_Item_Skill_AbyssGear_Forgotten_General	Gear Blueprint: Judgment of the Soul	recipe-abyss-gear	document recipe recipe-abyss-gear stackable tier-0	0	1268
3059	1002642	Recipe_Item_Skill_AbyssGear_Ogre	Gear Blueprint: Colossal Might	recipe-abyss-gear	document recipe recipe-abyss-gear stackable tier-0	0	1011
3060	1002762	Recipe_Item_Skill_AbyssGear_Antumbra_Spear	Gear Blueprint: Warden of Darkness	recipe-abyss-gear	document recipe recipe-abyss-gear stackable tier-0	0	892
3061	1002489	Recipe_Item_Skill_AbyssGear_CrowStorm_LV1	Gear Blueprint: Crow Storm	recipe-abyss-gear	document recipe recipe-abyss-gear stackable tier-0	0	952
3062	1002769	Recipe_Item_Skill_AbyssGear_SmashStorm_LV1	Gear Blueprint: Tempest of Destruction	recipe-abyss-gear	document recipe recipe-abyss-gear stackable tier-0	0	1309
3063	1002856	Recipe_Item_Skill_AbyssGear_CresecentAura_1_LV1	Gear Blueprint: Crescent Moon Slash	recipe-abyss-gear	document recipe recipe-abyss-gear stackable tier-0	0	1312
3064	1002859	Recipe_Item_Skill_AbyssGear_CresecentAura_2_LV1	Gear Blueprint: Half Moon Slash	recipe-abyss-gear	document recipe recipe-abyss-gear stackable tier-0	0	958
3065	1002877	Recipe_Item_Skill_AbyssGear_CresecentAura_3_LV1	Gear Blueprint: Fullmoon Slash	recipe-abyss-gear	document recipe recipe-abyss-gear stackable tier-0	0	1098
3066	1002803	Recipe_Item_Skill_AbyssGear_FrostSpike_LV1	Gear Blueprint: Frost Spike	recipe-abyss-gear	document recipe recipe-abyss-gear stackable tier-0	0	907
3067	1002494	Recipe_Item_Skill_AbyssGear_AbsoluteDefense_LV1	Gear Blueprint: Piercing Bloom	recipe-abyss-gear	document recipe recipe-abyss-gear stackable tier-0	0	946
3068	1002531	Recipe_Item_Skill_AbyssGear_ArrowRain_LV1	Gear Blueprint: Arrow Rain	recipe-abyss-gear	document recipe recipe-abyss-gear stackable tier-0	0	889
3069	1002878	Recipe_Item_Skill_AbyssGear_Merrick	Gear Blueprint: Order from Above	recipe-abyss-gear	document recipe recipe-abyss-gear stackable tier-0	0	1330
3070	1002480	Recipe_Item_Skill_AbyssGear_LightningStab_LV1	Gear Blueprint: Storm Fang	recipe-abyss-gear	document recipe recipe-abyss-gear stackable tier-0	0	932
3071	1002890	Recipe_Item_Skill_AbyssGear_Antumbra_TwoHandRod	Gear Blueprint: Dark Crescent	recipe-abyss-gear	document recipe recipe-abyss-gear stackable tier-0	0	1034
3072	1002891	Recipe_Item_Skill_AbyssGear_TarandusWarrior_WarHammer	Gear Blueprint: Earthrending Strike	recipe-abyss-gear	document recipe recipe-abyss-gear stackable tier-0	0	831
3073	1003696	Recipe_Item_Skill_AbyssGear_Bastier	Gear Blueprint: Flames of Judgment	recipe-abyss-gear	document recipe recipe-abyss-gear stackable tier-0	0	969
3074	1002649	Recipe_Item_Skill_AbyssGear_Karanda	Gear Blueprint: Pillar of Wind	recipe-abyss-gear	document recipe recipe-abyss-gear stackable tier-0	0	1200
3075	1002804	Recipe_Item_Skill_AbyssGear_FrostDeath_LV1	Gear Blueprint: Shattering Frost	recipe-abyss-gear	document recipe recipe-abyss-gear stackable tier-0	0	1263
3076	1002650	Recipe_Item_Skill_AbyssGear_Primus	Gear Blueprint: Ancient Reckoning	recipe-abyss-gear	document recipe recipe-abyss-gear stackable tier-0	0	1237
3077	1003719	Recipe_Item_Skill_AbyssGear_DarkChase_LV1	Gear Blueprint: Greysoul Howling	recipe-abyss-gear	document recipe recipe-abyss-gear stackable tier-0	0	1161
3078	1003720	Recipe_Item_Skill_AbyssGear_Leebur	Gear Blueprint: Shadow Claw	recipe-abyss-gear	document recipe recipe-abyss-gear stackable tier-0	0	1360
3079	1003721	Recipe_Item_Skill_AbyssGear_QueenSpider	Gear Blueprint: Queen's Fangs	recipe-abyss-gear	document recipe recipe-abyss-gear stackable tier-0	0	1302
3080	1003722	Recipe_Item_Skill_AbyssGear_Praevus	Gear Blueprint: Ancient Wrath	recipe-abyss-gear	document recipe recipe-abyss-gear stackable tier-0	0	897
3081	1003723	Recipe_Item_Skill_AbyssGear_Priscus	Gear Blueprint: Ancient Retribution	recipe-abyss-gear	document recipe recipe-abyss-gear stackable tier-0	0	1205
3082	1003724	Recipe_Item_Skill_AbyssGear_Skevald	Gear Blueprint: Putrid Touch	recipe-abyss-gear	document recipe recipe-abyss-gear stackable tier-0	0	1065
3083	1002534	Recipe_Item_Skill_AbyssGear_AtorDrone_LV1	Gear Blueprint: Ator's Orb	recipe-abyss-gear	document recipe recipe-abyss-gear stackable tier-0	0	1138
3084	1002490	Recipe_Item_Skill_AbyssGear_PhantomStab_LV1	Gear Blueprint: Abyssal Rays	recipe-abyss-gear	document recipe recipe-abyss-gear stackable tier-0	0	950
3085	1003725	Recipe_Item_Skill_AbyssGear_LanFord	Gear Blueprint: Parting Gift	recipe-abyss-gear	document recipe recipe-abyss-gear stackable tier-0	0	968
3086	1003726	Recipe_Item_Skill_AbyssGear_ImpBoss	Gear Blueprint: Howling of Chaos	recipe-abyss-gear	document recipe recipe-abyss-gear stackable tier-0	0	853
3087	1002648	Recipe_Item_Skill_AbyssGear_Catfish_BodySlam_LV1	Gear Blueprint: Rising Torrent	recipe-abyss-gear	document recipe recipe-abyss-gear stackable tier-0	0	1042
3088	1003727	Recipe_Item_Skill_AbyssGear_Titan	Gear Blueprint: Lightning God's Affliction	recipe-abyss-gear	document recipe recipe-abyss-gear stackable tier-0	0	1012
3089	1002532	Recipe_Item_Skill_AbyssGear_EnergyBurst_LV1	Gear Blueprint: Kinetic Burst	recipe-abyss-gear	document recipe recipe-abyss-gear stackable tier-0	0	1136
3090	1002651	Recipe_Item_Skill_AbyssGear_Muscan	Gear Blueprint: The Showstopper	recipe-abyss-gear	document recipe recipe-abyss-gear stackable tier-0	0	1343
3091	1002568	Recipe_Item_Skill_AbyssGear_Machine_AdditionalDamage_LV1	Gear Blueprint: Steelbane	recipe-abyss-gear	document recipe recipe-abyss-gear stackable tier-0	0	957
3092	1002570	Recipe_Item_Skill_AbyssGear_CommonHexe_AdditionalDamage_LV1	Gear Blueprint: Hexebane	recipe-abyss-gear	document recipe recipe-abyss-gear stackable tier-0	0	1442
3093	1002571	Recipe_Item_Skill_AbyssGear_CommonHumanoid_AdditionalDamage_LV1	Gear Blueprint: Bloodbane	recipe-abyss-gear	document recipe recipe-abyss-gear stackable tier-0	0	1643
3094	1002574	Recipe_Item_Skill_AbyssGear_CommonGolem_AdditionalDamage_LV1	Gear Blueprint: Primalbane	recipe-abyss-gear	document recipe recipe-abyss-gear stackable tier-0	0	1619
3095	1002579	Recipe_Item_Skill_AbyssGear_Boss_AdditionalDamage_LV1	Gear Blueprint: Malicebane	recipe-abyss-gear	document recipe recipe-abyss-gear stackable tier-0	0	917
3096	1003728	Recipe_Item_Skill_AbyssGear_CommonAnimal_AdditionalDamage_LV1	Gear Blueprint: Beastbane	recipe-abyss-gear	document recipe recipe-abyss-gear stackable tier-0	0	1082
3097	1003729	Recipe_Item_Skill_AbyssGear_Creature_AdditionalDamage_LV1	Gear Blueprint: Abyssbane	recipe-abyss-gear	document recipe recipe-abyss-gear stackable tier-0	0	1095
3098	1000426	Recipe_Item_Skill_AbyssGear_AddCriticalRateByMaterialKey_PlateArmor_LV1	Gear Blueprint: Shatter	recipe-abyss-gear	document recipe recipe-abyss-gear stackable tier-0	0	2298
3099	1001436	Recipe_Item_Skill_AbyssGear_AddCriticalRateByMaterialKey_LeatherArmor_LV1	Gear Blueprint: Rend	recipe-abyss-gear	document recipe recipe-abyss-gear stackable tier-0	0	2079
3100	1003758	Recipe_Item_Skill_AbyssGear_AddCriticalRateByMaterialKey_FabricArmor_LV1	Gear Blueprint: Shred	recipe-abyss-gear	document recipe recipe-abyss-gear stackable tier-0	0	1686
3101	1003730	Recipe_Item_Skill_AbyssGear_AddKillSkillLevel_LV1	Gear Blueprint: Energy Drain	recipe-abyss-gear	document recipe recipe-abyss-gear stackable tier-0	0	1642
3102	1003731	Recipe_Item_Skill_AbyssGear_Attack_HPRecover_LV1	Gear Blueprint: Life Transference	recipe-abyss-gear	document recipe recipe-abyss-gear stackable tier-0	0	2163
3103	1003732	Recipe_Item_Skill_AbyssGear_Attack_MPRecover_LV1	Gear Blueprint: Spirit Transference	recipe-abyss-gear	document recipe recipe-abyss-gear stackable tier-0	0	2177
3104	1003733	Recipe_Item_Skill_AbyssGear_Attack_SPRecover_LV1	Gear Blueprint: Stamina Transference	recipe-abyss-gear	document recipe recipe-abyss-gear stackable tier-0	0	1974
3105	1003734	Recipe_Item_Skill_AbyssGear_Combo_LV1	Gear Blueprint: Relentless	recipe-abyss-gear	document recipe recipe-abyss-gear stackable tier-0	0	1936
3106	1002541	Recipe_Item_Skill_AbyssGear_AbyssGrass_Immune	Gear Blueprint: Abyssal Assimilation	recipe-abyss-gear	document recipe recipe-abyss-gear stackable tier-0	0	1008
3107	1002544	Recipe_Item_Skill_AbyssGear_Hyena_PoisonImmune	Gear Blueprint: Heart of the Serpent	recipe-abyss-gear	document recipe recipe-abyss-gear stackable tier-0	0	1355
3108	1002545	Recipe_Item_Skill_AbyssGear_Immune_Bismuth	Gear Blueprint: Heart of Stone	recipe-abyss-gear	document recipe recipe-abyss-gear stackable tier-0	0	1294
3109	1002546	Recipe_Item_Skill_AbyssGear_DAM_UP_RotationBash	Gear Blueprint: Momentum	recipe-abyss-gear	document recipe recipe-abyss-gear stackable tier-0	0	1728
3110	1003228	Recipe_Item_Skill_AbyssGear_EquipDropRate_LV1	Gear Blueprint: Disarm	recipe-abyss-gear	document recipe recipe-abyss-gear stackable tier-0	0	2392
3111	1002594	Recipe_Item_Skill_AbyssGear_AddMoneyDropRate_LV1	Gear Blueprint: Fortune	recipe-abyss-gear	document recipe recipe-abyss-gear stackable tier-0	0	2266
3112	1002643	Recipe_Item_Skill_AbyssGear_BlockAmmoConsume_LV1	Gear Blueprint: Infinite Arrows	recipe-abyss-gear	document recipe recipe-abyss-gear stackable tier-0	0	1654
3113	1002644	Recipe_Item_Skill_AbyssGear_FoodSkillLevelUp_LV1	Gear Blueprint: Gourmet	recipe-abyss-gear	document recipe recipe-abyss-gear stackable tier-0	0	1968
3114	1002645	Recipe_Item_Skill_AbyssGear_ReduceCraftMaterial_LV1	Gear Blueprint: Efficiency	recipe-abyss-gear	document recipe recipe-abyss-gear stackable tier-0	0	1973
3115	1003736	Recipe_Item_Skill_AbyssGear_AdditionalThief_LV1	Gear Blueprint: Ledgermain	recipe-abyss-gear	document recipe recipe-abyss-gear stackable tier-0	0	1942
3116	1003737	Recipe_Item_Skill_AbyssGear_CollectDrop_Ore_LV1	Gear Blueprint: Blessing of the Earth	recipe-abyss-gear	document recipe recipe-abyss-gear stackable tier-0	0	2219
3117	1003738	Recipe_Item_Skill_AbyssGear_CollectDrop_Plant_LV1	Gear Blueprint: Blessing of Nature	recipe-abyss-gear	document recipe recipe-abyss-gear stackable tier-0	0	1730
3118	1003739	Recipe_Item_Skill_AbyssGear_CollectDrop_Animal_LV1	Gear Blueprint: Blessing of the Beast	recipe-abyss-gear	document recipe recipe-abyss-gear stackable tier-0	0	2026
3119	1002653	Recipe_Item_Skill_AbyssGear_CollectDrop_Log_LV1	Gear Blueprint: Blessing of the Forest	recipe-abyss-gear	document recipe recipe-abyss-gear stackable tier-0	0	1939
3120	1003740	Recipe_Item_Skill_AbyssGear_ContributionExp_LV1	Gear Blueprint: Service	recipe-abyss-gear	document recipe recipe-abyss-gear stackable tier-0	0	2325
3121	1003741	Recipe_Item_Skill_AbyssGear_SkillPointExp_LV1	Gear Blueprint: Aptitude	recipe-abyss-gear	document recipe recipe-abyss-gear stackable tier-0	0	2157
3122	1002654	Recipe_Item_Skill_AbyssGear_AddFrendly_LV1	Gear Blueprint: Solidarity	recipe-abyss-gear	document recipe recipe-abyss-gear stackable tier-0	0	1979
3123	1003742	Recipe_Item_Skill_AbyssGear_Equip_AddHorseExp_LV1	Gear Blueprint: Equestrian	recipe-abyss-gear	document recipe recipe-abyss-gear stackable tier-0	0	1901
3124	1003743	Recipe_Item_Skill_AbyssGear_Equip_AddPetFriendly_LV1	Gear Blueprint: Companionship	recipe-abyss-gear	document recipe recipe-abyss-gear stackable tier-0	0	2132
3125	1004893	Recipe_Titan_PlateArmor_Armor	Blueprint: Lightning Bolt Plate Armor	recipe-armor	document recipe recipe-armor stackable tier-0	0	50000
3126	1004894	Recipe_Paphneil_PlateArmor_Armor	Blueprint: Scorchflame Plate Armor	recipe-armor	document recipe recipe-armor stackable tier-0	0	50000
3127	1004895	Recipe_king_LostPeople_PlateArmor_Armor	Blueprint: Frostcursed Plate Armor	recipe-armor	document recipe recipe-armor stackable tier-0	0	50000
3128	1002527	Recipe_RevivalItem	Alchemy Formula: Refined Palmar Pill	recipe-potion	document recipe recipe-potion stackable tier-0	0	3398
3129	1002551	Recipe_RevivalItemPartialRecovery	Alchemy Formula: Palmar Pill	recipe-potion	document recipe recipe-potion stackable tier-0	0	402
3130	1001525	Recipe_Deactived_Abyss_Artifact	Blueprint: Faded Abyss Artifact	recipe-abyss-gear	document recipe recipe-abyss-gear stackable tier-0	0	362
3131	1003266	Recipe_Potion_DDD_LV1	Alchemy Formula: Freya's Lesser Elixir	recipe-potion	document recipe recipe-potion stackable tier-0	0	500
3132	1003267	Recipe_Potion_DDD_LV2	Alchemy Formula: Freya's Elixir	recipe-potion	document recipe recipe-potion stackable tier-0	0	1000
3133	1003268	Recipe_Potion_DDD_LV3	Alchemy Formula: Freya's Greater Elixir	recipe-potion	document recipe recipe-potion stackable tier-0	0	2000
3134	1003269	Recipe_Potion_DPV_LV1	Alchemy Formula: Apollonia's Lesser Elixir	recipe-potion	document recipe recipe-potion stackable tier-0	0	500
3135	1003270	Recipe_Potion_DPV_LV2	Alchemy Formula: Apollonia's Elixir	recipe-potion	document recipe recipe-potion stackable tier-0	0	1000
3136	1003271	Recipe_Potion_DPV_LV3	Alchemy Formula: Apollonia's Greater Elixir	recipe-potion	document recipe recipe-potion stackable tier-0	0	2000
3137	1003272	Recipe_Potion_HP_LV1	Alchemy Formula: Meliara's Lesser Elixir	recipe-potion	document recipe recipe-potion stackable tier-0	0	500
3138	1003273	Recipe_Potion_HP_LV2	Alchemy Formula: Meliara's Elixir	recipe-potion	document recipe recipe-potion stackable tier-0	0	1000
3139	1003274	Recipe_Potion_HP_LV3	Alchemy Formula: Meliara's Greater Elixir	recipe-potion	document recipe recipe-potion stackable tier-0	0	2000
3140	1003275	Recipe_Potion_MP_LV1	Alchemy Formula: Haiden's Lesser Elixir	recipe-potion	document recipe recipe-potion stackable tier-0	0	500
3141	1003276	Recipe_Potion_MP_LV2	Alchemy Formula: Haiden's Elixir	recipe-potion	document recipe recipe-potion stackable tier-0	0	1000
3142	1003277	Recipe_Potion_MP_LV3	Alchemy Formula: Haiden's Greater Elixir	recipe-potion	document recipe recipe-potion stackable tier-0	0	2000
3143	1003278	Recipe_Potion_SP_LV1	Alchemy Formula: Astrid's Lesser Elixir	recipe-potion	document recipe recipe-potion stackable tier-0	0	500
3144	1003279	Recipe_Potion_SP_LV2	Alchemy Formula: Astrid's Elixir	recipe-potion	document recipe recipe-potion stackable tier-0	0	1000
3145	1003280	Recipe_Potion_SP_LV3	Alchemy Formula: Astrid's Greater Elixir	recipe-potion	document recipe recipe-potion stackable tier-0	0	2000
3146	1003360	Recipe_Platinum	Alchemy Formula: Platinum	recipe-potion	document recipe recipe-potion stackable tier-0	0	2000
3147	1003361	Recipe_GoldBar	Alchemy Formula: Gold Bar	recipe-potion	document recipe recipe-potion stackable tier-0	0	2000
3148	1004641	Recipe_Item_gimmick_tool_blacksmithstone	Blueprint: Grindstone	recipe-furniture	document gimmick recipe recipe-furniture stackable tier-0	0	1199
3149	1004642	Recipe_Item_gimmick_craft_anvil_01	Blueprint: Anvil	recipe-furniture	document gimmick recipe recipe-furniture stackable tier-0	0	1134
3150	1004643	Recipe_Item_gimmick_craft_cook_campfire_04	Blueprint: Field Pot	recipe-furniture	document gimmick recipe recipe-furniture stackable tier-0	0	797
3151	1004644	Recipe_Item_gimmick_craft_cook_campfire_05	Blueprint: Bonfire	recipe-furniture	document gimmick recipe recipe-furniture stackable tier-0	0	405
3152	1004645	Recipe_Item_lamp_firepot_01_on	Blueprint: Tripod Brazier	recipe-furniture	document recipe recipe-furniture stackable tier-0	0	433
3153	1004646	Recipe_Item_lamp_firepot_03_on	Blueprint: Tall Quad-Base Brazier	recipe-furniture	document recipe recipe-furniture stackable tier-0	0	507
3154	1004647	Recipe_Item_lamp_firepot_04_on	Blueprint: Short Quad-Base Brazier	recipe-furniture	document recipe recipe-furniture stackable tier-0	0	434
3155	1004648	Recipe_Item_lamp_firepot_05_on	Blueprint: Wind-Guarded Quad-Base Brazier	recipe-furniture	document recipe recipe-furniture stackable tier-0	0	437
3156	1004649	Recipe_Item_lamp_firepot_06_on	Blueprint: Hexagonal Brazier	recipe-furniture	document recipe recipe-furniture stackable tier-0	0	510
3157	1004650	Recipe_Item_lamp_brazier_02_on	Blueprint: Quad-Base Crown of Thorns Brazier	recipe-furniture	document recipe recipe-furniture stackable tier-0	0	435
3158	1004651	Recipe_Item_lamp_standtorch_01_on	Blueprint: Tripod Guide Torch	recipe-furniture	document recipe recipe-furniture stackable tier-0	0	436
3159	1004652	Recipe_Item_lamp_standtorch_02_on	Blueprint: Tripod Guardian Torch	recipe-furniture	document recipe recipe-furniture stackable tier-0	0	435
3160	1004653	Recipe_Item_gimmick_sotdae_set_0001	Blueprint: Rope Sotdae	recipe-furniture	document gimmick recipe recipe-furniture stackable tier-0	0	1026
3161	1004654	Recipe_Item_gimmick_sotdae_set_0002	Blueprint: Pheasant Sotdae	recipe-furniture	document gimmick recipe recipe-furniture stackable tier-0	0	798
3162	1004655	Recipe_Item_gimmick_sotdae_set_0003	Blueprint: Four-Way Sotdae	recipe-furniture	document gimmick recipe recipe-furniture stackable tier-0	0	799
3163	1004656	Recipe_Item_gimmick_sotdae_set_0004	Blueprint: Duck Sotdae	recipe-furniture	document gimmick recipe recipe-furniture stackable tier-0	0	998
3164	1004657	Recipe_Item_gimmick_sotdae_set_0005	Blueprint: Crow Sotdae	recipe-furniture	document gimmick recipe recipe-furniture stackable tier-0	0	999
3165	1004658	Recipe_Item_gimmick_sotdae_set_0006	Blueprint: Stone Duck Sotdae	recipe-furniture	document gimmick recipe recipe-furniture stackable tier-0	0	1024
3166	1004659	Recipe_Item_gimmick_sotdae_set_0007	Blueprint: Red-Crowned Crane Sotdae	recipe-furniture	document gimmick recipe recipe-furniture stackable tier-0	0	802
3167	1004660	Recipe_Item_gimmick_sotdae_set_0008	Blueprint: Stone Nest Sotdae	recipe-furniture	document gimmick recipe recipe-furniture stackable tier-0	0	1027
3168	1004661	Recipe_Item_gimmick_sotdae_set_0009	Blueprint: Sotdae	recipe-furniture	document gimmick recipe recipe-furniture stackable tier-0	0	800
3169	1004662	Recipe_Item_gimmick_sotdae_set_0010	Blueprint: Twin-Branched Sotdae	recipe-furniture	document gimmick recipe recipe-furniture stackable tier-0	0	1000
3170	1004663	Recipe_Item_lamp_streetlamp_03	Blueprint: Wooden Streetlight	recipe-furniture	document recipe recipe-furniture stackable tier-0	0	650
3171	1004664	Recipe_Item_lamp_streetlamp_03_index01	Blueprint: Red Wooden Streetlight	recipe-furniture	document recipe recipe-furniture stackable tier-0	0	651
3172	1004665	Recipe_Item_lamp_streetlamp_03_index02	Blueprint: Bright Wooden Streetlight	recipe-furniture	document recipe recipe-furniture stackable tier-0	0	656
3173	1004666	Recipe_Item_gimmick_lamp_streetlamp_0001	Blueprint: Cold Streetlight	recipe-furniture	document gimmick recipe recipe-furniture stackable tier-0	0	651
3174	1004667	Recipe_Item_gimmick_lamp_streetlamp_0001_index01	Blueprint: Warm Streetlight	recipe-furniture	document gimmick recipe recipe-furniture stackable tier-0	0	655
3175	1004668	Recipe_Item_gimmick_lamp_streetlamp_0001_index02	Blueprint: Soft Streetlight	recipe-furniture	document gimmick recipe recipe-furniture stackable tier-0	0	653
3176	1004669	Recipe_Item_hanger_streetlamp_flowerpot_01	Blueprint: Wooden Gerbera Hanging Planter	recipe-furniture	document recipe recipe-furniture stackable tier-0	0	1060
3177	1004670	Recipe_Item_hanger_streetlamp_flowerpot_02	Blueprint: Wooden Violet Hanging Planter	recipe-furniture	document recipe recipe-furniture stackable tier-0	0	1072
3178	1004671	Recipe_Item_hanger_streetlamp_flowerpot_03	Blueprint: Wooden Purple Gerbera Hanging Planter	recipe-furniture	document recipe recipe-furniture stackable tier-0	0	1063
3179	1004672	Recipe_Item_hanger_streetlamp_flowerpot_04	Blueprint: Redtree Violet Hanging Planter	recipe-furniture	document recipe recipe-furniture stackable tier-0	0	1061
3180	1004673	Recipe_Item_gimmick_tool_FlowerHanger_01	Blueprint: Wooden Pororin Hanging Planter	recipe-furniture	document gimmick recipe recipe-furniture stackable tier-0	0	1650
3181	1004674	Recipe_Item_gimmick_tool_FlowerHanger_02	Blueprint: Wooden Florindale Hanging Planter	recipe-furniture	document gimmick recipe recipe-furniture stackable tier-0	0	1398
3182	1004675	Recipe_Item_gimmick_well_0001	Blueprint: Wooden Roof Well	recipe-furniture	document gimmick recipe recipe-furniture stackable tier-0	0	1598
3183	1004676	Recipe_Item_gimmick_well_0001_index01	Blueprint: Red Wooden Roof Well	recipe-furniture	document gimmick recipe recipe-furniture stackable tier-0	0	1645
3184	1004677	Recipe_Item_gimmick_well_0002	Blueprint: Brick Roof Well	recipe-furniture	document gimmick recipe recipe-furniture stackable tier-0	0	1650
3185	1004678	Recipe_Item_gimmick_well_0003	Blueprint: Thatched Roof Well	recipe-furniture	document gimmick recipe recipe-furniture stackable tier-0	0	1400
3186	1004679	Recipe_Item_gimmick_well_0004	Blueprint: Well	recipe-furniture	document gimmick recipe recipe-furniture stackable tier-0	0	1264
3187	1004680	Recipe_Item_gimmick_well_0004_index01	Blueprint: Redsand Well	recipe-furniture	document gimmick recipe recipe-furniture stackable tier-0	0	1336
3188	1004681	Recipe_Item_drinkingfountain_01	Blueprint: Brookfield Fountain	recipe-furniture	document recipe recipe-furniture stackable tier-0	0	1948
3189	1004682	Recipe_Item_dpf_fountain_01	Blueprint: Lion Head Fountain	recipe-furniture	document recipe recipe-furniture stackable tier-0	0	1945
3190	1004683	Recipe_Item_dpf_fountain_09	Blueprint: Leaf Fountain	recipe-furniture	document recipe recipe-furniture stackable tier-0	0	2988
3191	1004684	Recipe_Item_dpf_fountain_02	Blueprint: Stone Pagoda Fountain	recipe-furniture	document recipe recipe-furniture stackable tier-0	0	2393
3192	1004685	Recipe_Item_dpf_fountain_02_desert	Blueprint: Redsand Stone Pagoda Fountain	recipe-furniture	document recipe recipe-furniture stackable tier-0	0	2456
3193	1004686	Recipe_Item_dpf_fountain_06	Blueprint: Silent Gazer Fountain	recipe-furniture	document recipe recipe-furniture stackable tier-0	0	2061
3194	1004687	Recipe_Item_fountain_statue_02	Blueprint: Sculpted Fish Fountain	recipe-furniture	document recipe recipe-furniture stackable tier-0	0	2632
3195	1004695	Recipe_Item_catwheel_01	Blueprint: Pororin Cat Wheel	recipe-furniture	document recipe recipe-furniture stackable tier-0	0	2404
3196	1004696	Recipe_Item_catwheel_02	Blueprint: Marni Cat Wheel	recipe-furniture	document recipe recipe-furniture stackable tier-0	0	3003
3197	1004697	Recipe_Item_Collection_Prop_Automata_0001	Blueprint: Clanging Little Knight	recipe-furniture	document recipe recipe-furniture stackable tier-0	0	1648
3198	1004698	Recipe_Item_Collection_Prop_Automata_0002	Blueprint: Clanging Red Jester	recipe-furniture	document recipe recipe-furniture stackable tier-0	0	1715
3199	1004699	Recipe_Item_Collection_Prop_Automata_0003	Blueprint: Clanging King	recipe-furniture	document recipe recipe-furniture stackable tier-0	0	1830
3200	1004700	Recipe_Item_Collection_Prop_Automata_0004	Blueprint: VZ-O and Z-One	recipe-furniture	document recipe recipe-furniture stackable tier-0	0	2064
3201	1004828	Recipe_Item_gimmick_jukebox_0001	Blueprint: Faust's Music Box	recipe-furniture	document gimmick recipe recipe-furniture stackable tier-0	0	3102
3202	1004701	Recipe_Item_gimmick_in_dpf_carpet_0001	Blueprint: Round Twilight Floral Carpet	recipe-furniture	document gimmick recipe recipe-furniture stackable tier-0	0	743
3203	1004702	Recipe_Item_gimmick_in_dpf_carpet_0002	Blueprint: Mist-woven Carpet	recipe-furniture	document gimmick recipe recipe-furniture stackable tier-0	0	478
3204	1004703	Recipe_Item_gimmick_in_dpf_carpet_0003	Blueprint: Frost-woven Carpet	recipe-furniture	document gimmick recipe recipe-furniture stackable tier-0	0	473
3205	1004704	Recipe_Item_gimmick_in_dpf_carpet_0004	Blueprint: Moonlit Garden Carpet	recipe-furniture	document gimmick recipe recipe-furniture stackable tier-0	0	759
3206	1004705	Recipe_Item_gimmick_in_dpf_carpet_0005	Blueprint: Rhombic Vermillion Carpet	recipe-furniture	document gimmick recipe recipe-furniture stackable tier-0	0	736
3207	1004706	Recipe_Item_gimmick_in_dpf_carpet_0006	Blueprint: Large Twilight Floral Carpet	recipe-furniture	document gimmick recipe recipe-furniture stackable tier-0	0	1032
3208	1004707	Recipe_Item_gimmick_in_dpf_carpet_0006_index01	Blueprint: Large Moonlit Garden Carpet	recipe-furniture	document gimmick recipe recipe-furniture stackable tier-0	0	1037
3209	1004708	Recipe_Item_gimmick_in_dpf_carpet_0007	Blueprint: Large Stone Knotted Carpet	recipe-furniture	document gimmick recipe recipe-furniture stackable tier-0	0	1072
3210	1004709	Recipe_Item_gimmick_in_dpf_carpet_0008	Blueprint: Sunset Plaid Carpet	recipe-furniture	document gimmick recipe recipe-furniture stackable tier-0	0	1070
3211	1004710	Recipe_Item_gimmick_in_dpf_carpet_0008_index01	Blueprint: Double Mist-woven Carpet	recipe-furniture	document gimmick recipe recipe-furniture stackable tier-0	0	1058
3212	1004711	Recipe_Item_gimmick_in_dpf_carpet_0009	Blueprint: Large Rosy Dragonscale Carpet	recipe-furniture	document gimmick recipe recipe-furniture stackable tier-0	0	1256
3213	1004858	Recipe_Item_gimmick_in_dpf_carpet_0013	Blueprint: Wide Dawndrop Garden Carpet	recipe-furniture	document gimmick recipe recipe-furniture stackable tier-0	0	1327
3214	1004859	Recipe_Item_gimmick_in_dpf_carpet_0014	Blueprint: Round Wide Mist-woven Carpet	recipe-furniture	document gimmick recipe recipe-furniture stackable tier-0	0	1381
3215	1004860	Recipe_Item_gimmick_in_dpf_carpet_0015	Blueprint: Wide Multicolor Knotted Carpet	recipe-furniture	document gimmick recipe recipe-furniture stackable tier-0	0	1412
3216	1004861	Recipe_Item_gimmick_in_dpf_carpet_0016	Blueprint: Round Wide Moonlit Garden Carpet	recipe-furniture	document gimmick recipe recipe-furniture stackable tier-0	0	1352
3217	1002785	Item_Stat_AbyssGear_DDD_LV1	Destruction I	abyss-gear	abyss-gear no-discard stackable tier-0	0	633
3218	1002791	Item_Stat_AbyssGear_CriticalRate_LV1	Insight I	abyss-gear	abyss-gear no-discard stackable tier-0	0	560
3219	1002810	Item_Stat_AbyssGear_AttackSpeedRate_LV1	Swift I	abyss-gear	abyss-gear no-discard stackable tier-0	0	700
3220	1002794	Item_Stat_AbyssGear_DPV_LV1	Fortification I	abyss-gear	abyss-gear no-discard stackable tier-0	0	367
3221	1002797	Item_Stat_AbyssGear_ADR_LV1	Aegis I	abyss-gear	abyss-gear no-discard stackable tier-0	0	513
3222	1002807	Item_Stat_AbyssGear_GuardPVRate_LV1	Fortitude I	abyss-gear	abyss-gear no-discard stackable tier-0	0	247
3223	1002813	Item_Stat_AbyssGear_MoveSpeedRate_LV1	Haste I	abyss-gear	abyss-gear no-discard stackable tier-0	0	500
3224	1002816	Item_Stat_AbyssGear_ClimbSpeedRate_LV1	Ascent I	abyss-gear	abyss-gear no-discard stackable tier-0	0	433
3225	1002747	Item_Stat_AbyssGear_StaminaRegen_LV1	Vigor I	abyss-gear	abyss-gear no-discard stackable tier-0	0	320
3226	1002822	Item_Stat_AbyssGear_HpRegen_LV1	Vitality I	abyss-gear	abyss-gear no-discard stackable tier-0	0	260
3227	1002752	Item_Stat_AbyssGear_MpRegen_LV1	Composure I	abyss-gear	abyss-gear no-discard stackable tier-0	0	347
3228	1002837	Item_Stat_AbyssGear_SwimSpeedRate_LV1	Surge I	abyss-gear	abyss-gear no-discard stackable tier-0	0	400
3229	1001424	Item_Stat_AbyssGear_FireResistance_LV1	Flameward I	abyss-gear	abyss-gear no-discard stackable tier-0	0	400
3230	1002167	Item_Stat_AbyssGear_IceResistance_LV1	Frostward I	abyss-gear	abyss-gear no-discard stackable tier-0	0	380
3231	1002497	Item_Stat_AbyssGear_ElectricityResistance_LV1	Shockward I	abyss-gear	abyss-gear no-discard stackable tier-0	0	413
3232	1002786	Item_Stat_AbyssGear_DDD_LV2	Destruction II	abyss-gear	abyss-gear no-discard stackable tier-0	0	1347
3233	1002792	Item_Stat_AbyssGear_CriticalRate_LV2	Insight II	abyss-gear	abyss-gear no-discard stackable tier-0	0	1093
3234	1002811	Item_Stat_AbyssGear_AttackSpeedRate_LV2	Swift II	abyss-gear	abyss-gear no-discard stackable tier-0	0	1300
3235	1002795	Item_Stat_AbyssGear_DPV_LV2	Fortification II	abyss-gear	abyss-gear no-discard stackable tier-0	0	787
3236	1002798	Item_Stat_AbyssGear_ADR_LV2	Aegis II	abyss-gear	abyss-gear no-discard stackable tier-0	0	1060
3237	1002808	Item_Stat_AbyssGear_GuardPVRate_LV2	Fortitude II	abyss-gear	abyss-gear no-discard stackable tier-0	0	560
3238	1002814	Item_Stat_AbyssGear_MoveSpeedRate_LV2	Haste II	abyss-gear	abyss-gear no-discard stackable tier-0	0	1040
3239	1002817	Item_Stat_AbyssGear_ClimbSpeedRate_LV2	Ascent II	abyss-gear	abyss-gear no-discard stackable tier-0	0	833
3240	1002748	Item_Stat_AbyssGear_StaminaRegen_LV2	Vigor II	abyss-gear	abyss-gear no-discard stackable tier-0	0	700
3241	1002823	Item_Stat_AbyssGear_HpRegen_LV2	Vitality II	abyss-gear	abyss-gear no-discard stackable tier-0	0	527
3242	1002753	Item_Stat_AbyssGear_MpRegen_LV2	Composure II	abyss-gear	abyss-gear no-discard stackable tier-0	0	653
3243	1002838	Item_Stat_AbyssGear_SwimSpeedRate_LV2	Surge II	abyss-gear	abyss-gear no-discard stackable tier-0	0	807
3244	1001425	Item_Stat_AbyssGear_FireResistance_LV2	Flameward II	abyss-gear	abyss-gear no-discard stackable tier-0	0	807
3245	1002389	Item_Stat_AbyssGear_IceResistance_LV2	Frostward II	abyss-gear	abyss-gear no-discard stackable tier-0	0	827
3246	1002498	Item_Stat_AbyssGear_ElectricityResistance_LV2	Shockward II	abyss-gear	abyss-gear no-discard stackable tier-0	0	787
3247	1002787	Item_Stat_AbyssGear_DDD_LV3	Destruction III	abyss-gear	abyss-gear no-discard stackable tier-0	0	2653
3248	1002793	Item_Stat_AbyssGear_CriticalRate_LV3	Insight III	abyss-gear	abyss-gear no-discard stackable tier-0	0	2167
3249	1002812	Item_Stat_AbyssGear_AttackSpeedRate_LV3	Swift III	abyss-gear	abyss-gear no-discard stackable tier-0	0	2647
3250	1002796	Item_Stat_AbyssGear_DPV_LV3	Fortification III	abyss-gear	abyss-gear no-discard stackable tier-0	0	1633
3251	1002799	Item_Stat_AbyssGear_ADR_LV3	Aegis III	abyss-gear	abyss-gear no-discard stackable tier-0	0	2167
3252	1002809	Item_Stat_AbyssGear_GuardPVRate_LV3	Fortitude III	abyss-gear	abyss-gear no-discard stackable tier-0	0	1040
3253	1002815	Item_Stat_AbyssGear_MoveSpeedRate_LV3	Haste III	abyss-gear	abyss-gear no-discard stackable tier-0	0	2147
3254	1002818	Item_Stat_AbyssGear_ClimbSpeedRate_LV3	Ascent III	abyss-gear	abyss-gear no-discard stackable tier-0	0	1607
3255	1002751	Item_Stat_AbyssGear_StaminaRegen_LV3	Vigor III	abyss-gear	abyss-gear no-discard stackable tier-0	0	1340
3256	1002824	Item_Stat_AbyssGear_HpRegen_LV3	Vitality III	abyss-gear	abyss-gear no-discard stackable tier-0	0	1033
3257	1002754	Item_Stat_AbyssGear_MpRegen_LV3	Composure III	abyss-gear	abyss-gear no-discard stackable tier-0	0	1353
3258	1002839	Item_Stat_AbyssGear_SwimSpeedRate_LV3	Surge III	abyss-gear	abyss-gear no-discard stackable tier-0	0	1593
3259	1001426	Item_Stat_AbyssGear_FireResistance_LV3	Flameward III	abyss-gear	abyss-gear no-discard stackable tier-0	0	1580
3260	1002467	Item_Stat_AbyssGear_IceResistance_LV3	Frostward III	abyss-gear	abyss-gear no-discard stackable tier-0	0	1620
3261	1002499	Item_Stat_AbyssGear_ElectricityResistance_LV3	Shockward III	abyss-gear	abyss-gear no-discard stackable tier-0	0	1580
3262	1002896	Item_Skill_AbyssGear_Machine_AdditionalDamage_LV1	Steelbane I	abyss-gear	abyss-gear no-discard stackable tier-0	0	540
3263	1002899	Item_Skill_AbyssGear_CommonHexe_AdditionalDamage_LV1	Hexebane I	abyss-gear	abyss-gear no-discard stackable tier-0	0	540
3264	1002902	Item_Skill_AbyssGear_CommonHumanoid_AdditionalDamage_LV1	Bloodbane I	abyss-gear	abyss-gear no-discard stackable tier-0	0	500
3265	1002905	Item_Skill_AbyssGear_CommonGolem_AdditionalDamage_LV1	Primalbane I	abyss-gear	abyss-gear no-discard stackable tier-0	0	500
3266	1002908	Item_Skill_AbyssGear_Boss_AdditionalDamage_LV1	Malicebane I	abyss-gear	abyss-gear no-discard stackable tier-0	0	547
3267	1002911	Item_Skill_AbyssGear_CommonAnimal_AdditionalDamage_LV1	Beastbane I	abyss-gear	abyss-gear no-discard stackable tier-0	0	520
3268	1002914	Item_Skill_AbyssGear_Creature_AdditionalDamage_LV1	Abyssbane I	abyss-gear	abyss-gear no-discard stackable tier-0	0	533
3269	1003759	Item_Skill_AbyssGear_AddCriticalRateByMaterialKey_PlateArmor_LV1	Shatter I	abyss-gear	abyss-gear no-discard stackable tier-0	0	513
3270	1003762	Item_Skill_AbyssGear_AddCriticalRateByMaterialKey_LeatherArmor_LV1	Rend I	abyss-gear	abyss-gear no-discard stackable tier-0	0	500
3271	1003765	Item_Skill_AbyssGear_AddCriticalRateByMaterialKey_FabricArmor_LV1	Shred I	abyss-gear	abyss-gear no-discard stackable tier-0	0	520
3272	1002953	Item_Skill_AbyssGear_AddKillSkillLevel_LV1	Energy Drain I	abyss-gear	abyss-gear no-discard stackable tier-0	0	540
3273	1003229	Item_Skill_AbyssGear_EquipDropRate_LV1	Disarm I	abyss-gear	abyss-gear no-discard stackable tier-0	0	427
3274	1002920	Item_Skill_AbyssGear_AddMoneyDropRate_LV1	Fortune I	abyss-gear	abyss-gear no-discard stackable tier-0	0	400
3275	1002923	Item_Skill_AbyssGear_BlockAmmoConsume_LV1	Infinite Arrows I	abyss-gear	abyss-gear no-discard stackable tier-0	0	407
3276	1002926	Item_Skill_AbyssGear_FoodSkillLevelUp_LV1	Gourmet I	abyss-gear	abyss-gear no-discard stackable tier-0	0	527
3277	1002929	Item_Skill_AbyssGear_ReduceCraftMaterial_LV1	Efficiency I	abyss-gear	abyss-gear no-discard stackable tier-0	0	373
3278	1002932	Item_Skill_AbyssGear_AdditionalThief_LV1	Ledgermain I	abyss-gear	abyss-gear no-discard stackable tier-0	0	420
3279	1002935	Item_Skill_AbyssGear_CollectDrop_Ore_LV1	Blessing of the Earth I	abyss-gear	abyss-gear no-discard stackable tier-0	0	413
3280	1002938	Item_Skill_AbyssGear_CollectDrop_Plant_LV1	Blessing of Nature I	abyss-gear	abyss-gear no-discard stackable tier-0	0	433
3281	1002941	Item_Skill_AbyssGear_CollectDrop_Animal_LV1	Blessing of the Beast I	abyss-gear	abyss-gear no-discard stackable tier-0	0	420
3282	1002944	Item_Skill_AbyssGear_CollectDrop_Log_LV1	Blessing of the Forest I	abyss-gear	abyss-gear no-discard stackable tier-0	0	427
3283	1002947	Item_Skill_AbyssGear_ContributionExp_LV1	Service I	abyss-gear	abyss-gear no-discard stackable tier-0	0	500
3284	1002950	Item_Skill_AbyssGear_SkillPointExp_LV1	Aptitude I	abyss-gear	abyss-gear no-discard stackable tier-0	0	460
3285	1002520	Item_Skill_AbyssGear_AddFrendly_LV1	Solidarity I	abyss-gear	abyss-gear no-discard stackable tier-0	0	473
3286	1002662	Item_Skill_AbyssGear_Equip_AddHorseExp_LV1	Equestrian I	abyss-gear	abyss-gear no-discard stackable tier-0	0	460
3287	1002538	Item_Skill_AbyssGear_Equip_AddPetFriendly_LV1	Companionship I	abyss-gear	abyss-gear no-discard stackable tier-0	0	473
3288	1002897	Item_Skill_AbyssGear_Machine_AdditionalDamage_LV2	Steelbane II	abyss-gear	abyss-gear no-discard stackable tier-0	0	1093
3289	1002900	Item_Skill_AbyssGear_CommonHexe_AdditionalDamage_LV2	Hexebane II	abyss-gear	abyss-gear no-discard stackable tier-0	0	1067
3290	1002903	Item_Skill_AbyssGear_CommonHumanoid_AdditionalDamage_LV2	Bloodbane II	abyss-gear	abyss-gear no-discard stackable tier-0	0	1100
3291	1002906	Item_Skill_AbyssGear_CommonGolem_AdditionalDamage_LV2	Primalbane II	abyss-gear	abyss-gear no-discard stackable tier-0	0	1067
3292	1002909	Item_Skill_AbyssGear_Boss_AdditionalDamage_LV2	Malicebane II	abyss-gear	abyss-gear no-discard stackable tier-0	0	1033
3293	1002912	Item_Skill_AbyssGear_CommonAnimal_AdditionalDamage_LV2	Beastbane II	abyss-gear	abyss-gear no-discard stackable tier-0	0	1060
3294	1002915	Item_Skill_AbyssGear_Creature_AdditionalDamage_LV2	Abyssbane II	abyss-gear	abyss-gear no-discard stackable tier-0	0	1060
3295	1003760	Item_Skill_AbyssGear_AddCriticalRateByMaterialKey_PlateArmor_LV2	Shatter II	abyss-gear	abyss-gear no-discard stackable tier-0	0	1033
3296	1003763	Item_Skill_AbyssGear_AddCriticalRateByMaterialKey_LeatherArmor_LV2	Rend II	abyss-gear	abyss-gear no-discard stackable tier-0	0	1040
3297	1003766	Item_Skill_AbyssGear_AddCriticalRateByMaterialKey_FabricArmor_LV2	Shred II	abyss-gear	abyss-gear no-discard stackable tier-0	0	1047
3298	1002954	Item_Skill_AbyssGear_AddKillSkillLevel_LV2	Energy Drain II	abyss-gear	abyss-gear no-discard stackable tier-0	0	1093
3299	1003230	Item_Skill_AbyssGear_EquipDropRate_LV2	Disarm II	abyss-gear	abyss-gear no-discard stackable tier-0	0	780
3300	1002921	Item_Skill_AbyssGear_AddMoneyDropRate_LV2	Fortune II	abyss-gear	abyss-gear no-discard stackable tier-0	0	813
3301	1002924	Item_Skill_AbyssGear_BlockAmmoConsume_LV2	Infinite Arrows II	abyss-gear	abyss-gear no-discard stackable tier-0	0	773
3302	1002927	Item_Skill_AbyssGear_FoodSkillLevelUp_LV2	Gourmet II	abyss-gear	abyss-gear no-discard stackable tier-0	0	1093
3303	1002930	Item_Skill_AbyssGear_ReduceCraftMaterial_LV2	Efficiency II	abyss-gear	abyss-gear no-discard stackable tier-0	0	813
3304	1002933	Item_Skill_AbyssGear_AdditionalThief_LV2	Ledgermain II	abyss-gear	abyss-gear no-discard stackable tier-0	0	813
3305	1002936	Item_Skill_AbyssGear_CollectDrop_Ore_LV2	Blessing of the Earth II	abyss-gear	abyss-gear no-discard stackable tier-0	0	820
3306	1002939	Item_Skill_AbyssGear_CollectDrop_Plant_LV2	Blessing of Nature II	abyss-gear	abyss-gear no-discard stackable tier-0	0	793
3307	1002942	Item_Skill_AbyssGear_CollectDrop_Animal_LV2	Blessing of the Beast II	abyss-gear	abyss-gear no-discard stackable tier-0	0	800
3308	1002945	Item_Skill_AbyssGear_CollectDrop_Log_LV2	Blessing of the Forest II	abyss-gear	abyss-gear no-discard stackable tier-0	0	813
3309	1002948	Item_Skill_AbyssGear_ContributionExp_LV2	Service II	abyss-gear	abyss-gear no-discard stackable tier-0	0	913
3310	1002951	Item_Skill_AbyssGear_SkillPointExp_LV2	Aptitude II	abyss-gear	abyss-gear no-discard stackable tier-0	0	913
3311	1002521	Item_Skill_AbyssGear_AddFrendly_LV2	Solidarity II	abyss-gear	abyss-gear no-discard stackable tier-0	0	967
3312	1000449	Item_Skill_AbyssGear_Equip_AddHorseExp_LV2	Equestrian II	abyss-gear	abyss-gear no-discard stackable tier-0	0	927
3313	1000861	Item_Skill_AbyssGear_Equip_AddPetFriendly_LV2	Companionship II	abyss-gear	abyss-gear no-discard stackable tier-0	0	967
3314	1002898	Item_Skill_AbyssGear_Machine_AdditionalDamage_LV3	Steelbane III	abyss-gear	abyss-gear no-discard stackable tier-0	0	2100
3315	1002901	Item_Skill_AbyssGear_CommonHexe_AdditionalDamage_LV3	Hexebane III	abyss-gear	abyss-gear no-discard stackable tier-0	0	2147
3316	1002904	Item_Skill_AbyssGear_CommonHumanoid_AdditionalDamage_LV3	Bloodbane III	abyss-gear	abyss-gear no-discard stackable tier-0	0	2140
3317	1002907	Item_Skill_AbyssGear_CommonGolem_AdditionalDamage_LV3	Primalbane III	abyss-gear	abyss-gear no-discard stackable tier-0	0	2133
3318	1002910	Item_Skill_AbyssGear_Boss_AdditionalDamage_LV3	Malicebane III	abyss-gear	abyss-gear no-discard stackable tier-0	0	2120
3319	1002913	Item_Skill_AbyssGear_CommonAnimal_AdditionalDamage_LV3	Beastbane III	abyss-gear	abyss-gear no-discard stackable tier-0	0	2127
3320	1002916	Item_Skill_AbyssGear_Creature_AdditionalDamage_LV3	Abyssbane III	abyss-gear	abyss-gear no-discard stackable tier-0	0	2133
3321	1003761	Item_Skill_AbyssGear_AddCriticalRateByMaterialKey_PlateArmor_LV3	Shatter III	abyss-gear	abyss-gear no-discard stackable tier-0	0	2140
3322	1003764	Item_Skill_AbyssGear_AddCriticalRateByMaterialKey_LeatherArmor_LV3	Rend III	abyss-gear	abyss-gear no-discard stackable tier-0	0	2167
3323	1003767	Item_Skill_AbyssGear_AddCriticalRateByMaterialKey_FabricArmor_LV3	Shred III	abyss-gear	abyss-gear no-discard stackable tier-0	0	2167
3324	1002955	Item_Skill_AbyssGear_AddKillSkillLevel_LV3	Energy Drain III	abyss-gear	abyss-gear no-discard stackable tier-0	0	2167
3325	1003231	Item_Skill_AbyssGear_EquipDropRate_LV3	Disarm III	abyss-gear	abyss-gear no-discard stackable tier-0	0	1587
3326	1002922	Item_Skill_AbyssGear_AddMoneyDropRate_LV3	Fortune III	abyss-gear	abyss-gear no-discard stackable tier-0	0	1627
3327	1002925	Item_Skill_AbyssGear_BlockAmmoConsume_LV3	Infinite Arrows III	abyss-gear	abyss-gear no-discard stackable tier-0	0	1633
3328	1002928	Item_Skill_AbyssGear_FoodSkillLevelUp_LV3	Gourmet III	abyss-gear	abyss-gear no-discard stackable tier-0	0	2147
3329	1002931	Item_Skill_AbyssGear_ReduceCraftMaterial_LV3	Efficiency III	abyss-gear	abyss-gear no-discard stackable tier-0	0	1593
3330	1002934	Item_Skill_AbyssGear_AdditionalThief_LV3	Ledgermain III	abyss-gear	abyss-gear no-discard stackable tier-0	0	1573
3331	1002937	Item_Skill_AbyssGear_CollectDrop_Ore_LV3	Blessing of the Earth III	abyss-gear	abyss-gear no-discard stackable tier-0	0	1580
3332	1002940	Item_Skill_AbyssGear_CollectDrop_Plant_LV3	Blessing of Nature III	abyss-gear	abyss-gear no-discard stackable tier-0	0	1607
3333	1002943	Item_Skill_AbyssGear_CollectDrop_Animal_LV3	Blessing of the Beast III	abyss-gear	abyss-gear no-discard stackable tier-0	0	1567
3334	1002946	Item_Skill_AbyssGear_CollectDrop_Log_LV3	Blessing of the Forest III	abyss-gear	abyss-gear no-discard stackable tier-0	0	1613
3335	1002949	Item_Skill_AbyssGear_ContributionExp_LV3	Service III	abyss-gear	abyss-gear no-discard stackable tier-0	0	1880
3336	1002952	Item_Skill_AbyssGear_SkillPointExp_LV3	Aptitude III	abyss-gear	abyss-gear no-discard stackable tier-0	0	1833
3337	1002522	Item_Skill_AbyssGear_AddFrendly_LV3	Solidarity III	abyss-gear	abyss-gear no-discard stackable tier-0	0	1853
3338	1000531	Item_Skill_AbyssGear_Equip_AddHorseExp_LV3	Equestrian III	abyss-gear	abyss-gear no-discard stackable tier-0	0	1873
3339	1000890	Item_Skill_AbyssGear_Equip_AddPetFriendly_LV3	Companionship III	abyss-gear	abyss-gear no-discard stackable tier-0	0	1893
3340	1003281	Item_Skill_AbyssGear_Attack_HPRecover_LV1	Life Transference	abyss-gear	abyss-gear no-discard stackable tier-0	0	500
3341	1003290	Item_Skill_AbyssGear_Attack_MPRecover_LV1	Spirit Transference	abyss-gear	abyss-gear no-discard stackable tier-0	0	567
3342	1003291	Item_Skill_AbyssGear_Attack_SPRecover_LV1	Stamina Transference	abyss-gear	abyss-gear no-discard stackable tier-0	0	513
3343	1001067	Item_Skill_AbyssGear_Combo_LV1	Relentless	abyss-gear	abyss-gear no-discard stackable tier-0	0	693
3344	1002863	Item_Skill_AbyssGear_AbyssGrass_Immune	Abyssal Assimilation	abyss-gear	abyss-gear no-discard stackable tier-0	0	360
3345	1002865	Item_Skill_AbyssGear_Hyena_PoisonImmune	Heart of the Serpent	abyss-gear	abyss-gear no-discard stackable tier-0	0	360
3346	1002866	Item_Skill_AbyssGear_Immune_Bismuth	Heart of Stone	abyss-gear	abyss-gear no-discard stackable tier-0	0	353
3347	1002867	Item_Skill_AbyssGear_DAM_UP_RotationBash	Momentum	abyss-gear	abyss-gear no-discard stackable tier-0	0	633
3348	1004205	Item_Skill_AbyssGear_Attack_SPRecover_LV2	Celestial Transference	abyss-gear	abyss-gear no-discard stackable tier-0	0	1026
3349	1002862	Item_Stat_AbyssGear_DDD_Special	Greater Destruction	abyss-gear	abyss-gear no-discard tier-0	0	1000
3350	1002969	Item_Stat_AbyssGear_CriticalRate_Special	Greater Insight	abyss-gear	abyss-gear no-discard tier-0	0	1000
3351	1002970	Item_Stat_AbyssGear_AttackSpeedRate_Special	Greater Swift	abyss-gear	abyss-gear no-discard tier-0	0	1000
3352	1002972	Item_Stat_AbyssGear_FireResistance_Special	Greater Flameward	abyss-gear	abyss-gear no-discard tier-0	0	1000
3353	1002973	Item_Stat_AbyssGear_IceResistance_Special	Greater Frostward	abyss-gear	abyss-gear no-discard tier-0	0	1000
3354	1002974	Item_Stat_AbyssGear_ElectricityResistance_Special	Greater Shockward	abyss-gear	abyss-gear no-discard tier-0	0	1000
3355	1002975	Item_Skill_AbyssGear_Machine_AdditionalDamage_Special	Greater Steelbane	abyss-gear	abyss-gear no-discard tier-0	0	1000
3356	1002976	Item_Skill_AbyssGear_CommonHexe_AdditionalDamage_Special	Greater Hexebane	abyss-gear	abyss-gear no-discard tier-0	0	1000
3357	1002977	Item_Skill_AbyssGear_CommonHumanoid_AdditionalDamage_Special	Greater Bloodbane	abyss-gear	abyss-gear no-discard tier-0	0	1000
3358	1002978	Item_Skill_AbyssGear_CommonGolem_AdditionalDamage_Special	Greater Primalbane	abyss-gear	abyss-gear no-discard tier-0	0	1000
3359	1002979	Item_Skill_AbyssGear_Boss_AdditionalDamage_Special	Greater Malicebane	abyss-gear	abyss-gear no-discard tier-0	0	1000
3360	1002980	Item_Skill_AbyssGear_CommonAnimal_AdditionalDamage_Special	Greater Beastbane	abyss-gear	abyss-gear no-discard tier-0	0	1000
3361	1002981	Item_Skill_AbyssGear_Creature_AdditionalDamage_Special	Greater Abyssbane	abyss-gear	abyss-gear no-discard tier-0	0	1000
3362	1002982	Item_Skill_AbyssGear_BlockAmmoConsume_Special	Greater Infinite Arrows	abyss-gear	abyss-gear no-discard tier-0	0	1000
3363	1002509	Item_Skill_AbyssGear_LandMash_LV1	Groundsurge	abyss-gear	abyss-gear no-discard stackable tier-0	0	1573
3364	1002523	Item_Skill_AbyssGear_SoulStrike_LV1	Spirit's Judgment	abyss-gear	abyss-gear no-discard stackable tier-0	0	1353
3365	1002539	Item_Skill_AbyssGear_CrowAttack_LV1	Crow's Pursuit	abyss-gear	abyss-gear no-discard stackable tier-0	0	1593
3366	1002548	Item_Skill_AbyssGear_FlashCombo_LV1	Slashing Reeds	abyss-gear	abyss-gear no-discard stackable tier-0	0	1347
3367	1002569	Item_Skill_AbyssGear_SwordAura_LV1	Wind Slash	abyss-gear	abyss-gear no-discard stackable tier-0	0	1367
3368	1002764	Item_Skill_AbyssGear_FrostBreath_LV1	Frost Hail	abyss-gear	abyss-gear no-discard stackable tier-0	0	1980
3369	1002766	Item_Skill_AbyssGear_FireBreath_LV1	Volcanic Eruption	abyss-gear	abyss-gear no-discard stackable tier-0	0	2013
3370	1002848	Item_Skill_AbyssGear_LightningBreath_LV1	Orbs of Lightning	abyss-gear	abyss-gear no-discard stackable tier-0	0	2020
3371	1002583	Item_Skill_AbyssGear_EnlightenmentWave_LV1	Karmic Pulse	abyss-gear	abyss-gear no-discard stackable tier-0	0	1620
3372	1002580	Item_Skill_AbyssGear_DarkenRobe_LV1	Wound of Darkness	abyss-gear	abyss-gear no-discard stackable tier-0	0	2000
3373	1002592	Item_Skill_AbyssGear_DogClaw_LV1	Hound's Claws	abyss-gear	abyss-gear no-discard stackable tier-0	0	1353
3374	1003715	Item_Skill_AbyssGear_Forgotten_General	Judgment of the Soul	abyss-gear	abyss-gear no-discard stackable tier-0	0	2013
3375	1003668	Item_Skill_AbyssGear_Ogre	Colossal Might	abyss-gear	abyss-gear no-discard stackable tier-0	0	1973
3376	1002552	Item_Skill_AbyssGear_Antumbra_Spear	Warden of Darkness	abyss-gear	abyss-gear no-discard stackable tier-0	0	1987
3377	1002602	Item_Skill_AbyssGear_CrowStorm_LV1	Crow Storm	abyss-gear	abyss-gear no-discard stackable tier-0	0	2027
3378	1002805	Item_Skill_AbyssGear_SmashStorm_LV1	Tempest of Destruction	abyss-gear	abyss-gear no-discard stackable tier-0	0	1360
3379	1002658	Item_Skill_AbyssGear_CresecentAura_1_LV1	Crescent Moon Slash	abyss-gear	abyss-gear no-discard stackable tier-0	0	1567
3380	1002659	Item_Skill_AbyssGear_CresecentAura_2_LV1	Half Moon Slash	abyss-gear	abyss-gear no-discard stackable tier-0	0	1633
3381	1002660	Item_Skill_AbyssGear_CresecentAura_3_LV1	Fullmoon Slash	abyss-gear	abyss-gear no-discard stackable tier-0	0	1633
3382	1002843	Item_Skill_AbyssGear_FrostSpike_LV1	Frost Spike	abyss-gear	abyss-gear no-discard stackable tier-0	0	1967
3383	1002849	Item_Skill_AbyssGear_AbsoluteDefense_LV1	Piercing Bloom	abyss-gear	abyss-gear no-discard stackable tier-0	0	1367
3384	1002852	Item_Skill_AbyssGear_ArrowRain_LV1	Arrow Rain	abyss-gear	abyss-gear no-discard stackable tier-0	0	1573
3385	1003685	Item_Skill_AbyssGear_Merrick	Order from Above	abyss-gear	abyss-gear no-discard stackable tier-0	0	1587
3386	1002578	Item_Skill_AbyssGear_LightningStab_LV1	Storm Fang	abyss-gear	abyss-gear no-discard stackable tier-0	0	1993
3387	1003686	Item_Skill_AbyssGear_Antumbra_TwoHandRod	Dark Crescent	abyss-gear	abyss-gear no-discard stackable tier-0	0	1600
3388	1002887	Item_Skill_AbyssGear_TarandusWarrior_WarHammer	Earthrending Strike	abyss-gear	abyss-gear no-discard stackable tier-0	0	1620
3389	1000121	Item_Skill_AbyssGear_Bastier	Flames of Judgment	abyss-gear	abyss-gear no-discard stackable tier-0	0	2000
3390	1002542	Item_Skill_AbyssGear_Karanda	Pillar of Wind	abyss-gear	abyss-gear no-discard stackable tier-0	0	1987
3391	1002845	Item_Skill_AbyssGear_FrostDeath_LV1	Shattering Frost	abyss-gear	abyss-gear no-discard stackable tier-0	0	2007
3392	1002554	Item_Skill_AbyssGear_Primus	Ancient Reckoning	abyss-gear	abyss-gear no-discard stackable tier-0	0	1580
3393	1002841	Item_Skill_AbyssGear_DarkChase_LV1	Greysoul Howling	abyss-gear	abyss-gear no-discard stackable tier-0	0	1973
3394	1003699	Item_Skill_AbyssGear_Leebur	Shadow Claw	abyss-gear	abyss-gear no-discard stackable tier-0	0	2007
3395	1003691	Item_Skill_AbyssGear_QueenSpider	Queen's Fangs	abyss-gear	abyss-gear no-discard stackable tier-0	0	2027
3396	1003718	Item_Skill_AbyssGear_Praevus	Ancient Wrath	abyss-gear	abyss-gear no-discard stackable tier-0	0	2033
3397	1003702	Item_Skill_AbyssGear_Priscus	Ancient Retribution	abyss-gear	abyss-gear no-discard stackable tier-0	0	1973
3398	1003692	Item_Skill_AbyssGear_Skevald	Putrid Touch	abyss-gear	abyss-gear no-discard stackable tier-0	0	1980
3399	1002858	Item_Skill_AbyssGear_AtorDrone_LV1	Ator's Orb	abyss-gear	abyss-gear no-discard stackable tier-0	0	1973
3400	1002606	Item_Skill_AbyssGear_PhantomStab_LV1	Abyssal Rays	abyss-gear	abyss-gear no-discard stackable tier-0	0	2013
3401	1003700	Item_Skill_AbyssGear_LanFord	Parting Gift	abyss-gear	abyss-gear no-discard stackable tier-0	0	1580
3402	1003714	Item_Skill_AbyssGear_ImpBoss	Howling of Chaos	abyss-gear	abyss-gear no-discard stackable tier-0	0	1587
3403	1001893	Item_Skill_AbyssGear_Catfish_BodySlam_LV1	Rising Torrent	abyss-gear	abyss-gear no-discard stackable tier-0	0	1573
3404	1002496	Item_Skill_AbyssGear_Titan	Lightning God's Affliction	abyss-gear	abyss-gear no-discard stackable tier-0	0	1627
3405	1002855	Item_Skill_AbyssGear_EnergyBurst_LV1	Kinetic Burst	abyss-gear	abyss-gear no-discard stackable tier-0	0	1593
3406	1002510	Item_Skill_AbyssGear_Muscan	The Showstopper	abyss-gear	abyss-gear no-discard stackable tier-0	0	1580
3407	752751	SmallAnimal_Poop	Manure	crafting-material	crafting-material fertilizer stackable tier-0	0	50
3408	53001	AppleTree_Seed	Apple Seed	seed	buff seed stackable tier-0	0	20
3409	1001836	PearTree_Seed	Pear Tree Seed	seed	buff seed stackable tier-0	0	40
3410	1001837	Ginseng_Seed	Wild Ginseng Seed	seed	buff seed stackable tier-0	0	200
3411	1001839	AbyssStone_Seed	Abyssal Seed	seed	buff seed stackable tier-0	0	200
3412	1001840	GlowFlower_Seed	Luminous Seed	seed	buff seed stackable tier-0	0	20
3413	1001139	Pomegranate_Seed	Pomegranate Seed	seed	buff seed stackable tier-0	0	20
3414	1001140	Figs_Seed	Fig Seed	seed	buff seed stackable tier-0	0	20
3415	1001173	Peach_Seed	Peach Seed	seed	buff seed stackable tier-0	0	20
3416	1001235	Tomato_Seed	Tomato Seed	seed	buff seed stackable tier-0	0	20
3417	1001247	grape_Seed	Grape Seed	seed	buff seed stackable tier-0	0	20
3418	1001397	orange_Seed	Orange Seed	seed	buff seed stackable tier-0	0	20
3419	1001398	Coffee_Seed	Coffee Cherry Seed	seed	buff seed stackable tier-0	0	40
3420	1001399	cacao_Seed	Cacao Seed	seed	buff seed stackable tier-0	0	40
3421	1000327	Corn_seed	Corn Seed	seed	buff seed stackable tier-0	0	40
3422	1000516	Kudzu_seed	Skyroot Seed	seed	buff seed stackable tier-0	0	40
3423	1000562	Rubber_seed	Rubber Tree Seed	seed	buff seed stackable tier-0	0	40
3424	1000722	Ensete_seed	Enset Seed	seed	buff seed stackable tier-0	0	40
3425	1000724	Opuntia_seed	Prickly Pear Seed	seed	buff seed stackable tier-0	0	40
3426	1000725	Taro_seed	Taro Seed	seed	buff seed stackable tier-0	0	40
3427	1000731	Chaya_seed	Chaya Seed	seed	buff seed stackable tier-0	0	40
3428	1001777	Glow_Fruit	Shineberry	ammo	ammo stackable tier-0	0	50
3429	756513	Wild_Insam	Wild Ginseng	herb	alchemy-material herb knowledge material reagent restores-mp stackable tier-0	0	300
3430	1001843	Pear	Pear	fruit	fruit ingredient knowledge material mount-feed restores-mp stackable tier-0	0	50
3431	1000634	RevivalItem	Refined Palmar Pill	potion	consumable no-sell potion stackable tier-0 wild	0	1080
3432	1001959	RevivalItemPartialRecovery	Palmar Pill	potion	consumable no-sell potion stackable tier-0 wild	0	360
3433	1002138	Boss_Reward_SuperWeapon	Axe of the Apocalypse	treasure	equipment no-sell npc-weapon-pool one-hand tier-0 tool treasure weapon	0	1
3434	1002139	Boss_Reward_DragonParts	Golden Star's Component	treasure	boss-reward knowledge no-sell tier-0 treasure wild	0	1
3435	1002199	Boss_Reward_Graymanes	Seal of Devotion	treasure	boss-reward no-sell tier-0 treasure wild	0	1
3436	1002200	Boss_Reward_Survivors	The Ivory Messenger	treasure	boss-reward no-sell tier-0 treasure wild	0	1
3437	1002142	Boss_Reward_BigMoney	Plunderer's Gold Chest	treasure	boss-reward no-sell tier-0 treasure wild	0	1
3438	1002201	Boss_Reward_LargeWood	Wrecked Keglord	treasure	boss-reward no-sell tier-0 treasure wild	0	1
3439	1002202	Boss_Reward_LargeStone	Secret of the Abandoned Mine	treasure	boss-reward no-sell tier-0 treasure wild	0	1
3440	1002145	Boss_Reward_KweidenNode	Eye of the Sky	treasure	boss-reward no-sell tier-0 treasure wild	0	1
3441	1002146	Boss_Reward_DelesyianNode	REN-X Surveillance Record	treasure	boss-reward no-sell tier-0 treasure wild	0	1
3442	1002150	Boss_Reward_Supercarrot	Giant Brown Sugar Cube	treasure	boss-reward no-sell tier-0 treasure wild	0	1
3443	1002151	Boss_Reward_GoldVeinMap	Gold Vein Map	treasure	boss-reward no-sell tier-0 treasure wild	0	1
3444	1002152	Boss_Reward_FishMap	Mossy Secret Map	treasure	boss-reward no-sell tier-0 treasure wild	0	1
3445	1002153	Boss_Reward_CatFishMap	Voyages of Sir Catfish	treasure	boss-reward no-sell tier-0 treasure wild	0	1
3446	1002154	Boss_Reward_KweidenContribution	Trace of the Thunder God	treasure	boss-reward no-sell tier-0 treasure wild	0	1
3447	1002155	Boss_Reward_Npc01Intimacy	Mysterious Gift	treasure	boss-reward no-sell stackable tier-0 treasure wild	0	1
3448	1002157	Boss_Reward_MiraculousRecovery	Bloodstained Blessing	treasure	boss-reward no-sell tier-0 treasure wild	0	1
3449	1002160	Boss_Reward_AutomatedIncome	Golden Piggy Bank	treasure	boss-reward no-sell tier-0 treasure wild	0	1
3450	1002164	Boss_Reward_StatsStamina	Dark Red Goblet	treasure	boss-reward no-sell tier-0 treasure wild	0	1
3451	1002165	Boss_Reward_StatsMp	T'rukan's Fighting Spirit	treasure	boss-reward no-sell tier-0 treasure wild	0	1
3452	1002168	Boss_Reward_KnowledgeOverview	Memory of Ancient Nature	treasure	boss-reward no-sell tier-0 treasure wild	0	1
3453	1002169	Boss_Reward_Tracker	Leebur's Soul	treasure	boss-reward no-sell tier-0 treasure wild	0	1
3454	1003918	Boss_Reward_QuickLearner_Charm	Sage's Eye	treasure	boss-reward no-sell tier-0 treasure wild	0	1
3455	1000060	Puzzle_Reward_TreasureMap_Her_First	Memories of Abundance	treasure	boss-reward no-sell tier-0 treasure wild	0	1
3456	1000898	Puzzle_Reward_TreasureMap_Her_Second	Memory of Tide	treasure	boss-reward no-sell tier-0 treasure wild	0	1
3457	1000905	Puzzle_Reward_TreasureMap_Kwe	Memories of the Northern Winds	treasure	boss-reward no-sell tier-0 treasure wild	0	1
3458	1001194	Puzzle_Reward_TreasureMap_Dem_First	Memories of Prosperity	treasure	boss-reward no-sell tier-0 treasure wild	0	1
3459	1002251	Puzzle_Reward_TreasureMap_Dem_Second	Memory of Turbulence	treasure	boss-reward no-sell tier-0 treasure wild	0	1
3460	1002298	Puzzle_Reward_TreasureMap_Del	Forgotten Memory	treasure	boss-reward no-sell tier-0 treasure wild	0	1
3461	1002163	Boss_Reward_SummonMerchant	Hologram Projector	treasure	boss-reward no-sell tier-0 treasure wild	0	1
3462	1002156	Boss_Reward_StatsCrime	Chalice of Corruption	treasure	boss-reward no-sell tier-0 treasure wild	0	1
3463	1002159	Boss_Reward_MasterThief	Shadow Gloves	treasure	boss-reward no-sell tier-0 treasure wild	0	1
3464	1002166	Boss_Reward_BountyReduction	Shadow Contract	treasure	boss-reward no-sell tier-0 treasure wild	0	1
3465	1002140	Boss_Reward_SuperSkill	Blessing of the Immortal	treasure	boss-reward no-sell tier-0 treasure	0	1
3466	1000989	Boss_Reward_MerchantKing_GoldleafGuildhouse	Seal of Greed - Goldleaf Merchant Guild	treasure	boss-reward no-sell tier-0 treasure	0	1
3467	1002543	Boss_Reward_MerchantKing_SilvermoonTroll	Seal of Greed - Silvermoon Trade Group	treasure	boss-reward no-sell tier-0 treasure	0	1
3468	1003661	Boss_Reward_MerchantKing_SaltroadTradePost	Seal of Greed - Saltroad Trading Post	treasure	boss-reward no-sell tier-0 treasure	0	1
3469	1003919	Boss_Reward_Efficiency_Charm	Golden Beer	treasure	boss-reward no-sell tier-0 treasure wild	0	1
3470	1002174	Boss_Reward_ReturnCamp	Memory of a Fallen Kingdom	treasure	boss-reward no-discard no-sell stackable tier-0 treasure	0	1
3471	19994	Abyss_InfiniteStat_Sp3	Breath of the Abyss	dev	dev no-sell stackable stat-boost tier-0 use-immediately	0	1
3472	19995	Abyss_InfiniteStat_Mp2	Spirit of the Abyss	dev	dev no-sell stackable stat-boost tier-0 use-immediately	0	1
3473	19996	Abyss_InfiniteStat_Hp30	Vitality of the Abyss	dev	dev no-sell stackable stat-boost tier-0 use-immediately	0	1
3474	1000000	Immediate_SubLevel_Hp	Health Amplification	stat-boost	no-sell stackable stat-boost tier-0 use-immediately	0	1
3475	1000001	Immediate_SubLevel_Mp	Spirit Amplification	stat-boost	no-sell stackable stat-boost tier-0 use-immediately	0	1
3476	1000002	Immediate_SubLevel_Stamina	Stamina Amplification	stat-boost	no-sell stackable stat-boost tier-0 use-immediately	0	1
3477	1000003	Immediate_SubLevel_AttackSpeedRate	Increased Attack Speed	stat-boost	no-sell stackable stat-boost tier-0 use-immediately	0	1
3478	1000004	Immediate_SubLevel_MoveSpeedRate	Increased Movement Speed	stat-boost	no-sell stackable stat-boost tier-0 use-immediately	0	1
3479	1000084	Item_Set_A_RestArea	Adventurer's Cooking Inventory Type A	food	food no-sell rest-area stackable tier-0 use-immediately wild	0	1
3480	1000256	Item_Set_B_RestArea	Adventurer's Cooking Inventory Type B	food	food no-sell rest-area stackable tier-0 use-immediately wild	0	1
3481	1000281	Item_Set_C_RestArea	Adventurer's Cooking Inventory Type C	food	food no-sell rest-area stackable tier-0 use-immediately wild	0	1
3482	1001090	Item_Set_D_RestArea	Adventurer's Cooking Inventory Type D	food	food no-sell rest-area stackable tier-0 use-immediately wild	0	1
3483	1002312	Item_Set_E_RestArea	Adventurer's Cooking Inventory Type E	food	food no-sell rest-area stackable tier-0 use-immediately wild	0	1
3484	1002341	Item_Set_A_Enhance_RestArea	Adventurer's Refinement Inventory Type A	food	food no-sell rest-area stackable tier-0 use-immediately wild	0	1
3485	1002345	Item_Set_B_Enhance_RestArea	Adventurer's Refinement Inventory Type B	food	food no-sell rest-area stackable tier-0 use-immediately wild	0	1
3486	1002355	Item_Set_C_Enhance_RestArea	Adventurer's Refinement Inventory Type C	food	food no-sell rest-area stackable tier-0 use-immediately wild	0	1
3487	1002371	Item_Set_D_Enhance_RestArea	Adventurer's Refinement Inventory Type D	food	food no-sell rest-area stackable tier-0 use-immediately wild	0	1
3488	1002373	Item_Set_E_Enhance_RestArea	Adventurer's Refinement Inventory Type E	food	food no-sell rest-area stackable tier-0 use-immediately wild	0	1
3489	1002385	Item_Set_F_Enhance_RestArea	Adventurer's Refinement Inventory Type F	food	food no-sell rest-area stackable tier-0 use-immediately wild	0	1
3490	1002077	Item_AbyssGear_Stat_Lv1_Box	Unidentified Abyss Gear	abyss-gear-box	abyss-gear-box no-sell stackable tier-0 use-immediately wild	0	1
3491	1002396	Item_AbyssGear_Stat_Lv2_Box	Unidentified Abyss Gear	abyss-gear-box	abyss-gear-box no-sell stackable tier-0 use-immediately wild	0	1
3492	1002433	Item_AbyssGear_Stat_Lv3_Box	Unidentified Abyss Gear	abyss-gear-box	abyss-gear-box no-sell stackable tier-0 use-immediately wild	0	1
3493	1002436	Item_AbyssGear_SKill_Lv1_Box	Unidentified Abyss Gear	abyss-gear-box	abyss-gear-box no-sell stackable tier-0 use-immediately wild	0	1
3494	1002456	Item_AbyssGear_SKill_Lv2_Box	Unidentified Abyss Gear	abyss-gear-box	abyss-gear-box no-sell stackable tier-0 use-immediately wild	0	1
3495	1002474	Item_AbyssGear_SKill_Lv3_Box	Unidentified Abyss Gear	abyss-gear-box	abyss-gear-box no-sell stackable tier-0 use-immediately wild	0	1
3496	1002540	Item_AbyssGear_Special_Box	Unidentified Abyss Gear	abyss-gear-box	abyss-gear-box no-sell stackable tier-0 use-immediately wild	0	1
3497	1004379	Item_AbyssGear_Recipe_Box_I	Unidentified Abyss Gear Recipe	abyss-gear-box	abyss-gear-box no-sell stackable tier-0 use-immediately wild	0	1
3498	1004380	Item_AbyssGear_Recipe_Box_II	Unidentified Abyss Gear Recipe	abyss-gear-box	abyss-gear-box no-sell stackable tier-0 use-immediately wild	0	1
3499	1004381	Item_AbyssGear_Recipe_Box_III	Unidentified Abyss Gear Recipe	abyss-gear-box	abyss-gear-box no-sell stackable tier-0 use-immediately wild	0	1
3500	1004382	Item_AbyssGear_Recipe_Box_IV	Unidentified Abyss Gear Recipe	abyss-gear-box	abyss-gear-box no-sell stackable tier-0 use-immediately wild	0	1
3501	1004383	Item_AbyssGear_Recipe_Box_V	Unidentified Abyss Gear Recipe	abyss-gear-box	abyss-gear-box no-sell stackable tier-0 use-immediately wild	0	1
3502	1004384	Item_AbyssGear_Recipe_Box_VI	Unidentified Abyss Gear Recipe	abyss-gear-box	abyss-gear-box no-sell stackable tier-0 use-immediately wild	0	1
3503	1002266	Collection_Prop_Chest_0010	Cylindrical Wooden Box	decoration	chest collectible decoration furniture goods knowledge stackable tier-0	0	243
3504	1004503	Item_AbyssArtifact_Chest_2_7	Unstable Artifact Chest	chest	abyss-item chest goods reward-box stackable tier-0	0	
3505	1004504	Item_AbyssArtifact_Chest_3	Small Artifact Chest	chest	abyss-item chest goods reward-box stackable tier-0	0	
3506	1004505	Item_AbyssArtifact_Chest_5	Medium Artifact Chest	chest	abyss-item chest goods reward-box stackable tier-0	0	
3507	1004506	Item_Pinball_Coin_Reward_Bag	Box of Fortune	chest	chest goods reward-box stackable tier-0	0	10000
3508	1004827	DropItem_Quest_Paper_Cult_Order	Antumbra Order Directive Box	chest	chest goods no-sell quest stackable tier-0 use-immediately wild	0	1
3509	1004880	Item_FireFly_Box	Firefly Colony	chest	chest goods no-sell stackable tier-0 use-immediately wild	0	1
3510	1000667	Trade_Cheese_03	Well-Aged Cheese	trade-good	stackable tier-0 trade-good	0	7
3511	1000646	Trade_Flour_01	Flour	trade-good	stackable tier-0 trade-good	0	6
3512	1000648	Trade_Salt_01	Finely Ground Salt	trade-good	stackable tier-0 trade-good	0	7
3513	1000661	Trade_Wool_03	Wool	trade-good	stackable tier-0 trade-good	0	8
3514	1000702	Trade_Armor_Wild_Fabric_01	Field Cloth Armor	trade-good	stackable tier-0 trade-good	0	10
3515	1000668	Trade_FishMeat_03	Fish Meat	trade-good	stackable tier-0 trade-good	0	9
3516	1005054	Trade_NutritiousJerky	Nutritious Jerky	trade-good	stackable tier-0 trade-good	0	10
3517	1000602	Trade_Sugar_02	Richly Flavored Sugar	trade-good	stackable tier-0 trade-good	0	11
3518	1000608	Trade_Pepper_02	Pepper	trade-good	stackable tier-0 trade-good	0	11
3519	1000619	Trade_Ceramics_03	Ceramic	trade-good	stackable tier-0 trade-good	0	9
3520	1000598	Trade_Caligraphy_02	Calligraphic Paintings	trade-good	stackable tier-0 trade-good	0	10
3521	1000612	Trade_Sulfur_02	Brimstone	trade-good	stackable tier-0 trade-good	0	9
3522	1000603	Trade_Honey_02	Honey	trade-good	stackable tier-0 trade-good	0	8
3523	1000643	Trade_Fur_01	Pelt	trade-good	stackable tier-0 trade-good	0	10
3524	1000703	Trade_Armor_Wild_Chain_01	Field Chain Mail	trade-good	stackable tier-0 trade-good	0	16
3525	1005053	Trade_Horseshoe	Horseshoe	trade-good	stackable tier-0 trade-good	0	14
3526	1000666	Trade_Ginseng_03	Red Ginseng	trade-good	stackable tier-0 trade-good	0	16
3527	1000647	Trade_Wine_01	Fragrant Wine	trade-good	stackable tier-0 trade-good	0	13
3528	1000615	Trade_Gunpowder_02	High-Purity Gunpowder	trade-good	stackable tier-0 trade-good	0	17
3529	1005055	Trade_CannonGunpowder	Cannon Powder	trade-good	stackable tier-0 trade-good	0	18
3530	1000600	Trade_Silk_02	Silk	trade-good	stackable tier-0 trade-good	0	17
3531	1000607	Trade_Tobacco_02	Tobacco	trade-good	stackable tier-0 trade-good	0	14
3532	1000596	Trade_Glass_02	Glass	trade-good	stackable tier-0 trade-good	0	13
3533	1005057	Trade_FlintSet	Flint Kit	trade-good	stackable tier-0 trade-good	0	13
3534	1000671	Trade_Sword_03	Ceremonial Sword	trade-good	stackable tier-0 trade-good	0	19
3535	1000672	Trade_Armor_03	Ceremonial Armor	trade-good	stackable tier-0 trade-good	0	22
3536	1000597	Trade_Carpet_02	Carpet	trade-good	stackable tier-0 trade-good	0	20
3537	1000618	Trade_Gun_02	Gun	trade-good	stackable tier-0 trade-good	0	20
3538	1000674	Trade_Jade_03	Jade	trade-good	stackable tier-0 trade-good	0	23
3539	1000670	Trade_Ivory_03	Finely Crafted Ivory	trade-good	stackable tier-0 trade-good	0	24
3540	1000638	Trade_PearlLacquerware_01	Nacre Lacquer	trade-good	stackable tier-0 trade-good	0	19
3541	1005046	Trade_MillennialSnowGinseng	Eversnow Root	trade-good	special stackable tier-0 trade-good	0	4800
3542	1005049	Trade_Scripture	The Code of Solumen	trade-good	special stackable tier-0 trade-good	0	4320
3543	1005059	Trade_FrostGhostTear	Frost Ghost's Tear	trade-good	special stackable tier-0 trade-good	0	4080
3544	1005064	Trade_TableClock	Wind-up Table Clock	trade-good	special stackable tier-0 trade-good	0	3840
3545	1005051	Trade_WhiteDeerLeather	White Deer Hide	trade-good	special stackable tier-0 trade-good	0	3600
3546	1005061	Trade_LightningWood	Lightning-Struck Jujube Tree	trade-good	special stackable tier-0 trade-good	0	3360
3547	1005058	Trade_Glacialstone	Freezing Stone	trade-good	special stackable tier-0 trade-good	0	2880
3548	1005068	Trade_PremiumOil	Premium Lubricant	trade-good	special stackable tier-0 trade-good	0	1320
3549	1005047	Trade_RoyalJelly	Queen Bee Honey Extract	trade-good	special stackable tier-0 trade-good	0	2400
3550	1005071	Trade_ScorpionAmber	Scorpion in Amber	trade-good	special stackable tier-0 trade-good	0	2352
3551	1005072	Trade_OasisWater	Varnian Water	trade-good	special stackable tier-0 trade-good	0	2304
3552	1005060	Trade_SulfurCrystal	Brimstone Crystal	trade-good	special stackable tier-0 trade-good	0	2160
3553	1005056	Trade_Compass	Compass	trade-good	special stackable tier-0 trade-good	0	1920
3554	1005073	Trade_RitualBowl	Ceremonial Bowl	trade-good	special stackable tier-0 trade-good	0	1824
3555	1005069	Trade_ModelShip	Bottled Ship	trade-good	special stackable tier-0 trade-good	0	1680
3556	1005048	Trade_SpiritMushroom	Divine Mushroom	trade-good	special stackable tier-0 trade-good	0	1440
3557	1005065	Trade_Pearl	Pearl	trade-good	special stackable tier-0 trade-good	0	1200
3558	1005067	Trade_ToolSet	Premium Tool Bundle	trade-good	special stackable tier-0 trade-good	0	1056
3559	1005052	Trade_Spyglass	Telescope	trade-good	special stackable tier-0 trade-good	0	960
3560	1005066	Trade_Coolant	Coolant	trade-good	special stackable tier-0 trade-good	0	1132
3561	1005070	Trade_OpuntiaChocolate	Prickly Pear Chocolate	trade-good	special stackable tier-0 trade-good	0	1075
3562	1005062	Trade_Rosin	Resin	trade-good	special stackable tier-0 trade-good	0	1440
3563	1005063	Trade_RockSalt	Rock Salt	trade-good	special stackable tier-0 trade-good	0	1152
3564	1005050	Trade_GlowingMushroom	Glowing Mushroom	trade-good	special stackable tier-0 trade-good	0	320
3565	1001240	Trade_Camp_Food	Camp Food	trade-good	stackable tier-0 trade-good	0	200
3566	1001799	Trade_Camp_Wood	Camp Timber	trade-good	stackable tier-0 trade-good	0	200
3567	1001801	Trade_Camp_Stone	Camp Stone	trade-good	stackable tier-0 trade-good	0	200
3568	1001802	Trade_Camp_Weapon	Camp Weapons	trade-good	stackable tier-0 trade-good	0	500
3569	1001725	Trade_Cheese_PackedInVehicle	Packaged Cheese	dev	dev packaged stackable tier-0 trade-good	0	13
3570	1001736	Trade_Flour_PackedInVehicle	Packaged Flour	dev	dev packaged stackable tier-0 trade-good	0	12
3571	1001737	Trade_Salt_PackedInVehicle	Packaged Salt	dev	dev packaged stackable tier-0 trade-good	0	14
3572	1005091	Trade_RockSalt_PackedInVehicle	Packaged Rock Salt	dev	dev packaged stackable tier-0 trade-good	0	2304
3573	1001718	Trade_Wool_PackedInVehicle	Packaged Wool	dev	dev packaged stackable tier-0 trade-good	0	16
3574	1001733	Trade_Fur_PackedInVehicle	Packaged Pelt	dev	dev packaged stackable tier-0 trade-good	0	19
3575	1001719	Trade_Silk_PackedInVehicle	Packaged Silk	dev	dev packaged stackable tier-0 trade-good	0	35
3576	1005079	Trade_WhiteDeerLeather_PackedInVehicle	Packaged White Deer Hide	dev	dev packaged stackable tier-0 trade-good	0	7200
3577	1000664	Trade_Armor_Wild_Fabric_PackedInVehicle	Packaged Field Cloth Armor	dev	dev packaged stackable tier-0 trade-good	0	19
3578	1000665	Trade_Armor_Wild_Chain_PackedInVehicle	Packaged Field Chain Mail	dev	dev packaged stackable tier-0 trade-good	0	32
3579	1005081	Trade_Horseshoe_PackedInVehicle	Packaged Horseshoe	dev	dev packaged stackable tier-0 trade-good	0	28
3580	1001726	Trade_FishMeat_PackedInVehicle	Packaged Fish Meat	dev	dev packaged stackable tier-0 trade-good	0	17
3581	1005082	Trade_NutritiousJerky_PackedInVehicle	Packaged Nutritious Jerky	dev	dev packaged stackable tier-0 trade-good	0	20
3582	1001734	Trade_Sugar_PackedInVehicle	Packaged Sugar	dev	dev packaged stackable tier-0 trade-good	0	23
3583	1001738	Trade_Pepper_PackedInVehicle	Packaged Black Pepper	dev	dev packaged stackable tier-0 trade-good	0	22
3584	1005076	Trade_SpiritMushroom_PackedInVehicle	Packaged Divine Mushrooms	dev	dev packaged stackable tier-0 trade-good	0	2880
3585	1005078	Trade_GlowingMushroom_PackedInVehicle	Packaged Glowing Mushroom	dev	dev packaged stackable tier-0 trade-good	0	640
3586	1001715	Trade_Ceramics_PackedInVehicle	Packaged Ceramic	dev	dev packaged stackable tier-0 trade-good	0	18
3587	1001716	Trade_Glass_PackedInVehicle	Packaged Glass	dev	dev packaged stackable tier-0 trade-good	0	25
3588	1005085	Trade_FlintSet_PackedInVehicle	Packaged Flint Kit	dev	dev packaged stackable tier-0 trade-good	0	26
3589	1005080	Trade_Spyglass_PackedInVehicle	Packaged Telescope	dev	dev packaged stackable tier-0 trade-good	0	1920
3590	1005084	Trade_Compass_PackedInVehicle	Packaged Compass	dev	dev packaged stackable tier-0 trade-good	0	3840
3591	1005101	Trade_RitualBowl_PackedInVehicle	Packaged Ceremonial Bowl	dev	dev packaged stackable tier-0 trade-good	0	3648
3592	1005095	Trade_ToolSet_PackedInVehicle	Packaged Premium Tool Bundle	dev	dev packaged stackable tier-0 trade-good	0	2112
3593	1005090	Trade_Rosin_PackedInVehicle	Packaged Resin	dev	dev packaged stackable tier-0 trade-good	0	2884
3594	1001727	Trade_Caligraphy_PackedInVehicle	Packaged Calligraphic Paintings	dev	dev packaged stackable tier-0 trade-good	0	20
3595	1001732	Trade_PearlLacquerware_PackedInVehicle	Packaged Nacre Lacquer	dev	dev packaged stackable tier-0 trade-good	0	37
3596	1005097	Trade_ModelShip_PackedInVehicle	Packaged Bottled Ship	dev	dev packaged stackable tier-0 trade-good	0	3360
3597	1001739	Trade_Sulfur_PackedInVehicle	Packaged Brimstone	dev	dev packaged stackable tier-0 trade-good	0	18
3598	1001724	Trade_Gunpowder_PackedInVehicle	Packaged Gunpowder	dev	dev packaged stackable tier-0 trade-good	0	34
3599	1001731	Trade_Gun_PackedInVehicle	Packaged Gun	dev	dev packaged stackable tier-0 trade-good	0	41
3600	1005083	Trade_CannonGunpowder_PackedInVehicle	Packaged Cannon Powder	dev	dev packaged stackable tier-0 trade-good	0	36
3601	1005088	Trade_SulfurCrystal_PackedInVehicle	Packaged Brimstone Crystal	dev	dev packaged stackable tier-0 trade-good	0	4320
3602	1005094	Trade_Coolant_PackedInVehicle	Packaged Coolant	dev	dev packaged stackable tier-0 trade-good	0	2264
3603	1005096	Trade_PremiumOil_PackedInVehicle	Packaged Premium Lubricant	dev	dev packaged stackable tier-0 trade-good	0	2640
3604	1001735	Trade_Honey_PackedInVehicle	Packaged Honey	dev	dev packaged stackable tier-0 trade-good	0	16
3605	1001728	Trade_Ginseng_PackedInVehicle	Packaged Red Ginseng	dev	dev packaged stackable tier-0 trade-good	0	31
3606	1001720	Trade_Wine_PackedInVehicle	Packaged Wine	dev	dev packaged stackable tier-0 trade-good	0	26
3607	1005074	Trade_MillennialSnowGinseng_PackedInVehicle	Packaged Eversnow Root	dev	dev packaged stackable tier-0 trade-good	0	9600
3608	1005075	Trade_RoyalJelly_PackedInVehicle	Packaged Queen Bee Honey Extract	dev	dev packaged stackable tier-0 trade-good	0	4800
3609	1001729	Trade_Sword_PackedInVehicle	Packaged Ceremonial Sword	dev	dev packaged stackable tier-0 trade-good	0	38
3610	1001730	Trade_Armor_PackedInVehicle	Packaged Ceremonial Armor	dev	dev packaged stackable tier-0 trade-good	0	43
3611	1001717	Trade_Carpet_PackedInVehicle	Packaged Carpets	dev	dev packaged stackable tier-0 trade-good	0	40
3612	1005092	Trade_TableClock_PackedInVehicle	Packaged Wind-up Table Clock	dev	dev packaged stackable tier-0 trade-good	0	7680
3613	1005087	Trade_FrostGhostTear_PackedInVehicle	Packaged Frost Ghost's Tear	dev	dev packaged stackable tier-0 trade-good	0	8160
3614	1001723	Trade_Jade_PackedInVehicle	Packaged Jade	dev	dev packaged stackable tier-0 trade-good	0	46
3615	1001722	Trade_Ivory_PackedInVehicle	Packaged Ivory	dev	dev packaged stackable tier-0 trade-good	0	48
3616	1005093	Trade_Pearl_PackedInVehicle	Packaged Pearl	dev	dev packaged stackable tier-0 trade-good	0	2400
3617	1005099	Trade_ScorpionAmber_PackedInVehicle	Packaged Scorpion in Amber	dev	dev packaged stackable tier-0 trade-good	0	4704
3618	1005086	Trade_Glacialstone_PackedInVehicle	Packaged Freezing Stone	dev	dev packaged stackable tier-0 trade-good	0	5760
3619	1005089	Trade_LightningWood_PackedInVehicle	Packaged Lightning-Struck Jujube Tree	dev	dev packaged stackable tier-0 trade-good	0	6720
3620	1005077	Trade_Scripture_PackedInVehicle	Packaged Code of Solumen	dev	dev packaged stackable tier-0 trade-good	0	8640
3621	1001721	Trade_Tobacco_PackedInVehicle	Packaged Tobacco	dev	dev packaged stackable tier-0 trade-good	0	29
3622	1005098	Trade_OpuntiaChocolate_PackedInVehicle	Packaged Prickly Pear Chocolate	dev	dev packaged stackable tier-0 trade-good	0	2150
3623	1005100	Trade_OasisWater_PackedInVehicle	Packaged Varnian Water	dev	dev packaged stackable tier-0 trade-good	0	4608
3624	1002262	Trade_Food_PackedInVehicle	Packaged Provisions	dev	dev packaged stackable tier-0 trade-good	0	400
3625	1002263	Trade_Wood_PackedInVehicle	Packaged Timber	dev	dev packaged stackable tier-0 trade-good	0	800
3626	1002264	Trade_Stone_PackedInVehicle	Packaged Stone	dev	dev packaged stackable tier-0 trade-good	0	800
3627	1002265	Trade_Weapon_PackedInVehicle	Packaged Arms	dev	dev packaged stackable tier-0 trade-good	0	2000
3628	1000062	Decoy_Human_I	Fake Silver Pouch	bait	bait stackable tier-0	0	30
3629	1001916	Trap_Summon_Decoy_Ball_I	Decoy Summon Ball	bait	bait stackable tier-0	0	30
3630	803024	TreasureMap_Elcard_I	Ercaid's Treasure Map Piece 1	treasure-map	document tier-0 treasure-map wild	0	27
3631	803025	TreasureMap_Elcard_II	Ercaid's Treasure Map Piece 2	treasure-map	document tier-0 treasure-map wild	0	27
3632	803026	TreasureMap_Elcard_III	Ercaid's Treasure Map Piece 3	treasure-map	document tier-0 treasure-map wild	0	27
3633	803032	TreasureMap_Summer_II	Farmer's Treasure Map Piece 2	treasure-map	document tier-0 treasure-map wild	0	27
3634	803033	TreasureMap_Summer_III	Farmer's Treasure Map Piece 3	treasure-map	document tier-0 treasure-map wild	0	27
3635	803034	TreasureMap_Summer_IV	Farmer's Treasure Map Piece 4	treasure-map	document tier-0 treasure-map wild	0	27
3636	1002144	Hidden_TreasureMap_I	Hidden Treasure Map Piece 1	treasure-map	document tier-0 treasure-map wild	0	27
3637	1002171	Hidden_TreasureMap_II	Hidden Treasure Map Piece 2	treasure-map	document tier-0 treasure-map wild	0	27
3638	1002205	Hidden_TreasureMap_III	Hidden Treasure Map Piece 3	treasure-map	document tier-0 treasure-map wild	0	27
3639	1002206	Hidden_TreasureMap_IV	Hidden Treasure Map Piece 4	treasure-map	document tier-0 treasure-map wild	0	27
3640	1002207	Hidden_TreasureMap_V	Hidden Treasure Map Piece 5	treasure-map	document tier-0 treasure-map wild	0	27
3641	1002208	Hidden_TreasureMap_VI	Hidden Treasure Map Piece 6	treasure-map	document tier-0 treasure-map wild	0	27
3642	1002209	Hidden_TreasureMap_VII	Hidden Treasure Map Piece 7	treasure-map	document tier-0 treasure-map wild	0	27
3643	1002210	Hidden_TreasureMap_VIII	Hidden Treasure Map Piece 8	treasure-map	document tier-0 treasure-map wild	0	27
3644	1002211	Hidden_TreasureMap_IX	Hidden Treasure Map Piece 9	treasure-map	document tier-0 treasure-map wild	0	27
3645	1002212	Hidden_TreasureMap_X	Hidden Treasure Map Piece 10	treasure-map	document tier-0 treasure-map wild	0	27
3646	1002213	Hidden_TreasureMap_XI	Hidden Treasure Map Piece 11	treasure-map	document tier-0 treasure-map wild	0	27
3647	1002395	Hidden_TreasureMap_XII	Hidden Treasure Map Piece 12	treasure-map	document tier-0 treasure-map wild	0	27
3648	1002079	TreasureMap_Dead_Pirate_King_Treasure	Dead Pirate King's Treasure Map	treasure-map	document quest tier-0 treasure-map wild	0	27
3649	803011	TreasureMap_Famous_Thief_I	Notorious Thief's Map Piece 1	treasure-map	document quest tier-0 treasure-map wild	0	27
3650	803012	TreasureMap_Famous_Thief_II	Notorious Thief's Map Piece 2	treasure-map	document quest tier-0 treasure-map wild	0	27
3651	803013	TreasureMap_Famous_Thief_III	Notorious Thief's Map Piece 3	treasure-map	document quest tier-0 treasure-map wild	0	27
3652	803021	TreasureMap_Legendary_Armor_I	Legendary Armor Map Piece 1	treasure-map	document quest tier-0 treasure-map wild	0	27
3653	803022	TreasureMap_Legendary_Armor_II	Legendary Armor Map Piece 2	treasure-map	document quest tier-0 treasure-map wild	0	27
3654	803023	TreasureMap_Legendary_Armor_III	Legendary Armor Map Piece 3	treasure-map	document quest tier-0 treasure-map wild	0	27
3655	803031	TreasureMap_Summer_I	Farmer's Treasure Map Piece 1	treasure-map	document quest tier-0 treasure-map wild	0	27
3656	803041	TreasureMap_Mysterious_Totem_I	Mysterious Totem Treasure Map Piece 1	treasure-map	document quest tier-0 treasure-map wild	0	27
3657	1001100	Tarif_Necklace	Tarivian Necklace	necklace	accessory docking equipment extractable important necklace tier-4	4	8200
3658	1001101	Ludvic_Necklace	Crossroads Necklace	necklace	accessory docking equipment extractable important necklace tier-4	4	8000
3659	1001182	WeatherWeaver_Necklace	Rainstorm Necklace	necklace	accessory docking equipment extractable important necklace tier-4	4	6900
3660	1000972	Optionary_Monk_Necklace	Saint's Necklace	necklace	accessory docking equipment extractable important necklace tier-3	3	2500
3661	1002253	WeatherWeaver_Sunny_Necklace	Radiant Necklace	necklace	accessory docking equipment extractable important necklace tier-3	3	2730
3662	8509	Folorin_Earring	Flower Petal Earring	earring	accessory docking earring equipment extractable important tier-4	4	4990
3663	8502	Legendary_Titan_Ring	Ring of Lightning	ring	accessory docking equipment extractable important ring tier-4	4	7700
3664	8501	AbyssReward_WhiteHorn_Ring	White Horn's Ring	ring	accessory equipment extractable important ring tier-5	5	2500
3665	8506	AbyssReward_EastWitch_Ring	Witch's Ring	ring	accessory equipment extractable important ring tier-5	5	2500
3666	391518541	Antumbra_King_Ring	Seal of Pitch-Black Darkness	ring	accessory equipment extractable important ring tier-5	5	2500
3667	1003220	Tiger_Tooth_Ring	Tigerfang Ring	ring	accessory equipment extractable important ring tier-5	5	2500
3668	391518536	Antumbra_DarkDeacon_Ring	Mark of Darkness	ring	accessory equipment extractable important ring tier-4	4	1750
3669	391518545	Ancient_People_Ring	Ancient Ring	ring	accessory equipment extractable important ring tier-4	4	1750
3670	620011	Detail_Gold_Ring	Finely Crafted Gold Ring	ring	accessory equipment extractable ring tier-3	3	1000
3671	620010	Red_Ring	Rough Bluestone Ring	ring	accessory equipment extractable ring tier-3	3	1000
3672	620002	Pattern_Silver_Ring	Ancient Shell Ring	ring	accessory equipment extractable ring tier-2	2	500
3673	795053	Faded_Ring	Tarnished Ring	ring	accessory equipment extractable ring tier-2	2	500
3674	795052	Old_Ring	Worn Ring	ring	accessory equipment extractable ring tier-1	1	250
3675	620004	Pattern_Copper_Ring	Crude Blue Ring	ring	accessory equipment extractable ring tier-1	1	250
3676	8505	Legendary_Ogre_Ring	Ogre's Ring	necklace	accessory equipment extractable important necklace tier-5	5	2500
3677	391518523	Titan_Necklace	Necklace of Lightning	necklace	accessory equipment extractable important necklace tier-5	5	2500
3678	391518537	Antumbra_DarkDeacon_Necklace	Relic of Darkness	necklace	accessory equipment extractable important necklace tier-5	5	2500
3679	1001875	Umbra_Necklace	Eternal Darkness	necklace	accessory equipment extractable important necklace tier-5	5	2500
3680	1003221	White_Lion_Necklace	White Lion Necklace	necklace	accessory equipment extractable important necklace tier-5	5	2500
3681	391518539	Karanda_Necklace	Karanda's Necklace	necklace	accessory equipment extractable important necklace tier-4	4	1750
3682	391518546	Ancient_People_Necklace	Ancient's Necklace	necklace	accessory equipment extractable important necklace tier-4	4	1750
3683	8801	Crafting_Blizzard_Necklace	Blizzard Crystal Necklace	necklace	accessory equipment extractable necklace tier-4	4	1750
3684	610015	Stardust_Necklace	Stardust Necklace	necklace	accessory equipment extractable necklace tier-4	4	1750
3685	610014	Detail_Gold_Necklace	Finely Crafted Gold Necklace	necklace	accessory equipment extractable necklace tier-3	3	1000
3686	1001097	Abyss_Surreal_Wolf_Necklace	Surreal Necklace	necklace	accessory equipment extractable necklace tier-3	3	1000
3687	1000549	Dwarf_Necklace	Dwarf Necklace	necklace	accessory equipment extractable necklace tier-3	3	1000
3688	1001104	Redsentinel_Necklace	Crimson Warden's Necklace	necklace	accessory equipment extractable necklace tier-3	3	1000
3689	610002	Pattern_Silver_Necklace	Engraved Silver Necklace	necklace	accessory equipment extractable necklace tier-2	2	500
3690	795042	Faded_Necklace	Tarnished Necklace	necklace	accessory equipment extractable necklace tier-2	2	500
3691	1001099	Varantine_Necklace	Varantin Necklace	necklace	accessory equipment extractable necklace tier-2	2	500
3692	1001103	Hailbrin_Necklace	Helfryn Necklace	necklace	accessory equipment extractable necklace tier-2	2	500
3693	610004	Pattern_Copper_Necklace	Engraved Copper Necklace	necklace	accessory equipment extractable necklace tier-1	1	250
3694	795041	Old_Necklace	Worn Necklace	necklace	accessory equipment extractable necklace tier-1	1	250
3695	1001816	Greyfur_Necklace	Greymane Necklace	necklace	accessory equipment extractable necklace tier-1	1	250
3696	1002133	Pailune_Necklace	Blue Fang Necklace	necklace	accessory equipment extractable necklace tier-1	1	250
3697	8504	Legendary_HexeMarie_Earring	Earring of Dark Magic	earring	accessory docking earring equipment extractable important tier-5	5	2500
3698	391518540	Hexe_Earring	Witch's Earring	earring	accessory earring equipment extractable important tier-5	5	2500
3699	391518521	WhiteHorn_Earring	White Horn's Earring	earring	accessory earring equipment extractable important tier-5	5	2500
3700	1002291	Demian_Earring_I	Light of the Battlefield Earring	earring	accessory earring equipment extractable tier-5	5	2500
3701	1003222	Black_Lion_Earring	Black Lion Earring	earring	accessory earring equipment extractable important tier-5	5	2500
3702	600005	Pattern_Diamond_Earring	Golden Deer's Tear	earring	accessory earring equipment extractable tier-4	4	1750
3703	1000478	Kliff_Earring	Greymane's Earring	earring	accessory earring equipment extractable important tier-4	4	1750
3704	1003698	Demeniss_Earring	Demeniss Earring	earring	accessory earring equipment extractable important tier-4	4	1750
3705	391518544	Ancient_People_Earring	Ancient Earring	earring	accessory earring equipment extractable important tier-4	4	1750
3706	391518535	Antumbra_DarkDeacon_Earring	Oath of Darkness	earring	accessory earring equipment extractable important tier-3	3	1000
3707	600003	Pattern_Gold_Earring	Engraved Gold Earring	earring	accessory earring equipment extractable tier-3	3	1000
3708	1001936	Earring_Tier3_I	Green Coral Reef Earring	earring	accessory earring equipment extractable tier-3	3	1000
3709	600002	Pattern_Silver_Earring	Engraved Silver Earring	earring	accessory earring equipment extractable tier-2	2	500
3710	1000412	Earring_Tier2_I	Tarnished Earring	earring	accessory earring equipment extractable tier-2	2	500
3711	600001	Pattern_Bronze_Earring	Engraved Copper Earring	earring	accessory earring equipment extractable tier-1	1	250
3712	1000484	Earring_Tier1_I	Worn Earring	earring	accessory earring equipment extractable tier-1	1	250
3713	1000479	Kliff_Glasses	Master Du's Circlet	eyewear	accessory docking equipment eyewear no-sell quest tier-5	5	1
3714	1004113	Crowman_Fabric_Helm	Crow Cloth Blindfold	eyewear	accessory equipment eyewear important knowledge no-sell quest tier-5	5	1
3715	1000806	Kliff_Mask	Mask	mask	accessory equipment mask tier-1	1	5
3716	2112018	Luksa_ChainMail_Armor	Leuksah Chain Mail	damaged-gear	armor body-armor damaged-gear goods tier-3	3	1800
3717	2111015	Baratan_ChainMail_Armor	Baratan Chain Mail	damaged-gear	armor body-armor damaged-gear goods tier-3	3	1800
3718	113034	Traley_ChainMail_Armor	Traley Chain Mail	damaged-gear	armor body-armor damaged-gear goods tier-3	3	1800
3719	111200	Labonion_ChainMail_Armor	Lavgnion Chain Mail	damaged-gear	armor body-armor damaged-gear goods tier-3	3	1800
3720	1000208	Wells_Brigade_Rebel_ChainMail_Armor_I	Turncoat Chain Mail	damaged-gear	armor body-armor damaged-gear goods tier-3	3	1800
3721	111201	Lucion_ChainMail_Armor	Lucion Chain Mail	damaged-gear	armor body-armor damaged-gear goods tier-3	3	1800
3722	112065	Kalrari_ChainMail_Armor	Kallari Chain Mail	damaged-gear	armor body-armor damaged-gear goods tier-3	3	1800
3723	112066	Tormand_ChainMail_Armor	Tormand Chain Mail	damaged-gear	armor body-armor damaged-gear goods tier-3	3	1800
3724	112073	Luknaon_ChainMail_Armor	Lucnaon Chain Mail	damaged-gear	armor body-armor damaged-gear goods tier-3	3	1800
3725	1000209	Wells_Brigade_Rebel_ChainMail_Armor_II	Turncoat Chain Mail	damaged-gear	armor body-armor damaged-gear goods tier-3	3	1800
3726	112075	Luknian_ChainMail_Armor	Lucnian Chain Mail	damaged-gear	armor body-armor damaged-gear goods tier-3	3	1800
3727	112077	Dunion_ChainMail_Armor	Dunion Chain Mail	damaged-gear	armor body-armor damaged-gear goods tier-3	3	1800
3728	113643	Senian_ChainMail_Armor	Senian Chain Mail	damaged-gear	armor body-armor damaged-gear goods tier-3	3	1800
3729	2112028	Cantina_ChainMail_Armor	Cantina Chain Mail	damaged-gear	armor body-armor damaged-gear goods tier-3	3	1800
3730	2076353107	Katunan_ChainMail_Armor_I	Katunan Chain Mail	damaged-gear	armor body-armor damaged-gear goods tier-3	3	1800
3731	2133054	Marni_ChainMail_Boots	Marni's Chain Boots	damaged-gear	armor boots damaged-gear goods tier-3	3	540
3732	2133142	Barnia_ChainMail_Boots	Varnian Chain Boots	damaged-gear	armor boots damaged-gear goods tier-3	3	540
3733	2133053	Marni_ChainMail_Gloves	Marni's Chain Gloves	damaged-gear	armor damaged-gear gloves goods tier-3	3	630
3734	122006	Beastman_ChainMail_Gloves	Beastman Chain Gloves	damaged-gear	armor damaged-gear gloves goods tier-3	3	630
3735	123019	Godhehart_ChainMail_Gloves	Goldheart Chain Gloves	damaged-gear	armor damaged-gear gloves goods tier-3	3	630
3736	102002	Nahu_ChainMail_Helm	Nahu Chain Coif	damaged-gear	armor damaged-gear goods helm tier-3	3	810
3737	102003	Cadwallon_ChainMail_Helm	Kadallon Chain Coif	damaged-gear	armor damaged-gear goods helm tier-3	3	810
3738	111186	Limerick_ChainMail_Armor	Lemerick Chain Mail	damaged-gear	armor body-armor damaged-gear goods tier-2	2	450
3739	1004365	Limerick_ChainMail_Armor_II	Flame Knight Vice Captain's Chain Mail	damaged-gear	armor body-armor damaged-gear goods tier-2	2	450
3740	2113200	Trier_ChainMail_Armor	Trier Chain Mail	damaged-gear	armor body-armor damaged-gear goods tier-2	2	450
3741	111190	Galbon_ChainMail_Armor	Galbon Chain Mail	damaged-gear	armor body-armor damaged-gear goods tier-2	2	450
3742	112034	Lodi_ChainMail_Armor	Lodi Chain Mail	damaged-gear	armor body-armor damaged-gear goods tier-2	2	450
3743	112035	Drivon_ChainMail_Armor	Drivon Chain Mail	damaged-gear	armor body-armor damaged-gear goods tier-2	2	450
3744	112042	Redin_ChainMail_Armor	Reddin Chain Mail	damaged-gear	armor body-armor damaged-gear goods tier-2	2	450
3745	112067	Hasets_ChainMail_Armor	Hasets Chain Mail	damaged-gear	armor body-armor damaged-gear goods tier-2	2	450
3746	112068	Kililli_ChainMail_Armor	Killi Chain Mail	damaged-gear	armor body-armor damaged-gear goods tier-2	2	450
3747	113641	Durion_ChainMail_Armor	Durain Chain Mail	damaged-gear	armor body-armor damaged-gear goods tier-2	2	450
3748	113642	Latrion_ChainMail_Armor	Latrion Chain Mail	damaged-gear	armor body-armor damaged-gear goods tier-2	2	450
3749	2111020	Ketlan_ChainMail_Armor	Ketlan Chain Mail	damaged-gear	armor body-armor damaged-gear goods tier-2	2	450
3750	2111021	Antuka_ChainMail_Armor	Antuka Chain Mail	damaged-gear	armor body-armor damaged-gear goods tier-2	2	450
3751	2111022	Amantia_ChainMail_Armor	Amantia Chain Mail	damaged-gear	armor body-armor damaged-gear goods tier-2	2	450
3752	2111023	Amanas_ChainMail_Armor	Amanas Chain Mail	damaged-gear	armor body-armor damaged-gear goods tier-2	2	450
3753	2111060	Riverdine_ChainMail_Armor	Riverdine Chain Mail	damaged-gear	armor body-armor damaged-gear goods tier-2	2	450
3754	2111117	Kark_ChainMail_Armor	Kark Chain Mail	damaged-gear	armor body-armor damaged-gear goods tier-2	2	450
3755	2114072	Dutinaan_ChainMail_Armor	Dutinan Chain Mail	damaged-gear	armor body-armor damaged-gear goods tier-2	2	450
3756	2133064	Dutian_ChainMail_Armor	Dutian Chain Mail	damaged-gear	armor body-armor damaged-gear goods tier-2	2	450
3757	2133074	Mocian_ChainMail_Armor	Moshane Chain Mail	damaged-gear	armor body-armor damaged-gear goods tier-2	2	450
3758	2133083	Darren_ChainMail_Armor	Darren Chain Mail	damaged-gear	armor body-armor damaged-gear goods tier-2	2	450
3759	113688	Archria_ChainMail_Armor	Acria Chain Mail	damaged-gear	armor body-armor damaged-gear goods tier-2	2	450
3760	2114048	Kauria_ChainMail_Armor	Kauria Chain Mail	damaged-gear	armor body-armor damaged-gear goods tier-2	2	450
3761	111105	Andre_ChainMail_Armor	Andre Chain Mail	damaged-gear	armor body-armor damaged-gear goods tier-1	1	225
3762	111111	Ernst_ChainMail_Armor	Ernst Chain Mail	damaged-gear	armor body-armor damaged-gear goods tier-1	1	225
3763	112069	Valliron_ChainMail_Armor	Valton Chain Mail	damaged-gear	armor body-armor damaged-gear goods tier-1	1	225
3764	112080	Dragon_Knight_ChainMail_Armor	Dragon Knight Chain Mail	damaged-gear	armor body-armor damaged-gear goods tier-1	1	225
3765	114523	Leeksha_ChainMail_Armor	Riksha Chain Mail	damaged-gear	armor body-armor damaged-gear goods tier-1	1	225
3766	2111085	Blady_ChainMail_Armor	Blandry Chain Mail	damaged-gear	armor body-armor damaged-gear goods tier-1	1	225
3767	2111086	Oltmann_ChainMail_Armor	Oltmann Chain Mail	damaged-gear	armor body-armor damaged-gear goods tier-1	1	225
3768	2111087	Tarman_ChainMail_Armor	Tarman Chain Mail	damaged-gear	armor body-armor damaged-gear goods tier-1	1	225
3769	2112027	Aslan_ChainMail_Armor	Aslan Chain Mail	damaged-gear	armor body-armor damaged-gear goods tier-1	1	225
3770	2133078	Danda_ChainMail_Armor	Danda Chain Mail	damaged-gear	armor body-armor damaged-gear goods tier-1	1	225
3771	114604	Sphezajon_Fabric_Armor	Spetsahorn Cloth Armor	damaged-gear	armor body-armor cloth damaged-gear goods tier-3	3	1400
3772	111148	Avignon_Fabric_Armor	Avignon Cloth Armor	damaged-gear	armor body-armor cloth damaged-gear goods tier-3	3	1400
3773	114298	Cocotar_Fabric_Armor	Cocotar Cloth Armor	damaged-gear	armor body-armor cloth damaged-gear goods tier-3	3	1400
3774	114299	Tryah_Fabric_Armor	Tryah Cloth Armor	damaged-gear	armor body-armor cloth damaged-gear goods tier-3	3	1400
3775	114301	Pypho_Fabric_Armor	Paifo Cloth Armor	damaged-gear	armor body-armor cloth damaged-gear goods tier-3	3	1400
3776	114438	Casa_Fabric_Armor	Kassa Cloth Armor	damaged-gear	armor body-armor cloth damaged-gear goods tier-3	3	1400
3777	114439	Ahns_Fabric_Armor	Annis Cloth Armor	damaged-gear	armor body-armor cloth damaged-gear goods tier-3	3	1400
3778	114443	Marcree_Fabric_Armor	Makri Cloth Armor	damaged-gear	armor body-armor cloth damaged-gear goods tier-3	3	1400
3779	114458	Tyran_Fabric_Armor	Tyran Cloth Armor	damaged-gear	armor body-armor cloth damaged-gear goods tier-3	3	1400
3780	114459	Tirone_Fabric_Armor	Tiron Cloth Armor	damaged-gear	armor body-armor cloth damaged-gear goods tier-3	3	1400
3781	114471	Tarchana_Fabric_Armor	Takana Cloth Armor	damaged-gear	armor body-armor cloth damaged-gear goods tier-3	3	1400
3782	2111106	Marctah_Fabric_Armor	Magta Cloth Armor	damaged-gear	armor body-armor cloth damaged-gear goods tier-3	3	1400
3783	114465	Ecyrune_Fabric_Armor	Eshrun Cloth Armor	damaged-gear	armor body-armor cloth damaged-gear goods tier-3	3	1400
3784	114437	Racky_Fabric_Armor	Lackey Cloth Armor	damaged-gear	armor body-armor cloth damaged-gear goods tier-3	3	1400
3785	114442	Machrah_Fabric_Armor	Marka Cloth Armor	damaged-gear	armor body-armor cloth damaged-gear goods tier-3	3	1400
3786	114464	Nysron_Fabric_Armor	Neslan Cloth Armor	damaged-gear	armor body-armor cloth damaged-gear goods tier-3	3	1400
3787	114361	Ouvre_Fabric_Armor	Oubreve Cloth Armor	damaged-gear	armor body-armor cloth damaged-gear goods tier-3	3	1400
3788	114430	Radley_Fabric_Armor	Radley Cloth Armor	damaged-gear	armor body-armor cloth damaged-gear goods tier-3	3	1400
3789	114478	Laviren_Fabric_Armor	Ravirun Cloth Armor	damaged-gear	armor body-armor cloth damaged-gear goods tier-3	3	1400
3790	113035	Dark_King_Fabric_Armor	Antumbra Cloth Armor	damaged-gear	armor body-armor cloth damaged-gear goods tier-3	3	1400
3791	114428	Toitte_Fabric_Armor	Totte Cloth Armor	damaged-gear	armor body-armor cloth damaged-gear goods tier-3	3	1400
3792	114462	Tinian_Fabric_Armor	Tynion Cloth Armor	damaged-gear	armor body-armor cloth damaged-gear goods tier-3	3	1400
3793	111109	Sven_Fabric_Armor	Sven's Cloth Armor	damaged-gear	armor body-armor cloth damaged-gear goods tier-3	3	1400
3794	111110	Jacob_Fabric_Armor	Yakkov Cloth Armor	damaged-gear	armor body-armor cloth damaged-gear goods tier-3	3	1400
3795	111150	Arghai_Fabric_Armor	Arghai Cloth Armor	damaged-gear	armor body-armor cloth damaged-gear goods tier-3	3	1400
3796	113468	Pantafe_Fabric_Armor	Pantafe Cloth Armor	damaged-gear	armor body-armor cloth damaged-gear goods tier-3	3	1400
3797	113469	Echebern_Fabric_Armor	Echebern Cloth Armor	damaged-gear	armor body-armor cloth damaged-gear goods tier-3	3	1400
3798	113479	Pyrantha_Fabric_Armor	Pyrantha Cloth Armor	damaged-gear	armor body-armor cloth damaged-gear goods tier-3	3	1400
3799	113480	Toireth_Fabric_Armor	Torress Cloth Armor	damaged-gear	armor body-armor cloth damaged-gear goods tier-3	3	1400
3800	113481	Arandhal_Fabric_Armor	Arandhal Cloth Armor	damaged-gear	armor body-armor cloth damaged-gear goods tier-3	3	1400
3801	113483	Toudon_Fabric_Armor	Toudon Cloth Armor	damaged-gear	armor body-armor cloth damaged-gear goods tier-3	3	1400
3802	113503	Conally_Fabric_Armor	Conally Cloth Armor	damaged-gear	armor body-armor cloth damaged-gear goods tier-3	3	1400
3803	114342	Beoratte_Fabric_Armor	Beralt Cloth Armor	damaged-gear	armor body-armor cloth damaged-gear goods tier-3	3	1400
3804	114343	Monterima_Fabric_Armor	Monterima Cloth Armor	damaged-gear	armor body-armor cloth damaged-gear goods tier-3	3	1400
3805	114344	Dior_Fabric_Armor	Deorre Cloth Armor	damaged-gear	armor body-armor cloth damaged-gear goods tier-3	3	1400
3806	114347	Faience_Fabric_Armor	Faians Cloth Armor	damaged-gear	armor body-armor cloth damaged-gear goods tier-3	3	1400
3807	114350	Konkhar_Fabric_Armor	Concarr Cloth Armor	damaged-gear	armor body-armor cloth damaged-gear goods tier-3	3	1400
3808	114353	Lueh_Fabric_Armor	Luwea Cloth Armor	damaged-gear	armor body-armor cloth damaged-gear goods tier-3	3	1400
3809	114341	Alsace_Fabric_Armor	Alsace Cloth Armor	damaged-gear	armor body-armor cloth damaged-gear goods tier-3	3	1400
3810	114431	Lucion_Fabric_Armor	Lucion Cloth Armor	damaged-gear	armor body-armor cloth damaged-gear goods tier-3	3	1400
3811	114432	Senian_Fabric_Armor	Senian Cloth Armor	damaged-gear	armor body-armor cloth damaged-gear goods tier-3	3	1400
3812	1000204	Wells_Brigade_Rebel_Fabric_Armor_II	Turncoat Light Cloth Armor	damaged-gear	armor body-armor cloth damaged-gear goods tier-3	3	1400
3813	114463	Tanion_Fabric_Armor	Tanion Cloth Armor	damaged-gear	armor body-armor cloth damaged-gear goods tier-3	3	1400
3814	114476	Ladran_Fabric_Armor	Ladran Cloth Armor	damaged-gear	armor body-armor cloth damaged-gear goods tier-3	3	1400
3815	114477	Nusiran_Fabric_Armor	Nuslan Cloth Armor	damaged-gear	armor body-armor cloth damaged-gear goods tier-3	3	1400
3816	2111064	Alpein_Fabric_Armor	Alphen Cloth Armor	damaged-gear	armor body-armor cloth damaged-gear goods tier-3	3	1400
3817	2111066	Balderinne_Fabric_Armor	Baldrin Cloth Armor	damaged-gear	armor body-armor cloth damaged-gear goods tier-3	3	1400
3818	2113233	Devarn_Fabric_Armor	Dvalin Cloth Armor	damaged-gear	armor body-armor cloth damaged-gear goods tier-3	3	1400
3819	2114007	Lautar_Fabric_Armor	Lauta Cloth Armor	damaged-gear	armor body-armor cloth damaged-gear goods tier-3	3	1400
3820	2114008	Martindue_Fabric_Armor	Marindo Cloth Armor	damaged-gear	armor body-armor cloth damaged-gear goods tier-3	3	1400
3821	2114009	Karnitta_Fabric_Armor	Killua Cloth Armor	damaged-gear	armor body-armor cloth damaged-gear goods tier-3	3	1400
3822	2114034	Tanturhee_Fabric_Armor	Tanturi Cloth Armor	damaged-gear	armor body-armor cloth damaged-gear goods tier-3	3	1400
3823	2114036	Vanti_Fabric_Armor	Bantree Cloth Armor	damaged-gear	armor body-armor cloth damaged-gear goods tier-3	3	1400
3824	2114058	Hewlette_Fabric_Armor	Hewlette Cloth Armor	damaged-gear	armor body-armor cloth damaged-gear goods tier-3	3	1400
3825	2114059	Pioneer_Fabric_Armor	Pioneer Cloth Armor	damaged-gear	armor body-armor cloth damaged-gear goods tier-3	3	1400
3826	2114083	Ktian_Fabric_Armor	Ketian Cloth Armor	damaged-gear	armor body-armor cloth damaged-gear goods tier-3	3	1400
3827	2114093	Marqueeluon_Fabric_Armor	Maquealon Cloth Armor	damaged-gear	armor body-armor cloth damaged-gear goods tier-3	3	1400
3828	2133052	Marni_Fabric_Armor	Marni's Cloth Armor	damaged-gear	armor body-armor cloth damaged-gear goods tier-3	3	1400
3829	114503	Baratum_Fabric_Armor	Baratum Cloth Armor	damaged-gear	armor body-armor cloth damaged-gear goods tier-3	3	1400
3830	114504	Baritum_Fabric_Armor	Baritum Cloth Armor	damaged-gear	armor body-armor cloth damaged-gear goods tier-3	3	1400
3831	114507	Baraccuro_Fabric_Armor	Baraccuro Cloth Armor	damaged-gear	armor body-armor cloth damaged-gear goods tier-3	3	1400
3832	114460	Tyrune_Fabric_Armor	Tyrune Cloth Armor	damaged-gear	armor body-armor cloth damaged-gear goods tier-3	3	1400
3833	114468	Deshret_Fabric_Armor	Deshret Cloth Armor	damaged-gear	armor body-armor cloth damaged-gear goods tier-3	3	1400
3834	1000867	Soldier_General_Fabric_Cloak	Hernandian Guard Captain's Cloth Cloak	damaged-gear	armor cloak cloth damaged-gear goods tier-3	3	350
3835	1000896	Delesian_Soldier_General_Fabric_Cloak	Delesyian Guard Captain's Cloth Cloak	damaged-gear	armor cloak cloth damaged-gear goods tier-3	3	350
3836	1000902	Barnia_Soldier_General_Fabric_Armor	Varnian Guard Captain's Cloth Armor	damaged-gear	armor body-armor cloth damaged-gear goods tier-3	3	1400
3837	1000903	Barnia_Soldier_General_Fabric_Cloak	Varnian Guard Captain's Cloth Cloak	damaged-gear	armor cloak cloth damaged-gear goods tier-3	3	350
3838	1000735	Bleed_Bandits_Fabric_Cloak_II	Bleed Officer's Cloth Cloak	damaged-gear	armor cloak cloth damaged-gear goods tier-3	3	350
3839	1002127	Tarif_Fabric_Cloak_I	Bleed Officer's Cloth Cloak	damaged-gear	armor cloak cloth damaged-gear goods tier-3	3	350
3840	1004839	Duskmoon_Fabric_Cloak	Duskmoon Cloth Cloak	damaged-gear	armor cloak cloth damaged-gear goods tier-3	3	350
3841	113478	Taorant_Fabric_Armor	Militia Cloth Armor	damaged-gear	armor body-armor cloth damaged-gear goods tier-3	3	1400
3842	1000385	Morgren_Fabric_Armor	Morgren Cloth Armor	damaged-gear	armor body-armor cloth damaged-gear goods tier-3	3	1400
3843	1003693	Spiken_Fabric_Armor	Spiken Cloth Armor	damaged-gear	armor body-armor cloth damaged-gear goods tier-3	3	1400
3844	1000821	Hernand_William_Middler_Fabric_Armor	Williem Middler Cloth Armor	damaged-gear	armor body-armor cloth damaged-gear goods tier-3	3	1400
3845	124033	Tirone_Fabric_Gloves	Tiron Cloth Gloves	damaged-gear	armor cloth damaged-gear gloves goods tier-3	3	490
3846	121015	Grace_Fabric_Gloves	Runae Cloth Gloves	damaged-gear	armor cloth damaged-gear gloves goods tier-3	3	490
3847	121061	Reklenne_Fabric_Gloves	Recklin Cloth Gloves	damaged-gear	armor cloth damaged-gear gloves goods tier-3	3	490
3848	123164	Astti_Fabric_Gloves	Asty Cloth Gloves	damaged-gear	armor cloth damaged-gear gloves goods tier-3	3	490
3849	2104030	Laplian_Fabric_Helm	Laplian Cloth Cap	damaged-gear	armor cloth damaged-gear goods helm tier-3	3	630
3850	104053	Calpris_Fabric_Helm	Calprise Cloth Cap	damaged-gear	armor cloth damaged-gear goods helm tier-3	3	630
3851	104093	Torben_Fabric_Helm	Torben Cloth Cap	damaged-gear	armor cloth damaged-gear goods helm tier-3	3	630
3852	104096	Ulman_Fabric_Helm	Ulman Cloth Cap	damaged-gear	armor cloth damaged-gear goods helm tier-3	3	630
3853	104107	Muchia_Fabric_Helm	Muchia Cloth Cap	damaged-gear	armor cloth damaged-gear goods helm tier-3	3	630
3854	104122	Dukris_Fabric_Helm	Ducriss Conical Cap	damaged-gear	armor cloth damaged-gear goods helm tier-3	3	630
3855	104130	Larsiras_Fabric_Helm	Lashiras Cowl	damaged-gear	armor cloth damaged-gear goods helm tier-3	3	630
3856	104137	Larkritt_Fabric_Helm	Larkett Cloth Cap	damaged-gear	armor cloth damaged-gear goods helm tier-3	3	630
3857	104144	Rhytrian_Fabric_Helm	Rhytrian Cloth Cap	damaged-gear	armor cloth damaged-gear goods helm tier-3	3	630
3858	2104029	Skian_Fabric_Helm	Skian Cloth Cap	damaged-gear	armor cloth damaged-gear goods helm tier-3	3	630
3859	2104041	Dreenah_Fabric_Helm	Drina Cloth Cap	damaged-gear	armor cloth damaged-gear goods helm tier-3	3	630
3860	1002107	Reeddevil_Troll_Fabric_Helm	Reed Devil Minion Troll's Cloth Helm	damaged-gear	armor cloth damaged-gear goods helm tier-3	3	630
3861	1001001	Laviren_Fabric_Helm	Ravirun Cloth Cap	damaged-gear	armor cloth damaged-gear goods helm tier-2	2	630
3862	113673	Radian_Fabric_Armor	Radian Cloth Armor	damaged-gear	armor body-armor cloth damaged-gear goods tier-2	2	350
3863	114561	Ruischule_Fabric_Armor	Ruschelle Cloth Armor	damaged-gear	armor body-armor cloth damaged-gear goods tier-2	2	350
3864	114588	Neblin_Fabric_Armor	Neblin Cloth Armor	damaged-gear	armor body-armor cloth damaged-gear goods tier-2	2	350
3865	1000333	Deshret_Soldier_Fabric_Armor	Deshret Cloth Armor	damaged-gear	armor body-armor cloth damaged-gear goods tier-2	2	350
3866	114328	Izumit_Fabric_Armor	Izumit Cloth Armor	damaged-gear	armor body-armor cloth damaged-gear goods tier-2	2	350
3867	2114108	Syritina_Fabric_Armor	Sirenta Cloth Armor	damaged-gear	armor body-armor cloth damaged-gear goods tier-2	2	350
3868	114596	Keoller_Fabric_Armor	Keller Cloth Armor	damaged-gear	armor body-armor cloth damaged-gear goods tier-2	2	350
3869	111113	Ditter_Fabric_Armor	Ditter Cloth Armor	damaged-gear	armor body-armor cloth damaged-gear goods tier-2	2	350
3870	113145	Haran_Fabric_Armor	Harran Cloth Armor	damaged-gear	armor body-armor cloth damaged-gear goods tier-2	2	350
3871	113506	Rekklann_Fabric_Armor	Rexlan Cloth Armor	damaged-gear	armor body-armor cloth damaged-gear goods tier-2	2	350
3872	113508	Tarmiden_Fabric_Armor	Tarmiden Cloth Armor	damaged-gear	armor body-armor cloth damaged-gear goods tier-2	2	350
3873	113585	Corey_Fabric_Armor	Corey Cloth Armor	damaged-gear	armor body-armor cloth damaged-gear goods tier-2	2	350
3874	113586	Lariano_Fabric_Armor	Lariano Cloth Armor	damaged-gear	armor body-armor cloth damaged-gear goods tier-2	2	350
3875	113612	Vainbridge_Fabric_Armor	Vainbridge Cloth Armor	damaged-gear	armor body-armor cloth damaged-gear goods tier-2	2	350
3876	113697	Method_Fabric_Armor	Meishod Cloth Armor	damaged-gear	armor body-armor cloth damaged-gear goods tier-2	2	350
3877	114323	Ankara_Fabric_Armor	Ancara Cloth Armor	damaged-gear	armor body-armor cloth damaged-gear goods tier-2	2	350
3878	114324	Ephesus_Fabric_Armor	Esbeth Cloth Armor	damaged-gear	armor body-armor cloth damaged-gear goods tier-2	2	350
3879	114325	Muchia_Fabric_Armor	Muchia Cloth Armor	damaged-gear	armor body-armor cloth damaged-gear goods tier-2	2	350
3880	114327	Duzje_Fabric_Armor	Duizeh Cloth Armor	damaged-gear	armor body-armor cloth damaged-gear goods tier-2	2	350
3881	114329	Muglah_Fabric_Armor	Mugleah Cloth Armor	damaged-gear	armor body-armor cloth damaged-gear goods tier-2	2	350
3882	1004366	Muglah_Fabric_Armor_II	The Wyvernflames Vice Captain's Cloth Armor	damaged-gear	armor body-armor cloth damaged-gear goods tier-2	2	350
3883	114339	Levibb_Fabric_Armor	Ruvib Cloth Armor	damaged-gear	armor body-armor cloth damaged-gear goods tier-2	2	350
3884	114340	Ivano_Fabric_Armor	Bleed Cloth Armor	damaged-gear	armor body-armor cloth damaged-gear goods tier-2	2	350
3885	114355	Volghan_Fabric_Armor	Bolgan Cloth Armor	damaged-gear	armor body-armor cloth damaged-gear goods tier-2	2	350
3886	114356	Dernat_Fabric_Armor	Dernat Cloth Armor	damaged-gear	armor body-armor cloth damaged-gear goods tier-2	2	350
3887	114357	Dongdegobi_Fabric_Armor	Dondegobi Cloth Armor	damaged-gear	armor body-armor cloth damaged-gear goods tier-2	2	350
3888	114358	Gobialthai_Fabric_Armor	Gobialta Cloth Armor	damaged-gear	armor body-armor cloth damaged-gear goods tier-2	2	350
3889	114359	Orbs_Fabric_Armor	Orbus Cloth Armor	damaged-gear	armor body-armor cloth damaged-gear goods tier-2	2	350
3890	1004367	Orbs_Fabric_Armor_I	The Faceless Vice Captain's Cloth Armor	damaged-gear	armor body-armor cloth damaged-gear goods tier-2	2	350
3891	114360	Hentti_Fabric_Armor	Hentree Cloth Armor	damaged-gear	armor body-armor cloth damaged-gear goods tier-2	2	350
3892	114362	Harghai_Fabric_Armor	Harghai Cloth Armor	damaged-gear	armor body-armor cloth damaged-gear goods tier-2	2	350
3893	114370	Telford_Fabric_Armor	Telford Cloth Armor	damaged-gear	armor body-armor cloth damaged-gear goods tier-2	2	350
3894	114479	Bareuan_Fabric_Armor	Barian Cloth Armor	damaged-gear	armor body-armor cloth damaged-gear goods tier-2	2	350
3895	114480	Barcy_Fabric_Armor	Barcy Cloth Armor	damaged-gear	armor body-armor cloth damaged-gear goods tier-2	2	350
3896	114481	Battmen_Fabric_Armor	Bartmun Cloth Armor	damaged-gear	armor body-armor cloth damaged-gear goods tier-2	2	350
3897	114482	Orthu_Fabric_Armor	Orthu Cloth Armor	damaged-gear	armor body-armor cloth damaged-gear goods tier-2	2	350
3898	114483	Tohkar_Fabric_Armor	Tohkar Cloth Armor	damaged-gear	armor body-armor cloth damaged-gear goods tier-2	2	350
3899	114484	Verdinan_Fabric_Armor	Verdinan Cloth Armor	damaged-gear	armor body-armor cloth damaged-gear goods tier-2	2	350
3900	114485	Borsehir_Fabric_Armor	Borsehir Cloth Armor	damaged-gear	armor body-armor cloth damaged-gear goods tier-2	2	350
3901	114486	Kinov_Fabric_Armor	Keanoff Cloth Armor	damaged-gear	armor body-armor cloth damaged-gear goods tier-2	2	350
3902	114513	Bailao_Fabric_Armor	Bailao Cloth Armor	damaged-gear	armor body-armor cloth damaged-gear goods tier-2	2	350
3903	114514	Bakrao_Fabric_Armor	Barclao Cloth Armor	damaged-gear	armor body-armor cloth damaged-gear goods tier-2	2	350
3904	114516	Barch_Fabric_Armor	Barch Cloth Armor	damaged-gear	armor body-armor cloth damaged-gear goods tier-2	2	350
3905	114527	Lankaz_Fabric_Armor	Lancats Cloth Armor	damaged-gear	armor body-armor cloth damaged-gear goods tier-2	2	350
3906	114528	Langtois_Fabric_Armor	Rangtua Cloth Armor	damaged-gear	armor body-armor cloth damaged-gear goods tier-2	2	350
3907	114530	Langphash_Fabric_Armor	Ranphas Cloth Armor	damaged-gear	armor body-armor cloth damaged-gear goods tier-2	2	350
3908	114545	Raddlerz_Fabric_Armor	Raddler Cloth Armor	damaged-gear	armor body-armor cloth damaged-gear goods tier-2	2	350
3909	2111063	Juden_Fabric_Armor	Juden Cloth Armor	damaged-gear	armor body-armor cloth damaged-gear goods tier-2	2	350
3910	2111089	Aklas_Fabric_Armor	Acklass Cloth Armor	damaged-gear	armor body-armor cloth damaged-gear goods tier-2	2	350
3911	2111097	Orton_Fabric_Armor	Orton Cloth Armor	damaged-gear	armor body-armor cloth damaged-gear goods tier-2	2	350
3912	2111098	Ort_Fabric_Armor	Ort Cloth Armor	damaged-gear	armor body-armor cloth damaged-gear goods tier-2	2	350
3913	2113146	Volkirk_Fabric_Armor	Volkirk Cloth Armor	damaged-gear	armor body-armor cloth damaged-gear goods tier-2	2	350
3914	2113168	Archran_Fabric_Armor	Akran Cloth Armor	damaged-gear	armor body-armor cloth damaged-gear goods tier-2	2	350
3915	2114005	Larkarz_Fabric_Armor	Lacas Cloth Armor	damaged-gear	armor body-armor cloth damaged-gear goods tier-2	2	350
3916	2114006	Likarz_Fabric_Armor	Rikkas Cloth Armor	damaged-gear	armor body-armor cloth damaged-gear goods tier-2	2	350
3917	2114010	Laucatti_Fabric_Armor	Larcotti Cloth Armor	damaged-gear	armor body-armor cloth damaged-gear goods tier-2	2	350
3918	2114011	Liornia_Fabric_Armor	Liorna Cloth Armor	damaged-gear	armor body-armor cloth damaged-gear goods tier-2	2	350
3919	2114012	Mauryth_Fabric_Armor	Mauryth Cloth Armor	damaged-gear	armor body-armor cloth damaged-gear goods tier-2	2	350
3920	2114041	Wusian_Fabric_Armor	Ushreen Cloth Armor	damaged-gear	armor body-armor cloth damaged-gear goods tier-2	2	350
3921	2114042	Tuetti_Fabric_Armor	Trilly Cloth Armor	damaged-gear	armor body-armor cloth damaged-gear goods tier-2	2	350
3922	2114043	Tutan_Fabric_Armor	Tutan Cloth Armor	damaged-gear	armor body-armor cloth damaged-gear goods tier-2	2	350
3923	2114044	Cueman_Fabric_Armor	Quandan Cloth Armor	damaged-gear	armor body-armor cloth damaged-gear goods tier-2	2	350
3924	2114045	Cuenantta_Fabric_Armor	Qunanta Cloth Armor	damaged-gear	armor body-armor cloth damaged-gear goods tier-2	2	350
3925	2114046	Cuetain_Fabric_Armor	Qutin Cloth Armor	damaged-gear	armor body-armor cloth damaged-gear goods tier-2	2	350
3926	2114060	Talbern_Fabric_Armor	Talbern Cloth Armor	damaged-gear	armor body-armor cloth damaged-gear goods tier-2	2	350
3927	2114061	Vex_Fabric_Armor	Vex Cloth Armor	damaged-gear	armor body-armor cloth damaged-gear goods tier-2	2	350
3928	1000214	Wells_Brigade_Rebel_Fabric_Armor_III	Turncoat Cloth Armor	damaged-gear	armor body-armor cloth damaged-gear goods tier-2	2	350
3929	2114063	Louis_Fabric_Armor	Louis Cloth Armor	damaged-gear	armor body-armor cloth damaged-gear goods tier-2	2	350
3930	1000206	Wells_Brigade_Rebel_Fabric_Armor_I	Turncoat Cloth Armor	damaged-gear	armor body-armor cloth damaged-gear goods tier-2	2	350
3931	2114065	Warblick_Fabric_Armor	Warblick Cloth Armor	damaged-gear	armor body-armor cloth damaged-gear goods tier-2	2	350
3932	2114066	Rellone_Fabric_Armor	Rellone Cloth Armor	damaged-gear	armor body-armor cloth damaged-gear goods tier-2	2	350
3933	2114069	Rikkutan_Fabric_Armor	Rikkutan Cloth Armor	damaged-gear	armor body-armor cloth damaged-gear goods tier-2	2	350
3934	2114079	Rarchrah_Fabric_Armor	Lokra Cloth Armor	damaged-gear	armor body-armor cloth damaged-gear goods tier-2	2	350
3935	2114080	Reltian_Fabric_Armor	Reltian Cloth Armor	damaged-gear	armor body-armor cloth damaged-gear goods tier-2	2	350
3936	2114081	Reltan_Fabric_Armor	Reltan Cloth Armor	damaged-gear	armor body-armor cloth damaged-gear goods tier-2	2	350
3937	2114082	Reltinan_Fabric_Armor	Reltinan Cloth Armor	damaged-gear	armor body-armor cloth damaged-gear goods tier-2	2	350
3938	2114085	Kahsunan_Fabric_Armor	Kasunan Cloth Armor	damaged-gear	armor body-armor cloth damaged-gear goods tier-2	2	350
3939	2114087	Archria_Fabric_Armor	Acria Cloth Armor	damaged-gear	armor body-armor cloth damaged-gear goods tier-2	2	350
3940	2114088	Kahbotune_Fabric_Armor	Kabotun Cloth Armor	damaged-gear	armor body-armor cloth damaged-gear goods tier-2	2	350
3941	2114090	Tiknean_Fabric_Armor	Teknin Cloth Armor	damaged-gear	armor body-armor cloth damaged-gear goods tier-2	2	350
3942	2114091	Machnan_Fabric_Armor	Maknan Cloth Armor	damaged-gear	armor body-armor cloth damaged-gear goods tier-2	2	350
3943	2114096	Artnan_Fabric_Armor	Atnan Cloth Armor	damaged-gear	armor body-armor cloth damaged-gear goods tier-2	2	350
3944	2114098	Patika_Fabric_Armor	Patika Cloth Armor	damaged-gear	armor body-armor cloth damaged-gear goods tier-2	2	350
3945	2114099	Tinchaon_Fabric_Armor	Tenkan Cloth Armor	damaged-gear	armor body-armor cloth damaged-gear goods tier-2	2	350
3946	2114100	Matraon_Fabric_Armor	Metron Cloth Armor	damaged-gear	armor body-armor cloth damaged-gear goods tier-2	2	350
3947	2114102	Kahtrahah_Fabric_Armor	Kaetra Cloth Armor	damaged-gear	armor body-armor cloth damaged-gear goods tier-2	2	350
3948	2114106	Ankrian_Fabric_Armor	Ankrian Cloth Armor	damaged-gear	armor body-armor cloth damaged-gear goods tier-2	2	350
3949	2114107	Sirion_Fabric_Armor	Sirion Cloth Armor	damaged-gear	armor body-armor cloth damaged-gear goods tier-2	2	350
3950	2114114	Dyrania_Fabric_Armor	Direnya Cloth Armor	damaged-gear	armor body-armor cloth damaged-gear goods tier-2	2	350
3951	2114115	Titunan_Fabric_Armor	Tytuan Cloth Armor	damaged-gear	armor body-armor cloth damaged-gear goods tier-2	2	350
3952	2114116	Tickatle_Fabric_Armor	Tegatel Cloth Armor	damaged-gear	armor body-armor cloth damaged-gear goods tier-2	2	350
3953	2114119	Nantukka_Fabric_Armor	Nantuka Cloth Armor	damaged-gear	armor body-armor cloth damaged-gear goods tier-2	2	350
3954	2133141	Barnia_Fabric_Armor	Varnia Cloth Armor	damaged-gear	armor body-armor cloth damaged-gear goods tier-2	2	350
3955	114415	Telin_Fabric_Armor	Telin Cloth Armor	damaged-gear	armor body-armor cloth damaged-gear goods tier-2	2	350
3956	114418	Roshine_Fabric_Armor	Roshayne Cloth Armor	damaged-gear	armor body-armor cloth damaged-gear goods tier-2	2	350
3957	114505	Baras_Fabric_Armor	Baras Cloth Armor	damaged-gear	armor body-armor cloth damaged-gear goods tier-2	2	350
3958	2114117	Tykatan_Fabric_Armor	Tikatan Cloth Armor	damaged-gear	armor body-armor cloth damaged-gear goods tier-2	2	350
3959	114495	Dealinger_Fabric_Armor	Dillinger Cloth Armor	damaged-gear	armor body-armor cloth damaged-gear goods tier-2	2	350
3960	114539	Gaut_Fabric_Armor	Gaut Cloth Armor	damaged-gear	armor body-armor cloth damaged-gear goods tier-2	2	350
3961	114605	Muddlers_Fabric_Armor	Muddliss Cloth Armor	damaged-gear	armor body-armor cloth damaged-gear goods tier-2	2	350
3962	1002485	Regglin_Fabric_Armor_MiddleBoss_III	Fundamentalist Goblin Cloth Armor	damaged-gear	armor body-armor cloth damaged-gear goods tier-2	2	350
3963	1001786	Tokart_Fabric_Cloak	Toggart Cloth Cloak	damaged-gear	armor cloak cloth damaged-gear goods tier-2	2	88
3964	1004824	Huskall_Fabric_Cloak	Huskall Cloth Cloak	damaged-gear	armor cloak cloth damaged-gear goods tier-2	2	88
3965	1004825	Silvarin_Fabric_Cloak	Silvarin Cloth Cloak	damaged-gear	armor cloak cloth damaged-gear goods tier-2	2	88
3966	134048	Kerdmann_Fabric_Boots	Kerdmann Cloth Boots	damaged-gear	armor boots cloth damaged-gear goods tier-2	2	105
3967	134015	Ekeny_Fabric_Boots	Eckney Cloth Boots	damaged-gear	armor boots cloth damaged-gear goods tier-2	2	105
3968	134013	Rhias_Fabric_Boots	Reus Cloth Boots	damaged-gear	armor boots cloth damaged-gear goods tier-2	2	105
3969	133188	Diencia_Fabric_Boots	Diencia Cloth Boots	damaged-gear	armor boots cloth damaged-gear goods tier-2	2	105
3970	133275	Tyrun_Fabric_Boots	Tyrune Cloth Boots	damaged-gear	armor boots cloth damaged-gear goods tier-2	2	105
3971	123201	Astia_Fabric_Gloves	Astia Cloth Gloves	damaged-gear	armor cloth damaged-gear gloves goods tier-2	2	123
3972	123325	Ratu_Fabric_Gloves	Rattu Cloth Gloves	damaged-gear	armor cloth damaged-gear gloves goods tier-2	2	123
3973	124020	Bydan_Fabric_Gloves	Baidan Cloth Gloves	damaged-gear	armor cloth damaged-gear gloves goods tier-2	2	123
3974	123099	Mornington_Fabric_Gloves	Mornington Cloth Gloves	damaged-gear	armor cloth damaged-gear gloves goods tier-2	2	123
3975	123315	Tahkah_Fabric_Gloves	Takah Cloth Gloves	damaged-gear	armor cloth damaged-gear gloves goods tier-2	2	123
3976	124005	Stugrub_Fabric_Gloves	Stugrub Cloth Gloves	damaged-gear	armor cloth damaged-gear gloves goods tier-2	2	123
3977	124051	Cebro_Fabric_Gloves	Serbello Cloth Gloves	damaged-gear	armor cloth damaged-gear gloves goods tier-2	2	123
3978	124055	Ashiteu_Fabric_Gloves	Ashtu Cloth Gloves	damaged-gear	armor cloth damaged-gear gloves goods tier-2	2	123
3979	124056	Ratisan_Fabric_Gloves	Ratisan Cloth Gloves	damaged-gear	armor cloth damaged-gear gloves goods tier-2	2	123
3980	124057	Dueroin_Fabric_Gloves	Duroin Cloth Gloves	damaged-gear	armor cloth damaged-gear gloves goods tier-2	2	123
3981	2133085	Rayra_Fabric_Helm	Leila Cloth Cap	damaged-gear	armor cloth damaged-gear goods helm tier-2	2	158
3982	1000332	Hoobus_Fabric_Helm	Hubus Cloth Cap	damaged-gear	armor cloth damaged-gear goods helm tier-2	2	158
3983	104089	Gaurah_Fabric_Helm	Gaurra Cloth Cap	damaged-gear	armor cloth damaged-gear goods helm tier-2	2	158
3984	103005	Hailbrin_Fabric_Helm	Nevin Cloth Bandana	damaged-gear	armor cloth damaged-gear goods helm tier-2	2	158
3985	104014	Volruin_Fabric_Helm	Bollin Cloth Cap	damaged-gear	armor cloth damaged-gear goods helm tier-2	2	158
3986	1000036	Redrin_Fabric_Helm	Redrin Cloth Cap	damaged-gear	armor cloth damaged-gear goods helm tier-2	2	158
3987	104030	Argatah_Fabric_Helm	Agatha Cloth Cap	damaged-gear	armor cloth damaged-gear goods helm tier-2	2	158
3988	104073	Rabbid_Fabric_Helm	Raveed Cloth Cap	damaged-gear	armor cloth damaged-gear goods helm tier-2	2	158
3989	104074	Devidhe_Fabric_Helm	Duvidet Hoops	damaged-gear	armor cloth damaged-gear goods helm tier-2	2	158
3990	104083	Fiore_Fabric_Helm	Fiore Cloth Cap	damaged-gear	armor cloth damaged-gear goods helm tier-2	2	158
3991	104084	Ataram_Fabric_Helm	Ataram Cloth Cap	damaged-gear	armor cloth damaged-gear goods helm tier-2	2	158
3992	104118	Raukington_Fabric_Helm	Rockington Cloth Cap	damaged-gear	armor cloth damaged-gear goods helm tier-2	2	158
3993	104143	Luekushi_Fabric_Helm	Ruckshi Cloth Cap	damaged-gear	armor cloth damaged-gear goods helm tier-2	2	158
3994	104148	Gadherish_Fabric_Helm	Gadereich Cloth Cap	damaged-gear	armor cloth damaged-gear goods helm tier-2	2	158
3995	2104023	Larsahn_Fabric_Helm	Larsan Cloth Headband	damaged-gear	armor cloth damaged-gear goods helm tier-2	2	158
3996	2104033	Artiree_Fabric_Helm	Artiree Cloth Cap	damaged-gear	armor cloth damaged-gear goods helm tier-2	2	158
3997	2104039	Ladis_Fabric_Helm	Raditz Cloth Cap	damaged-gear	armor cloth damaged-gear goods helm tier-2	2	158
3998	2104042	Erin_Fabric_Helm	Eryn Cloth Cap	damaged-gear	armor cloth damaged-gear goods helm tier-2	2	158
3999	114336	Myrenenn_Fabric_Armor	Myrnen Cloth Armor	damaged-gear	armor body-armor cloth damaged-gear goods tier-1	1	175
4000	114562	Rosardeuin_Fabric_Armor	Rosarduin Cloth Armor	damaged-gear	armor body-armor cloth damaged-gear goods tier-1	1	175
4001	114493	Ronied_Fabric_Armor	Rhonid Cloth Armor	damaged-gear	armor body-armor cloth damaged-gear goods tier-1	1	175
4002	114529	Hailbrin_Fabric_Armor	Nevin Cloth Armor	damaged-gear	armor body-armor cloth damaged-gear goods tier-1	1	175
4003	114556	Volmers_Fabric_Armor	Bahlmers Cloth Armor	damaged-gear	armor body-armor cloth damaged-gear goods tier-1	1	175
4004	114566	Auron_Fabric_Armor	Auron Cloth Armor	damaged-gear	armor body-armor cloth damaged-gear goods tier-1	1	175
4005	113498	Buchanan_Fabric_Armor	Buchanan Cloth Armor	damaged-gear	armor body-armor cloth damaged-gear goods tier-1	1	175
4006	113572	Navan_Fabric_Armor	Navan Cloth Armor	damaged-gear	armor body-armor cloth damaged-gear goods tier-1	1	175
4007	113705	Duemeniss_Fabric_Armor	Dumenis Cloth Armor	damaged-gear	armor body-armor cloth damaged-gear goods tier-1	1	175
4008	114337	Volruin_Fabric_Armor	Bollin Cloth Armor	damaged-gear	armor body-armor cloth damaged-gear goods tier-1	1	175
4009	114338	Livneh_Fabric_Armor	Livner Cloth Armor	damaged-gear	armor body-armor cloth damaged-gear goods tier-1	1	175
4010	114461	Taroon_Fabric_Armor	Tarun Cloth Armor	damaged-gear	armor body-armor cloth damaged-gear goods tier-1	1	175
4011	114512	Baraoh_Fabric_Armor	Barrow Cloth Armor	damaged-gear	armor body-armor cloth damaged-gear goods tier-1	1	175
4012	114524	Lathia_Fabric_Armor	Lathia Cloth Armor	damaged-gear	armor body-armor cloth damaged-gear goods tier-1	1	175
4013	114526	Kenav_Fabric_Armor	Kennav Cloth Armor	damaged-gear	armor body-armor cloth damaged-gear goods tier-1	1	175
4014	114533	Fiore_Fabric_Armor	Fiore Cloth Armor	damaged-gear	armor body-armor cloth damaged-gear goods tier-1	1	175
4015	114537	Austphelt_Fabric_Armor	Austfeld Cloth Armor	damaged-gear	armor body-armor cloth damaged-gear goods tier-1	1	175
4016	114540	Gadherish_Fabric_Armor	Gadereich Cloth Armor	damaged-gear	armor body-armor cloth damaged-gear goods tier-1	1	175
4017	114541	Ewen_Fabric_Armor	Ewen Cloth Armor	damaged-gear	armor body-armor cloth damaged-gear goods tier-1	1	175
4018	114542	Ancient_Fabric_Armor	Primus's Cloth Armor	damaged-gear	armor body-armor cloth damaged-gear goods tier-1	1	175
4019	1000865	Ancient_Fabric_Armor_I	Priscus's Cloth Armor	damaged-gear	armor body-armor cloth damaged-gear goods tier-1	1	175
4020	1000866	Ancient_Fabric_Armor_II	Praevus's Cloth Armor	damaged-gear	armor body-armor cloth damaged-gear goods tier-1	1	175
4021	114544	Deekz_Fabric_Armor	Diggs Cloth Armor	damaged-gear	armor body-armor cloth damaged-gear goods tier-1	1	175
4022	114553	Volkard_Fabric_Armor	Volghad Cloth Armor	damaged-gear	armor body-armor cloth damaged-gear goods tier-1	1	175
4023	114554	Ultar_Fabric_Armor	Ultar Cloth Armor	damaged-gear	armor body-armor cloth damaged-gear goods tier-1	1	175
4024	114557	Tolkane_Fabric_Armor	Tolkane Cloth Armor	damaged-gear	armor body-armor cloth damaged-gear goods tier-1	1	175
4025	114560	Veronde_Fabric_Armor	Veronde Cloth Armor	damaged-gear	armor body-armor cloth damaged-gear goods tier-1	1	175
4026	114563	Sherwooden_Fabric_Armor	Sherwood Cloth Armor	damaged-gear	armor body-armor cloth damaged-gear goods tier-1	1	175
4027	114564	Iyratti_Fabric_Armor	Eyratt Cloth Armor	damaged-gear	armor body-armor cloth damaged-gear goods tier-1	1	175
4028	114568	Salash_Fabric_Armor	Salash Cloth Armor	damaged-gear	armor body-armor cloth damaged-gear goods tier-1	1	175
4029	114570	Vergill_Fabric_Armor	Berghill Cloth Armor	damaged-gear	armor body-armor cloth damaged-gear goods tier-1	1	175
4030	114572	Meravan_Fabric_Armor	Meravan Cloth Armor	damaged-gear	armor body-armor cloth damaged-gear goods tier-1	1	175
4031	114573	Chijar_Fabric_Armor	Chizhar Cloth Armor	damaged-gear	armor body-armor cloth damaged-gear goods tier-1	1	175
4032	114574	Dakahbern_Fabric_Armor	Dahkavan Cloth Armor	damaged-gear	armor body-armor cloth damaged-gear goods tier-1	1	175
4033	114575	Zial_Fabric_Armor	Ziahl Cloth Armor	damaged-gear	armor body-armor cloth damaged-gear goods tier-1	1	175
4034	114576	Amundule_Fabric_Armor	Amundule Cloth Armor	damaged-gear	armor body-armor cloth damaged-gear goods tier-1	1	175
4035	114580	Dollette_Fabric_Armor	Dollette Cloth Armor	damaged-gear	armor body-armor cloth damaged-gear goods tier-1	1	175
4036	114581	Virerette_Fabric_Armor	Verette Cloth Armor	damaged-gear	armor body-armor cloth damaged-gear goods tier-1	1	175
4037	114582	Hailen_Fabric_Armor	Haillen Cloth Armor	damaged-gear	armor body-armor cloth damaged-gear goods tier-1	1	175
4038	114583	Khalbydan_Fabric_Armor	Khalbdan Cloth Armor	damaged-gear	armor body-armor cloth damaged-gear goods tier-1	1	175
4039	114587	Schillerbin_Fabric_Armor	Schillerbin Cloth Armor	damaged-gear	armor body-armor cloth damaged-gear goods tier-1	1	175
4040	114613	Noble_Fabric_Armor	Noble Cloth Armor	damaged-gear	armor body-armor cloth damaged-gear goods tier-1	1	175
4041	114615	Odori_Fabric_Armor	Odorrey Cloth Armor	damaged-gear	armor body-armor cloth damaged-gear goods tier-1	1	175
4042	114619	Degah_Fabric_Armor	Dega Cloth Armor	damaged-gear	armor body-armor cloth damaged-gear goods tier-1	1	175
4043	2114068	Rarkah_Fabric_Armor	Rarkah Cloth Armor	damaged-gear	armor body-armor cloth damaged-gear goods tier-1	1	175
4044	2114084	Ktan_Fabric_Armor	Kithan Cloth Armor	damaged-gear	armor body-armor cloth damaged-gear goods tier-1	1	175
4045	2114086	Kattinan_Fabric_Armor	Kattinan Cloth Armor	damaged-gear	armor body-armor cloth damaged-gear goods tier-1	1	175
4046	2114089	Kahbokahn_Fabric_Armor	Kavokin Cloth Armor	damaged-gear	armor body-armor cloth damaged-gear goods tier-1	1	175
4047	2114092	Entrian_Fabric_Armor	Attrean Cloth Armor	damaged-gear	armor body-armor cloth damaged-gear goods tier-1	1	175
4048	2114094	Machnynn_Fabric_Armor	Marknin Cloth Armor	damaged-gear	armor body-armor cloth damaged-gear goods tier-1	1	175
4049	2114097	Dylanka_Fabric_Armor	Dilanka Cloth Armor	damaged-gear	armor body-armor cloth damaged-gear goods tier-1	1	175
4050	2114101	Diknanteu_Fabric_Armor	Decanteau Cloth Armor	damaged-gear	armor body-armor cloth damaged-gear goods tier-1	1	175
4051	2114103	Machrahahn_Fabric_Armor	Makran Cloth Armor	damaged-gear	armor body-armor cloth damaged-gear goods tier-1	1	175
4052	2114104	Tahntutta_Fabric_Armor	Tantuta Cloth Armor	damaged-gear	armor body-armor cloth damaged-gear goods tier-1	1	175
4053	2114105	Ahntutan_Fabric_Armor	Antutan Cloth Armor	damaged-gear	armor body-armor cloth damaged-gear goods tier-1	1	175
4054	2133065	Darren_Fabric_Armor	Darren Cloth Armor	damaged-gear	armor body-armor cloth damaged-gear goods tier-1	1	175
4055	2133067	Gardbedeff_Fabric_Armor	Gardeiff Cloth Armor	damaged-gear	armor body-armor cloth damaged-gear goods tier-1	1	175
4056	2133069	Garff_Fabric_Armor	Gaph Cloth Armor	damaged-gear	armor body-armor cloth damaged-gear goods tier-1	1	175
4057	2133073	Melina_Fabric_Armor	Melina Cloth Armor	damaged-gear	armor body-armor cloth damaged-gear goods tier-1	1	175
4058	2133075	Kriella_Fabric_Armor	Kriella Cloth Armor	damaged-gear	armor body-armor cloth damaged-gear goods tier-1	1	175
4059	2133093	Light_Arrowhead_Fabric_Armor_I	Blinding Arrow Scout's Cloth Armor	damaged-gear	armor body-armor cloth damaged-gear goods tier-1	1	175
4060	2133095	Light_Arrowhead_Fabric_Armor_II	Blinding Arrow Scout's Cloth Armor	damaged-gear	armor body-armor cloth damaged-gear goods tier-1	1	175
4061	2133097	Light_Arrowhead_Fabric_Armor_III	Blinding Arrow Scout's Cloth Armor	damaged-gear	armor body-armor cloth damaged-gear goods tier-1	1	175
4062	2133098	Light_Arrowhead_Fabric_Armor_IV	Blinding Arrow Rider's Cloth Armor	damaged-gear	armor body-armor cloth damaged-gear goods tier-1	1	175
4063	2133104	Light_Arrowhead_Fabric_Armor_V	Blinding Arrow Scout's Cloth Armor	damaged-gear	armor body-armor cloth damaged-gear goods tier-1	1	175
4064	2133105	Light_Arrowhead_Fabric_Armor_VI	Blinding Arrow Scout's Cloth Armor	damaged-gear	armor body-armor cloth damaged-gear goods tier-1	1	175
4065	2133106	Light_Arrowhead_Fabric_Armor_VII	Blinding Arrow Scout's Cloth Armor	damaged-gear	armor body-armor cloth damaged-gear goods tier-1	1	175
4066	1000186	Goblin_Merchant_Fabric_Armor_Ⅲ	Goldleaves' Cloth Armor	damaged-gear	armor body-armor cloth damaged-gear goods tier-1	1	175
4067	1000283	Goblin_Merchant_Fabric_Cloak_Ⅳ	Goldleaves' Cloth Cloak	damaged-gear	armor cloak cloth damaged-gear goods tier-1	1	44
4068	1000720	Goblin_Merchant_Fabric_Armor_V	Goldleaves' Cloth Armor	damaged-gear	armor body-armor cloth damaged-gear goods tier-1	1	175
4069	1000189	Goblin_Merchant_Fabric_Armor_Ⅵ	Goldleaves' Cloth Armor	damaged-gear	armor body-armor cloth damaged-gear goods tier-1	1	175
4070	1000284	Goblin_Merchant_Fabric_Cloak_Ⅵ	Goldleaves' Cloth Cloak	damaged-gear	armor cloak cloth damaged-gear goods tier-1	1	44
4071	114398	Daraz_Fabric_Armor	Daraz Cloth Armor	damaged-gear	armor body-armor cloth damaged-gear goods tier-1	1	175
4072	114414	Denmore_Fabric_Armor	Denmore Cloth Armor	damaged-gear	armor body-armor cloth damaged-gear goods tier-1	1	175
4073	114416	Calis_Fabric_Armor	Calis Cloth Armor	damaged-gear	armor body-armor cloth damaged-gear goods tier-1	1	175
4074	114419	Mintuan_Fabric_Armor	Minnutan Cloth Armor	damaged-gear	armor body-armor cloth damaged-gear goods tier-1	1	175
4075	114421	Drumfin_Fabric_Armor	Drumfin Cloth Armor	damaged-gear	armor body-armor cloth damaged-gear goods tier-1	1	175
4076	114423	Drimnarrow_Fabric_Armor	Drimrow Cloth Armor	damaged-gear	armor body-armor cloth damaged-gear goods tier-1	1	175
4077	114555	Dohahn_Fabric_Armor	Dohann Cloth Armor	damaged-gear	armor body-armor cloth damaged-gear goods tier-1	1	175
4078	114558	Barndid_Fabric_Armor	Bandide Cloth Armor	damaged-gear	armor body-armor cloth damaged-gear goods tier-1	1	175
4079	114559	Duilker_Fabric_Armor	Dwelker Cloth Armor	damaged-gear	armor body-armor cloth damaged-gear goods tier-1	1	175
4080	114565	Gruun_Fabric_Armor	Gruun Cloth Armor	damaged-gear	armor body-armor cloth damaged-gear goods tier-1	1	175
4081	2114118	Kahturaon_Fabric_Armor	Qaturan Cloth Armor	damaged-gear	armor body-armor cloth damaged-gear goods tier-1	1	175
4082	1004368	Kahturaon_Fabric_Armor_II	The Blinding Arrow Vice Captain's Cloth Armor	damaged-gear	armor body-armor cloth damaged-gear goods tier-1	1	175
4083	2114120	Entuka_Fabric_Armor	Entuka Cloth Armor	damaged-gear	armor body-armor cloth damaged-gear goods tier-1	1	175
4084	114578	Hysilda_Fabric_Armor	Hysilda Cloth Armor	damaged-gear	armor body-armor cloth damaged-gear goods tier-1	1	175
4085	114579	Yorkey_Fabric_Armor	Yorkey Cloth Armor	damaged-gear	armor body-armor cloth damaged-gear goods tier-1	1	175
4086	114494	Pauherr_Fabric_Armor	Pouhel Cloth Armor	damaged-gear	armor body-armor cloth damaged-gear goods tier-1	1	175
4087	114531	Roctar_Fabric_Armor	Roctar Cloth Armor	damaged-gear	armor body-armor cloth damaged-gear goods tier-1	1	175
4088	114532	Barbaroy_Fabric_Armor	Barbaroy Cloth Armor	damaged-gear	armor body-armor cloth damaged-gear goods tier-1	1	175
4089	114536	Berkhia_Fabric_Armor	Berkhia Cloth Armor	damaged-gear	armor body-armor cloth damaged-gear goods tier-1	1	175
4090	114577	Sarendion_Fabric_Armor	Sarendion Cloth Armor	damaged-gear	armor body-armor cloth damaged-gear goods tier-1	1	175
4091	114608	Zinianne_Fabric_Armor	Zynian Cloth Armor	damaged-gear	armor body-armor cloth damaged-gear goods tier-1	1	175
4092	114609	Zamir_Fabric_Armor	Zamir Cloth Armor	damaged-gear	armor body-armor cloth damaged-gear goods tier-1	1	175
4093	114610	Rubaunon_Fabric_Armor	Lubonon Cloth Armor	damaged-gear	armor body-armor cloth damaged-gear goods tier-1	1	175
4094	114496	Erkeney_Fabric_Armor	Eckney Cloth Armor	damaged-gear	armor body-armor cloth damaged-gear goods tier-1	1	175
4095	114569	Borman_Fabric_Armor	Borman Cloth Armor	damaged-gear	armor body-armor cloth damaged-gear goods tier-1	1	175
4096	114611	Denill_Fabric_Armor	Denill Cloth Armor	damaged-gear	armor body-armor cloth damaged-gear goods tier-1	1	175
4097	114534	Warstein_Fabric_Armor	Warstein Cloth Armor	damaged-gear	armor body-armor cloth damaged-gear goods tier-1	1	175
4098	114571	Hassal_Fabric_Armor	Hassal Cloth Armor	damaged-gear	armor body-armor cloth damaged-gear goods tier-1	1	175
4099	114607	Kang_Fabric_Armor	Kang Cloth Armor	damaged-gear	armor body-armor cloth damaged-gear goods tier-1	1	175
4100	114535	Cournantry_Fabric_Armor	Conentry Cloth Armor	damaged-gear	armor body-armor cloth damaged-gear goods tier-1	1	175
4101	1000128	BountyHunter_Fabric_Armor	Bounty Hunter's Cloth Armor	damaged-gear	armor body-armor cloth damaged-gear goods tier-1	1	175
4102	1000065	BountyHunter_Fabric_Armor_I	Bounty Hunter's Cloth Armor	damaged-gear	armor body-armor cloth damaged-gear goods tier-1	1	175
4103	1000077	BountyHunter_Fabric_Armor_II	Bounty Hunter's Cloth Armor	damaged-gear	armor body-armor cloth damaged-gear goods tier-1	1	175
4104	1000093	BountyHunter_Fabric_Armor_III	Bounty Hunter's Cloth Armor	damaged-gear	armor body-armor cloth damaged-gear goods tier-1	1	175
4105	1000113	BountyHunter_Fabric_Armor_IV	Bounty Hunter's Cloth Armor	damaged-gear	armor body-armor cloth damaged-gear goods tier-1	1	175
4106	1000129	BountyHunter_Fabric_Armor_V	Bounty Hunter's Cloth Armor	damaged-gear	armor body-armor cloth damaged-gear goods tier-1	1	175
4107	1000130	BountyHunter_Fabric_Armor_VI	Bounty Hunter's Cloth Armor	damaged-gear	armor body-armor cloth damaged-gear goods tier-1	1	175
4108	2114112	Dyran_Fabric_Armor	Dyran Cloth Armor	damaged-gear	armor body-armor cloth damaged-gear goods tier-1	1	175
4109	1000159	Regglin_Fabric_Armor	Fundamentalist's Cloth Armor	damaged-gear	armor body-armor cloth damaged-gear goods tier-1	1	175
4110	1000160	Regglin_Fabric_Armor_I	Fundamentalist's Cloth Armor	damaged-gear	armor body-armor cloth damaged-gear goods tier-1	1	175
4111	1000161	Regglin_Fabric_Armor_II	Fundamentalist's Cloth Armor	damaged-gear	armor body-armor cloth damaged-gear goods tier-1	1	175
4112	1000240	Regglin_Fabric_Armor_III	Fundamentalist's Cloth Armor	damaged-gear	armor body-armor cloth damaged-gear goods tier-1	1	175
4113	1000241	Regglin_Fabric_Armor_IV	Gilded Goblin's Cloth Armor	damaged-gear	armor body-armor cloth damaged-gear goods tier-1	1	175
4114	1000762	Regglin_Fabric_Armor_V	Gilded Goblin's Cloth Armor	damaged-gear	armor body-armor cloth damaged-gear goods tier-1	1	175
4115	1000477	Regglin_Fabric_Armor_VI	Gilded Goblin's Cloth Armor	damaged-gear	armor body-armor cloth damaged-gear goods tier-1	1	175
4116	1000468	Regglin_Fabric_Armor_MiddleBoss	Fundamentalist Goblin Cloth Armor	damaged-gear	armor body-armor cloth damaged-gear goods tier-1	1	175
4117	1001087	Regglin_Fabric_Armor_MiddleBoss_I	Fundamentalist Goblin Cloth Armor	damaged-gear	armor body-armor cloth damaged-gear goods tier-1	1	175
4118	1001195	Regglin_Fabric_Armor_MiddleBoss_II	Fundamentalist Goblin Cloth Armor	damaged-gear	armor body-armor cloth damaged-gear goods tier-1	1	175
4119	1000162	Pirate_Fabric_Armor	Pirate Cloth Armor	damaged-gear	armor body-armor cloth damaged-gear goods tier-1	1	175
4120	1000163	Pirate_Fabric_Armor_I	Pirate Cloth Armor	damaged-gear	armor body-armor cloth damaged-gear goods tier-1	1	175
4121	1000165	Pirate_Fabric_Armor_III	Pirate Cloth Armor	damaged-gear	armor body-armor cloth damaged-gear goods tier-1	1	175
4122	1000166	Pirate_Fabric_Armor_IV	Pirate Cloth Armor	damaged-gear	armor body-armor cloth damaged-gear goods tier-1	1	175
4123	1000192	RevolutionaryArmy_Fabric_Armor	Demenissian Rebel Cloth Armor	damaged-gear	armor body-armor cloth damaged-gear goods tier-1	1	175
4124	1000193	RevolutionaryArmy_Fabric_Armor_I	Demenissian Rebel Cloth Armor	damaged-gear	armor body-armor cloth damaged-gear goods tier-1	1	175
4125	1000194	RevolutionaryArmy_Fabric_Armor_II	Demenissian Rebel Cloth Armor	damaged-gear	armor body-armor cloth damaged-gear goods tier-1	1	175
4126	1000195	RevolutionaryArmy_Fabric_Armor_III	Demenissian Rebel Cloth Armor	damaged-gear	armor body-armor cloth damaged-gear goods tier-1	1	175
4127	1000205	Caliburn_Engineer_Fabric_Armor	Caliburn's Combat Engineer Cloth Armor	damaged-gear	armor body-armor cloth damaged-gear goods tier-1	1	175
4128	1000215	Caliburn_Engineer_Fabric_Armor_I	Caliburn's Combat Engineer Cloth Armor	damaged-gear	armor body-armor cloth damaged-gear goods tier-1	1	175
4129	1000216	Caliburn_Engineer_Fabric_Armor_II	Caliburn's Combat Engineer Cloth Armor	damaged-gear	armor body-armor cloth damaged-gear goods tier-1	1	175
4130	1000217	Caliburn_Engineer_Fabric_Armor_III	Caliburn's Combat Engineer Cloth Armor	damaged-gear	armor body-armor cloth damaged-gear goods tier-1	1	175
4131	1000218	Caliburn_Engineer_Fabric_Armor_IV	Caliburn's Combat Engineer Cloth Armor	damaged-gear	armor body-armor cloth damaged-gear goods tier-1	1	175
4132	1000486	Antumbra_Fabric_Armor	Antumbra Cloth Armor	damaged-gear	armor body-armor cloth damaged-gear goods tier-1	1	175
4133	1000350	Gladiator_Fabric_Armor	Gladiator's Cloth Armor	damaged-gear	armor body-armor cloth damaged-gear goods tier-1	1	175
4134	1000351	Gladiator_Fabric_Armor_I	Gladiator's Cloth Armor	damaged-gear	armor body-armor cloth damaged-gear goods tier-1	1	175
4135	1000352	Gladiator_Fabric_Armor_II	Gladiator's Cloth Armor	damaged-gear	armor body-armor cloth damaged-gear goods tier-1	1	175
4136	1000367	Gladiator_Fabric_Armor_III	Gladiator's Cloth Armor	damaged-gear	armor body-armor cloth damaged-gear goods tier-1	1	175
4137	1000777	Prisoner_Fabric_Armor	Captive's Cloth Armor	damaged-gear	armor body-armor cloth damaged-gear goods tier-1	1	175
4138	1000778	Prisoner_Fabric_Armor_I	Captive's Cloth Armor	damaged-gear	armor body-armor cloth damaged-gear goods tier-1	1	175
4139	1000779	Prisoner_Fabric_Armor_II	Captive's Cloth Armor	damaged-gear	armor body-armor cloth damaged-gear goods tier-1	1	175
4140	1000780	Prisoner_Fabric_Armor_III	Captive's Cloth Armor	damaged-gear	armor body-armor cloth damaged-gear goods tier-1	1	175
4141	1000781	Prisoner_Fabric_Armor_IV	Captive's Cloth Armor	damaged-gear	armor body-armor cloth damaged-gear goods tier-1	1	175
4142	1000782	Prisoner_Fabric_Armor_V	Captive's Cloth Armor	damaged-gear	armor body-armor cloth damaged-gear goods tier-1	1	175
4143	1000783	Prisoner_Fabric_Armor_VI	Captive's Cloth Armor	damaged-gear	armor body-armor cloth damaged-gear goods tier-1	1	175
4144	1000784	Prisoner_Fabric_Armor_VII	Captive's Cloth Armor	damaged-gear	armor body-armor cloth damaged-gear goods tier-1	1	175
4145	1000785	Prisoner_Fabric_Armor_VIII	Captive's Cloth Armor	damaged-gear	armor body-armor cloth damaged-gear goods tier-1	1	175
4146	1000786	Prisoner_Fabric_Armor_IX	Captive's Cloth Armor	damaged-gear	armor body-armor cloth damaged-gear goods tier-1	1	175
4147	1001141	Greyfur_Fabric_Armor	Balder's Cloth Armor	damaged-gear	armor body-armor cloth damaged-gear goods tier-1	1	175
4148	1001142	Greyfur_Fabric_Armor_I	Matilda's Cloth Armor	damaged-gear	armor body-armor cloth damaged-gear goods tier-1	1	175
4149	1001144	Greyfur_Fabric_Armor_IV	Terry's Cloth Armor	damaged-gear	armor body-armor cloth damaged-gear goods tier-1	1	175
4150	1001164	Greyfur_Fabric_Armor_V	Ryan's Cloth Armor	damaged-gear	armor body-armor cloth damaged-gear goods tier-1	1	175
4151	1001171	Greyfur_Fabric_Armor_VI	Lars's Cloth Armor	damaged-gear	armor body-armor cloth damaged-gear goods tier-1	1	175
4152	1001256	Greyfur_Fabric_Armor_VII	Luther's Cloth Armor	damaged-gear	armor body-armor cloth damaged-gear goods tier-1	1	175
4153	1001261	Greyfur_Fabric_Armor_VIII	Colton's Cloth Armor	damaged-gear	armor body-armor cloth damaged-gear goods tier-1	1	175
4154	1001262	Greyfur_Fabric_Armor_IX	Falstaff's Cloth Armor	damaged-gear	armor body-armor cloth damaged-gear goods tier-1	1	175
4155	1001263	Greyfur_Fabric_Armor_X	Arnold's Cloth Armor	damaged-gear	armor body-armor cloth damaged-gear goods tier-1	1	175
4156	1001264	Greyfur_Fabric_Armor_XI	Lucius's Cloth Armor	damaged-gear	armor body-armor cloth damaged-gear goods tier-1	1	175
4157	1001265	Greyfur_Fabric_Armor_XII	Duncan's Cloth Armor	damaged-gear	armor body-armor cloth damaged-gear goods tier-1	1	175
4158	1001266	Greyfur_Fabric_Armor_XX	Anders's Cloth Armor	damaged-gear	armor body-armor cloth damaged-gear goods tier-1	1	175
4159	1001267	Greyfur_Fabric_Armor_XXX	Fred's Cloth Armor	damaged-gear	armor body-armor cloth damaged-gear goods tier-1	1	175
4160	1001268	Greyfur_Fabric_Armor_XL	Wybert's Cloth Armor	damaged-gear	armor body-armor cloth damaged-gear goods tier-1	1	175
4161	1001269	Greyfur_Fabric_Armor_L	Brennan's Cloth Armor	damaged-gear	armor body-armor cloth damaged-gear goods tier-1	1	175
4162	1001270	Greyfur_Fabric_Armor_LX	Niall's Cloth Armor	damaged-gear	armor body-armor cloth damaged-gear goods tier-1	1	175
4163	1001271	Greyfur_Fabric_Armor_LXX	Luke's Cloth Armor	damaged-gear	armor body-armor cloth damaged-gear goods tier-1	1	175
4164	1001272	Greyfur_Fabric_Armor_LXXX	Vernon's Cloth Armor	damaged-gear	armor body-armor cloth damaged-gear goods tier-1	1	175
4165	1001273	Greyfur_Fabric_Armor_XC	Xavier's Cloth Armor	damaged-gear	armor body-armor cloth damaged-gear goods tier-1	1	175
4166	1001274	Greyfur_Fabric_Armor_C	Ronald's Cloth Armor	damaged-gear	armor body-armor cloth damaged-gear goods tier-1	1	175
4167	1001275	Greyfur_Fabric_Armor_D	Fritz's Cloth Armor	damaged-gear	armor body-armor cloth damaged-gear goods tier-1	1	175
4168	1001276	Greyfur_Fabric_Armor_M	Otto's Cloth Armor	damaged-gear	armor body-armor cloth damaged-gear goods tier-1	1	175
4169	1001277	Greyfur_Fabric_Armor_MI	Jian's Cloth Armor	damaged-gear	armor body-armor cloth damaged-gear goods tier-1	1	175
4170	1001278	Greyfur_Fabric_Armor_MII	Marius's Cloth Armor	damaged-gear	armor body-armor cloth damaged-gear goods tier-1	1	175
4171	1001848	Greyfur_Fabric_Armor_MIII	Greymane Cloth Armor	damaged-gear	armor body-armor cloth damaged-gear goods tier-1	1	175
4172	1001926	OrcuMer_Fabric_Cloak	T'rukan's Cloth Cloak	damaged-gear	armor cloak cloth damaged-gear goods tier-1	1	44
4173	1001313	Kailok_Fabric_Armor	Kailok's Cloth Armor	damaged-gear	armor body-armor cloth damaged-gear goods tier-1	1	175
4174	1001950	Ruschar_Fabric_Cloak	Ruschar Cloth Cloak	damaged-gear	armor cloak cloth damaged-gear goods tier-1	1	44
4175	1000356	Bleed_Bandits_Fabric_Armor	Bleed Officer's Cloth Armor	damaged-gear	armor body-armor cloth damaged-gear goods tier-1	1	175
4176	134030	Witley_Fabric_Boots	Whitley Cloth Boots	damaged-gear	armor boots cloth damaged-gear goods tier-1	1	53
4177	134049	Barrette_Fabric_Boots	Barrette Cloth Boots	damaged-gear	armor boots cloth damaged-gear goods tier-1	1	53
4178	134050	Gaut_Fabric_Boots	Gaut Cloth Boots	damaged-gear	armor boots cloth damaged-gear goods tier-1	1	53
4179	134054	Chijar_Fabric_Boots	Chizhar Cloth Boots	damaged-gear	armor boots cloth damaged-gear goods tier-1	1	53
4180	1000044	Slave_Fabric_Boots	Slave's Cloth Boots	damaged-gear	armor boots cloth damaged-gear goods tier-1	1	53
4181	1000094	BountyHunter_Fabric_Boots_I	Bounty Hunter's Cloth Boots	damaged-gear	armor boots cloth damaged-gear goods tier-1	1	53
4182	1000520	Regglin_Boss_Fabric_Boots	Fundamentalist Officer Cloth Boots	damaged-gear	armor boots cloth damaged-gear goods tier-1	1	53
4183	1000354	Gladiator_Fabric_Boots	Gladiator Cloth Boots	damaged-gear	armor boots cloth damaged-gear goods tier-1	1	53
4184	1000787	Prisoner_Fabric_Boots	Captive's Cloth Boots	damaged-gear	armor boots cloth damaged-gear goods tier-1	1	53
4185	124023	Porcell_Fabric_Gloves_I	Porcell Cloth Gloves	damaged-gear	armor cloth damaged-gear gloves goods tier-1	1	61
4186	123133	Rakhir_Fabric_Gloves	Rakhir Cloth Wristband	damaged-gear	armor cloth damaged-gear gloves goods tier-1	1	61
4187	123257	Haron_Fabric_Gloves	Haron Cloth Wristband	damaged-gear	armor cloth damaged-gear gloves goods tier-1	1	61
4188	124029	Witley_Fabric_Gloves	Whitley Cloth Gloves	damaged-gear	armor cloth damaged-gear gloves goods tier-1	1	61
4189	124050	Cetry_Fabric_Gloves	Setri Cloth Gloves	damaged-gear	armor cloth damaged-gear gloves goods tier-1	1	61
4190	124059	Ludynn_Fabric_Gloves	Ludynn Cloth Gloves	damaged-gear	armor cloth damaged-gear gloves goods tier-1	1	61
4191	124061	Derrison_Fabric_Gloves	Derrison Cloth Gloves	damaged-gear	armor cloth damaged-gear gloves goods tier-1	1	61
4192	124063	Gadherish_Fabric_Gloves	Gadereich Cloth Gloves	damaged-gear	armor cloth damaged-gear gloves goods tier-1	1	61
4193	124064	Chijar_Fabric_Gloves	Chizhar Cloth Gloves	damaged-gear	armor cloth damaged-gear gloves goods tier-1	1	61
4194	2133077	Kriella_Fabric_Gloves	Kriella Cloth Wristband	damaged-gear	armor cloth damaged-gear gloves goods tier-1	1	61
4195	2133145	Porcell_Fabric_Gloves_II	Porcell Cloth Gloves	damaged-gear	armor cloth damaged-gear gloves goods tier-1	1	61
4196	2133148	Bessenette_PlateArmor_Gloves	Bessett Plate Gloves	damaged-gear	armor cloth damaged-gear gloves goods tier-1	1	61
4197	1000114	BountyHunter_Fabric_Gloves_I	Bounty Hunter's Cloth Gloves	damaged-gear	armor cloth damaged-gear gloves goods tier-1	1	61
4198	1000353	Gladiator_Fabric_Gloves_I	Gladiator Cloth Gloves	damaged-gear	armor cloth damaged-gear gloves goods tier-1	1	61
4199	1001279	Greyfur_Fabric_Gloves	Greymane Cloth Gloves	damaged-gear	armor cloth damaged-gear gloves goods tier-1	1	61
4200	1000473	OrcuMer_Fabric_Gloves	Damaged Martial Monk's Cloth Gloves	damaged-gear	armor cloth damaged-gear gloves goods tier-1	1	61
4201	9400	Beoneck_Fabric_Helm	Beoneck Cloth Cap	damaged-gear	armor cloth damaged-gear goods helm tier-1	1	79
4202	104056	Rikkmah_Fabric_Helm	Rigma Cloth Headband	damaged-gear	armor cloth damaged-gear goods helm tier-1	1	79
4203	104079	Scovi_Fabric_Helm	Scobby Cloth Headband	damaged-gear	armor cloth damaged-gear goods helm tier-1	1	79
4204	104140	Triroan_Fabric_Helm	Triloan Cloth Headband	damaged-gear	armor cloth damaged-gear goods helm tier-1	1	79
4205	104155	Ghaltain_Fabric_Helm	Ghaltain Cloth Cap	damaged-gear	armor cloth damaged-gear goods helm tier-1	1	79
4206	104165	Yuzel_Fabric_Helm	Yuzel Cloth Cap	damaged-gear	armor cloth damaged-gear goods helm tier-1	1	79
4207	2104032	Stian_Fabric_Helm	Stian Cloth Headband	damaged-gear	armor cloth damaged-gear goods helm tier-1	1	79
4208	104048	Baidan_Fabric_Helm	Baidan Cloth Headband	damaged-gear	armor cloth damaged-gear goods helm tier-1	1	79
4209	104090	Jermill_Fabric_Helm	Jermill Cloth Headband	damaged-gear	armor cloth damaged-gear goods helm tier-1	1	79
4210	104105	Rahelm_Fabric_Helm	Rahelm Cloth Headband	damaged-gear	armor cloth damaged-gear goods helm tier-1	1	79
4211	104135	Sian_Fabric_Helm	Sian Cloth Cap	damaged-gear	armor cloth damaged-gear goods helm tier-1	1	79
4212	104136	Karas_Fabric_Helm	Karas Cloth Headband	damaged-gear	armor cloth damaged-gear goods helm tier-1	1	79
4213	104138	Lashir_Fabric_Helm	Lashir Cloth Cap	damaged-gear	armor cloth damaged-gear goods helm tier-1	1	79
4214	104149	Ludynn_Fabric_Helm	Ludynn Cloth Cap	damaged-gear	armor cloth damaged-gear goods helm tier-1	1	79
4215	104150	Mark_Fabric_Helm	Marc Cloth Headband	damaged-gear	armor cloth damaged-gear goods helm tier-1	1	79
4216	104151	Harker_Fabric_Helm	Harker Cloth Cap	damaged-gear	armor cloth damaged-gear goods helm tier-1	1	79
4217	104154	Veronde_Fabric_Helm	Veronde Cloth Cap	damaged-gear	armor cloth damaged-gear goods helm tier-1	1	79
4218	104159	Vergill_Fabric_Helm	Berghill Cloth Cap	damaged-gear	armor cloth damaged-gear goods helm tier-1	1	79
4219	104160	Meravan_Fabric_Helm	Meravan Cloth Cap	damaged-gear	armor cloth damaged-gear goods helm tier-1	1	79
4220	104161	Salimi_Fabric_Helm	Salimi Cloth Cap	damaged-gear	armor cloth damaged-gear goods helm tier-1	1	79
4221	2104024	Leeksi_Fabric_Helm	Ricksley Cloth Cap	damaged-gear	armor cloth damaged-gear goods helm tier-1	1	79
4222	2104027	Dikkahn_Fabric_Helm	Deccain Cloth Headband	damaged-gear	armor cloth damaged-gear goods helm tier-1	1	79
4223	2104031	Dicari_Fabric_Helm	Dicari Laurel Headband	damaged-gear	armor cloth damaged-gear goods helm tier-1	1	79
4224	2104034	Saristi_Fabric_Helm	Saristi Cloth Headband	damaged-gear	armor cloth damaged-gear goods helm tier-1	1	79
4225	2104035	Tikkree_Fabric_Helm	Tegri Cloth Headband	damaged-gear	armor cloth damaged-gear goods helm tier-1	1	79
4226	2104038	Kenav_Fabric_Helm	Kennav Cloth Headband	damaged-gear	armor cloth damaged-gear goods helm tier-1	1	79
4227	2104040	Ribben_Fabric_Helm	Riven Cloth Cap	damaged-gear	armor cloth damaged-gear goods helm tier-1	1	79
4228	2133079	Danda_Fabric_Helm	Danda Cloth Cap	damaged-gear	armor cloth damaged-gear goods helm tier-1	1	79
4229	2133090	Deole_Fabric_Helm	Dwelle Cloth Cap	damaged-gear	armor cloth damaged-gear goods helm tier-1	1	79
4230	2133115	Light_Arrowhead_Fabric_Helm_V	Blinding Arrow's Cloth Cap	damaged-gear	armor cloth damaged-gear goods helm tier-1	1	79
4231	2133144	Barnia_Fabric_Helm	Varnia Cloth Cap	damaged-gear	armor cloth damaged-gear goods helm tier-1	1	79
4232	2133199	Goblin_Merchant_Fabric_Helm	Goldleaf Soldier Cloth Headband	damaged-gear	armor cloth damaged-gear goods helm tier-1	1	79
4233	1000091	BountyHunter_Fabric_Helm_I	Bounty Hunter's Cloth Cap	damaged-gear	armor cloth damaged-gear goods helm tier-1	1	79
4234	1000092	BountyHunter_Fabric_Helm_II	Bounty Hunter's Cloth Cap	damaged-gear	armor cloth damaged-gear goods helm tier-1	1	79
4235	1000799	Reeddevil_Fabric_Helm_I	Reed Devil Minion's Cloth Helm	damaged-gear	armor cloth damaged-gear goods helm tier-1	1	79
4236	1000800	Reeddevil_Fabric_Helm_II	Reed Devil Minion's Cloth Helm	damaged-gear	armor cloth damaged-gear goods helm tier-1	1	79
4237	1000801	Reeddevil_Fabric_Helm_III	Reed Devil Minion's Cloth Helm	damaged-gear	armor cloth damaged-gear goods helm tier-1	1	79
4238	1000788	Prisoner_Fabric_Helm	Captive's Cloth Cap	damaged-gear	armor cloth damaged-gear goods helm tier-1	1	79
4239	1000789	Prisoner_Fabric_Helm_I	Captive's Cloth Helm	damaged-gear	armor cloth damaged-gear goods helm tier-1	1	79
4240	1000790	Prisoner_Fabric_Helm_II	Captive's Cloth Cap	damaged-gear	armor cloth damaged-gear goods helm tier-1	1	79
4241	1000791	Prisoner_Fabric_Helm_III	Captive's Cloth Headband	damaged-gear	armor cloth damaged-gear goods helm tier-1	1	79
4242	1000792	Prisoner_Fabric_Helm_IV	Captive's Cloth Cap	damaged-gear	armor cloth damaged-gear goods helm tier-1	1	79
4243	1001280	Greyfur_Fabric_Helm	Colton's Cloth Cap	damaged-gear	armor cloth damaged-gear goods helm tier-1	1	79
4244	1001281	Greyfur_Fabric_Helm_I	Arnold's Cloth Cap	damaged-gear	armor cloth damaged-gear goods helm tier-1	1	79
4245	1001282	Greyfur_Fabric_Helm_II	Wybert's Cloth Cap	damaged-gear	armor cloth damaged-gear goods helm tier-1	1	79
4246	1001283	Greyfur_Fabric_Helm_III	Fritz's Cloth Cap	damaged-gear	armor cloth damaged-gear goods helm tier-1	1	79
4247	1001137	Greyfur_Fabric_Helm_IV	Shane's Cloth Headband	damaged-gear	armor cloth damaged-gear goods helm tier-1	1	79
4248	1001082	Falstaff_Fabric_Helm	Falstaff's Cloth Cap	damaged-gear	armor cloth damaged-gear goods helm tier-1	1	79
4249	1000467	Myurdin_Leather_Armor_II	Myurdin's Leather Armor	damaged-gear	armor body-armor damaged-gear goods leather tier-3	3	1600
4250	1000998	Possesion_Myurdin_Leather_Armor	Umbra's Hierophany Leather Armor	damaged-gear	armor body-armor damaged-gear goods leather tier-3	3	1600
4251	1000376	Ludvic_OneArmed_Leather_Armor	One-Armed Jackal's Leather Armor	damaged-gear	armor body-armor damaged-gear goods leather tier-3	3	1600
4252	113646	Tyran_Leather_Armor	Tyran Leather Armor	damaged-gear	armor body-armor damaged-gear goods leather tier-3	3	1600
4253	113459	Forest_Fairy_Leather_Armor	Forest Fae Armor	damaged-gear	armor body-armor damaged-gear goods leather tier-3	3	1600
4254	1000759	Gias_Leather_Armor	Giath's Leather Armor	damaged-gear	armor body-armor damaged-gear goods leather tier-3	3	1600
4255	113029	Benne_Leather_Armor	Benne Leather Armor	damaged-gear	armor body-armor damaged-gear goods leather tier-3	3	1600
4256	113800	Reeddevil_Leather_Armor_I	Reed Devil Underling's Red Armor	damaged-gear	armor body-armor damaged-gear goods leather tier-3	3	1600
4257	113801	Reeddevil_Leather_Armor_II	Reed Devil Underling's Yellow Armor	damaged-gear	armor body-armor damaged-gear goods leather tier-3	3	1600
4258	113802	Reeddevil_Leather_Armor_III	Reed Devil Underling's Armor	damaged-gear	armor body-armor damaged-gear goods leather tier-3	3	1600
4259	1002108	Reeddevil_Troll_Leather_Armor	Reed Devil Troll Armor	damaged-gear	armor body-armor damaged-gear goods leather tier-3	3	1600
4260	113581	Pisoniano_Leather_Armor	Pisonia Leather Armor	damaged-gear	armor body-armor damaged-gear goods leather tier-3	3	1600
4261	2113187	Valcroden_Leather_Armor	Balgraun Leather Armor	damaged-gear	armor body-armor damaged-gear goods leather tier-3	3	1600
4262	111233	Lukin_Leather_Armor	Lukin Leather Armor	damaged-gear	armor body-armor damaged-gear goods leather tier-3	3	1600
4263	113032	Somieh_Leather_Armor	Somier Leather Armor	damaged-gear	armor body-armor damaged-gear goods leather tier-3	3	1600
4264	113484	Cherke_Leather_Armor	Cherke Leather Armor	damaged-gear	armor body-armor damaged-gear goods leather tier-3	3	1600
4265	113485	Bleann_Leather_Armor	Blin Leather Armor	damaged-gear	armor body-armor damaged-gear goods leather tier-3	3	1600
4266	113577	Johnnycolo_Leather_Armor	Janiklo Leather Armor	damaged-gear	armor body-armor damaged-gear goods leather tier-3	3	1600
4267	113578	Nellaccio_Leather_Armor	Nellaccio Leather Armor	damaged-gear	armor body-armor damaged-gear goods leather tier-3	3	1600
4268	113580	Gerano_Leather_Armor	Gerano Leather Armor	damaged-gear	armor body-armor damaged-gear goods leather tier-3	3	1600
4269	113582	Paliano_Leather_Armor	Paliano Leather Armor	damaged-gear	armor body-armor damaged-gear goods leather tier-3	3	1600
4270	113584	Loccamashima_Leather_Armor	Locasima Leather Armor	damaged-gear	armor body-armor damaged-gear goods leather tier-3	3	1600
4271	113588	Ardeah_Leather_Armor	Ardia Leather Armor	damaged-gear	armor body-armor damaged-gear goods leather tier-3	3	1600
4272	113589	Antika_Leather_Armor	Antika Leather Armor	damaged-gear	armor body-armor damaged-gear goods leather tier-3	3	1600
4273	113590	Austia_Leather_Armor	Oustia Leather Armor	damaged-gear	armor body-armor damaged-gear goods leather tier-3	3	1600
4274	113591	Taebaerae_Leather_Armor	Tarabe Leather Armor	damaged-gear	armor body-armor damaged-gear goods leather tier-3	3	1600
4275	113592	Montellanico_Leather_Armor	Montlanico Leather Armor	damaged-gear	armor body-armor damaged-gear goods leather tier-3	3	1600
4276	113593	Carpinne_Leather_Armor	Carpine Leather Armor	damaged-gear	armor body-armor damaged-gear goods leather tier-3	3	1600
4277	2113098	Riclia_Leather_Armor	Riclia Leather Armor	damaged-gear	armor body-armor damaged-gear goods leather tier-3	3	1600
4278	2113192	Hoobus_Leather_Armor	Hubus Leather Armor	damaged-gear	armor body-armor damaged-gear goods leather tier-3	3	1600
4279	113575	Campo_Leather_Armor	Campo Leather Armor	damaged-gear	armor body-armor damaged-gear goods leather tier-3	3	1600
4280	113579	Dasasola_Leather_Armor	Dasala Leather Armor	damaged-gear	armor body-armor damaged-gear goods leather tier-3	3	1600
4281	113500	Torrance_Leather_Armor	Torrance Leather Armor	damaged-gear	armor body-armor damaged-gear goods leather tier-3	3	1600
4282	113648	Esirun_Leather_Armor	Eshrun Leather Armor	damaged-gear	armor body-armor damaged-gear goods leather tier-3	3	1600
4283	113746	NoName_Wiseman_Leather_Armor	Nameless Sage's Leather Armor	damaged-gear	armor body-armor damaged-gear goods leather tier-3	3	1600
4284	1001886	EntHunter_Leather_Armor	Shadowleaf Leather Armor	damaged-gear	armor body-armor damaged-gear goods leather tier-3	3	1600
4285	113512	Varunin_Leather_Armor	Barunin Leather Armor	damaged-gear	armor body-armor damaged-gear goods leather tier-3	3	1600
4286	113741	Trillion_Leather_Armor	Trellian Leather Armor	damaged-gear	armor body-armor damaged-gear goods leather tier-3	3	1600
4287	1000873	Drunk_BlackBears_Leather_Armor	Black Bear Leather Armor	damaged-gear	armor body-armor damaged-gear goods leather tier-3	3	1600
4288	1000889	Protective_Leather_Armor	Antumbra Bismuth Protection Suit	damaged-gear	armor body-armor damaged-gear goods leather tier-3	3	1600
4289	1002296	Boss_Ludvig_Awakening_Leahter_Armor	Awakened Jackal's Leather Armor	damaged-gear	armor body-armor damaged-gear goods leather tier-3	3	1600
4290	1002983	Ludvic_Leather_Armor_II	Lonely Jackals' Leather Armor	damaged-gear	armor body-armor damaged-gear goods leather tier-3	3	1600
4291	133126	ClaireHill_Leather_Boots	Clarille Leather Boots	damaged-gear	armor boots damaged-gear goods leather tier-3	3	480
4292	133204	Mysterm_Leather_Boots	Mistum Leather Boots	damaged-gear	armor boots damaged-gear goods leather tier-3	3	480
4293	1223655963	Pavis_Leather_Boots_I	Pavis Leather Boots	damaged-gear	armor boots damaged-gear goods leather tier-3	3	480
4294	133049	Ramastern_Leather_Boots	Ramastern Leather Boots	damaged-gear	armor boots damaged-gear goods leather tier-3	3	480
4295	133082	Sarantos_Leather_Boots	Sarantos Leather Boots	damaged-gear	armor boots damaged-gear goods leather tier-3	3	480
4296	1000995	Drunk_BlackBears_Leather_Boots	Black Bear Leather Boots	damaged-gear	armor boots damaged-gear goods leather tier-3	3	480
4297	133171	ReiGhis_Leather_Boots	Rhegis Leather Boots	damaged-gear	armor boots damaged-gear goods leather tier-3	3	480
4298	548500852	ReiGhis_Leather_Boots_II	Rhegis Leather Boots	damaged-gear	armor boots damaged-gear goods leather tier-3	3	480
4299	133225	David_Leather_Boots	Daveed Leather Boots	damaged-gear	armor boots damaged-gear goods leather tier-3	3	480
4300	133279	Tiruna_Leather_Boots	Tiruna Leather Boots	damaged-gear	armor boots damaged-gear goods leather tier-3	3	480
4301	12304	ReiGhis_Leather_Boots_I	Large Rhegis Leather Boots	damaged-gear	armor boots damaged-gear goods leather tier-3	3	480
4302	603025121	ReiGhis_Leather_Boots_III	Large Rhegis Leather Boots	damaged-gear	armor boots damaged-gear goods leather tier-3	3	480
4303	132006	Lekia_Leather_Boots	Rekhia Leather Boots	damaged-gear	armor boots damaged-gear goods leather tier-3	3	480
4304	133029	Mulia_Leather_Boots	Mulia Leather Boots	damaged-gear	armor boots damaged-gear goods leather tier-3	3	480
4305	133033	Silien_Leather_Boots	Cyllian Leather Boots	damaged-gear	armor boots damaged-gear goods leather tier-3	3	480
4306	133036	Benberry_Leather_Boots	Benberry Leather Boots	damaged-gear	armor boots damaged-gear goods leather tier-3	3	480
4307	133196	Pieti_Leather_Boots	Pieti Leather Boots	damaged-gear	armor boots damaged-gear goods leather tier-3	3	480
4308	133224	Clays_Leather_Boots	Clays Leather Boots	damaged-gear	armor boots damaged-gear goods leather tier-3	3	480
4309	72407918	Clays_Leather_Boots_I	Desert Clays Leather Boots	damaged-gear	armor boots damaged-gear goods leather tier-3	3	480
4310	1830330393	Clays_Leather_Boots_II	Large Clays Leather Boots	damaged-gear	armor boots damaged-gear goods leather tier-3	3	480
4311	1002276	Clays_Leather_Boots_III	Wetlands Clays Leather Boots	damaged-gear	armor boots damaged-gear goods leather tier-3	3	480
4312	1002277	Clays_Leather_Boots_IV	Gilded Clays Leather Boots	damaged-gear	armor boots damaged-gear goods leather tier-3	3	480
4313	133226	Betty_Leather_Boots	Bettie Leather Boots	damaged-gear	armor boots damaged-gear goods leather tier-3	3	480
4314	133240	Elish_Leather_Boots	Elish Leather Boots	damaged-gear	armor boots damaged-gear goods leather tier-3	3	480
4315	133270	Querunty_Leather_Boots	Quent Leather Boots	damaged-gear	armor boots damaged-gear goods leather tier-3	3	480
4316	133271	Tionis_Leather_Boots	Grey Rhegis Leather Boots	damaged-gear	armor boots damaged-gear goods leather tier-3	3	480
4317	307120826	Tionis_Leather_Boots_I	Russet Rhegis Leather Boots	damaged-gear	armor boots damaged-gear goods leather tier-3	3	480
4318	133307	Andaran_Leather_Boots	Andaran Leather Boots	damaged-gear	armor boots damaged-gear goods leather tier-3	3	480
4319	133309	Anruditz_Leather_Boots	Anderitz Leather Boots	damaged-gear	armor boots damaged-gear goods leather tier-3	3	480
4320	133312	Perelli_Leather_Boots	Perelli Leather Boots	damaged-gear	armor boots damaged-gear goods leather tier-3	3	480
4321	134009	Bayur_Leather_Boots	Bayer Leather Boots	damaged-gear	armor boots damaged-gear goods leather tier-3	3	480
4322	2133016	Trizion_Leather_Boots	Tression Leather Boots	damaged-gear	armor boots damaged-gear goods leather tier-3	3	480
4323	2133018	Mataka_Leather_Boots	Matahka Leather Boots	damaged-gear	armor boots damaged-gear goods leather tier-3	3	480
4324	2133020	Gatin_Leather_Boots	Gatin Leather Boots	damaged-gear	armor boots damaged-gear goods leather tier-3	3	480
4325	2133030	Duemeniss_Leather_Boots	Dumenis Leather Boots	damaged-gear	armor boots damaged-gear goods leather tier-3	3	480
4326	2133134	Deshret_Leather_Boots	Deshret Leather Boots	damaged-gear	armor boots damaged-gear goods leather tier-3	3	480
4327	2133146	Lepra_Leather_Boots	Lepra Leather Boots	damaged-gear	armor boots damaged-gear goods leather tier-3	3	480
4328	133280	Darman_Leather_Boots	Darman Leather Boots	damaged-gear	armor boots damaged-gear goods leather tier-3	3	480
4329	133302	Katz_Leather_Boots	Katz Leather Boots	damaged-gear	armor boots damaged-gear goods leather tier-3	3	480
4330	2133149	Bessenette_Leather_Boots	Bessett Leather Boots	damaged-gear	armor boots damaged-gear goods leather tier-3	3	480
4331	1001922	Scarlet_Excecutioner_Leather_Boots	Crimson Warden's Leather Boots	damaged-gear	armor boots damaged-gear goods leather tier-3	3	480
4332	1002365	Boss_Ludvig_Awakening_Leather_Boots	Awakened Jackal's Leather Boots	damaged-gear	armor boots damaged-gear goods leather tier-3	3	480
4333	1000996	Possesion_Myurdin_Leather_Gloves	Umbra's Hierophany Leather Gloves	damaged-gear	armor damaged-gear gloves goods leather tier-3	3	560
4334	123177	Mysterm_Leather_Gloves	Mistum Leather Gloves	damaged-gear	armor damaged-gear gloves goods leather tier-3	3	560
4335	123244	Tyrcion_Leather_Gloves	Tershan Leather Gloves	damaged-gear	armor damaged-gear gloves goods leather tier-3	3	560
4336	123248	Liculu_Leather_Gloves	Ricrau Leather Gloves	damaged-gear	armor damaged-gear gloves goods leather tier-3	3	560
4337	123144	Adeion_Leather_Gloves	Adeion Leather Gloves	damaged-gear	armor damaged-gear gloves goods leather tier-3	3	560
4338	123072	Lacquer_Leather_Gloves	Larkri Leather Gloves	damaged-gear	armor damaged-gear gloves goods leather tier-3	3	560
4339	123167	Defelde_Leather_Gloves	Dimfeld Leather Gloves	damaged-gear	armor damaged-gear gloves goods leather tier-3	3	560
4340	123220	Watous_Leather_Gloves	Wertesh Leather Gloves	damaged-gear	armor damaged-gear gloves goods leather tier-3	3	560
4341	123296	Matazu_Leather_Gloves	Martail Leather Gloves	damaged-gear	armor damaged-gear gloves goods leather tier-3	3	560
4342	1002719	Drunk_BlackBears_Elite_Leather_Gloves	Black Bear Officer's Leather Gloves	damaged-gear	armor damaged-gear gloves goods leather tier-3	3	560
4343	123150	LoaderDam_Leather_Gloves	Loudan Leather Gloves	damaged-gear	armor damaged-gear gloves goods leather tier-3	3	560
4344	123008	Austphelt_Leather_Gloves	Austfeld Leather Gloves	damaged-gear	armor damaged-gear gloves goods leather tier-3	3	560
4345	123013	Peori_Leather_Gloves	Fiori Leather Gloves	damaged-gear	armor damaged-gear gloves goods leather tier-3	3	560
4346	123097	Sleeshorn_Leather_Gloves	Sleishorn Leather Gloves	damaged-gear	armor damaged-gear gloves goods leather tier-3	3	560
4347	123033	Worstern_Leather_Gloves	Weiston Leather Gloves	damaged-gear	armor damaged-gear gloves goods leather tier-3	3	560
4348	123038	Treeon_Leather_Gloves	Trion Leather Gloves	damaged-gear	armor damaged-gear gloves goods leather tier-3	3	560
4349	123157	Diskio_Leather_Gloves	Deskio Leather Gloves	damaged-gear	armor damaged-gear gloves goods leather tier-3	3	560
4350	123184	Betty_Leather_Gloves	Bettie Leather Gloves	damaged-gear	armor damaged-gear gloves goods leather tier-3	3	560
4351	123195	Kylidden_Leather_Gloves	Kaeridyn Leather Gloves	damaged-gear	armor damaged-gear gloves goods leather tier-3	3	560
4352	123242	Dongdegobi_Leather_Gloves	Dondegobi Leather Gloves	damaged-gear	armor damaged-gear gloves goods leather tier-3	3	560
4353	123243	Gobialthai_Leather_Gloves	Gobialta Leather Gloves	damaged-gear	armor damaged-gear gloves goods leather tier-3	3	560
4354	1002109	Eldruan_Leather_Gloves	Eldruan Leather Gloves	damaged-gear	armor damaged-gear gloves goods leather tier-3	3	560
4355	123280	Sartalos_Leather_Gloves	Salatos Leather Gloves	damaged-gear	armor damaged-gear gloves goods leather tier-3	3	560
4356	123283	Ellachic_Leather_Gloves	Elashe Leather Gloves	damaged-gear	armor damaged-gear gloves goods leather tier-3	3	560
4357	123297	Wants_Leather_Gloves	Wentz Leather Gloves	damaged-gear	armor damaged-gear gloves goods leather tier-3	3	560
4358	123321	Dunis_Leather_Gloves	Dherri Leather Gloves	damaged-gear	armor damaged-gear gloves goods leather tier-3	3	560
4359	123328	Lercent_Leather_Gloves	Lercent Leather Gloves	damaged-gear	armor damaged-gear gloves goods leather tier-3	3	560
4360	123334	Mats_Leather_Gloves	Maters Leather Gloves	damaged-gear	armor damaged-gear gloves goods leather tier-3	3	560
4361	123373	Lawncheta_Leather_Gloves	Lawson Leather Gloves	damaged-gear	armor damaged-gear gloves goods leather tier-3	3	560
4362	123148	Concerta_Leather_Gloves	Conchetta Leather Gloves	damaged-gear	armor damaged-gear gloves goods leather tier-3	3	560
4363	123294	Lave_Leather_Gloves	Lave Leather Gloves	damaged-gear	armor damaged-gear gloves goods leather tier-3	3	560
4364	1081266995	Tesslit_Leather_Gloves_II	Russet Pavis Leather Gloves	damaged-gear	armor damaged-gear gloves goods leather tier-3	3	560
4365	1000879	Drunk_BlackBears_Leather_Gloves	Black Bear Leather Gloves	damaged-gear	armor damaged-gear gloves goods leather tier-3	3	560
4366	1002984	Ludvic_Leather_Gloves_II	Jackals' Leather Gloves	damaged-gear	armor damaged-gear gloves goods leather tier-3	3	560
4367	103041	Lacrunias_Leather_Helm	Lacrunias Leather Helm	damaged-gear	armor damaged-gear goods helm leather tier-3	3	720
4368	103065	Lutinas_Leather_Helm	Lutinas Leather Helm	damaged-gear	armor damaged-gear goods helm leather tier-3	3	720
4369	1163355	Noble_Leather_Helm	Noble's Hat	damaged-gear	armor damaged-gear goods helm leather tier-3	3	720
4370	103036	Londel_Leather_Helm	Rondel Leather Cap	damaged-gear	armor damaged-gear goods helm leather tier-3	3	720
4371	103088	Ultarine_Leather_Helm	Uphren Leather Helm	damaged-gear	armor damaged-gear goods helm leather tier-3	3	720
4372	2133136	Ziggurat_Leather_Helm_II	Chemists' Mask Leather Helm	damaged-gear	armor damaged-gear goods helm leather tier-3	3	720
4373	2133138	Ziggurat_Leather_Helm_III	Chemists' Iron Mask Leather Helm	damaged-gear	armor damaged-gear goods helm leather tier-3	3	720
4374	103057	Dimfeld_Leather_Helm	Dimfeld Leather Hat	damaged-gear	armor damaged-gear goods helm leather tier-3	3	720
4375	1001105	Jackal_Leather_Helm_II	Jackals' Leather Helm	damaged-gear	armor damaged-gear goods helm leather tier-3	3	720
4376	1000464	Ludvic_OneArmed_Leather_Cloak	One-Armed Jackal's Leather Cloak	damaged-gear	armor cloak damaged-gear goods leather tier-3	3	400
4377	1003264	Owls_of_the_Mist_Leather_Cloak	Mistcloaked Owl Leather Cloak	damaged-gear	armor cloak damaged-gear goods leather tier-3	3	400
4378	1004778	Melion_Leather_Cloak	Melion Leather Cloak	damaged-gear	armor cloak damaged-gear goods leather tier-3	3	2000
4379	2133057	Desert_Harrier_Leather_Armor	Helms Leather Armor	damaged-gear	armor body-armor damaged-gear goods leather tier-2	2	400
4380	113653	Hazuka_Leather_Armor	Hashaka Leather Armor	damaged-gear	armor body-armor damaged-gear goods leather tier-2	2	400
4381	113663	Nusiran_Leather_Armor	Nuslan Leather Armor	damaged-gear	armor body-armor damaged-gear goods leather tier-2	2	400
4382	113699	Molduer_Leather_Armor	Moldur Leather Armor	damaged-gear	armor body-armor damaged-gear goods leather tier-2	2	400
4383	113700	Cuzerchin_Leather_Armor	Churrchen Leather Armor	damaged-gear	armor body-armor damaged-gear goods leather tier-2	2	400
4384	2113186	Croden_Leather_Armor	Croden Leather Armor	damaged-gear	armor body-armor damaged-gear goods leather tier-2	2	400
4385	2113156	Kerburn_Leather_Armor	Kerburn Leather Armor	damaged-gear	armor body-armor damaged-gear goods leather tier-2	2	400
4386	12204	Maydocs_Leather_Armor_I	Maydocs Leather Armor	damaged-gear	armor body-armor damaged-gear goods leather tier-2	2	400
4387	12206	Ardoratte_Leather_Armor_I	Adoratt Leather Armor	damaged-gear	armor body-armor damaged-gear goods leather tier-2	2	400
4388	12207	Colbill_Leather_Armor_I	Colbill Leather Armor	damaged-gear	armor body-armor damaged-gear goods leather tier-2	2	400
4389	12208	Coby_Leather_Armor_I	Coby Leather Armor	damaged-gear	armor body-armor damaged-gear goods leather tier-2	2	400
4390	12209	Sherborn_Leather_Armor_I	Sherborn Leather Armor	damaged-gear	armor body-armor damaged-gear goods leather tier-2	2	400
4391	113424	Vyrer_Leather_Armor	Vyer Leather Armor	damaged-gear	armor body-armor damaged-gear goods leather tier-2	2	400
4392	113425	Dweyi_Leather_Armor	Dewey Leather Armor	damaged-gear	armor body-armor damaged-gear goods leather tier-2	2	400
4393	113428	Dyrill_Leather_Armor	Dyrel Leather Armor	damaged-gear	armor body-armor damaged-gear goods leather tier-2	2	400
4394	113429	Merly_Leather_Armor	Merly Leather Armor	damaged-gear	armor body-armor damaged-gear goods leather tier-2	2	400
4395	113430	Trudy_Leather_Armor	Trudy Leather Armor	damaged-gear	armor body-armor damaged-gear goods leather tier-2	2	400
4396	113432	Dellian_Leather_Armor	Dellian Leather Armor	damaged-gear	armor body-armor damaged-gear goods leather tier-2	2	400
4397	113434	Bierny_Leather_Armor	Vierni Leather Armor	damaged-gear	armor body-armor damaged-gear goods leather tier-2	2	400
4398	113450	Wakhan_Leather_Armor	Wakhan Leather Armor	damaged-gear	armor body-armor damaged-gear goods leather tier-2	2	400
4399	113451	Valion_Leather_Armor	Valion Leather Armor	damaged-gear	armor body-armor damaged-gear goods leather tier-2	2	400
4400	113452	Plune_Leather_Armor	Plune Leather Armor	damaged-gear	armor body-armor damaged-gear goods leather tier-2	2	400
4401	113453	Rhytem_Leather_Armor	Rittem Leather Armor	damaged-gear	armor body-armor damaged-gear goods leather tier-2	2	400
4402	113454	Mocke_Leather_Armor	Mocke Leather Armor	damaged-gear	armor body-armor damaged-gear goods leather tier-2	2	400
4403	113455	Cheon_Leather_Armor	Chayten Leather Armor	damaged-gear	armor body-armor damaged-gear goods leather tier-2	2	400
4404	113457	Katerm_Leather_Armor	Katerm Leather Armor	damaged-gear	armor body-armor damaged-gear goods leather tier-2	2	400
4405	1000695	Phavan_Leather_Armor	Favan Leather Armor	damaged-gear	armor body-armor damaged-gear goods leather tier-2	2	400
4406	113523	Georg_Leather_Armor	Gorg Leather Armor	damaged-gear	armor body-armor damaged-gear goods leather tier-2	2	400
4407	113573	Glosope_Leather_Armor	Glosope Leather Armor	damaged-gear	armor body-armor damaged-gear goods leather tier-2	2	400
4408	113574	Norswitch_Leather_Armor	Norswich Leather Armor	damaged-gear	armor body-armor damaged-gear goods leather tier-2	2	400
4409	113587	Ranubio_Leather_Armor	Ranubio Leather Armor	damaged-gear	armor body-armor damaged-gear goods leather tier-2	2	400
4410	113597	Kedenly_Leather_Armor	Kednry Leather Armor	damaged-gear	armor body-armor damaged-gear goods leather tier-2	2	400
4411	113662	Greyfur_Leather_Armor	Greymanes' Leather Armor	damaged-gear	armor body-armor damaged-gear goods leather tier-2	2	400
4412	113664	Laviren_Leather_Armor	Ravirun Leather Armor	damaged-gear	armor body-armor damaged-gear goods leather tier-2	2	400
4413	113666	Saruen_Leather_Armor	Saruen Leather Armor	damaged-gear	armor body-armor damaged-gear goods leather tier-2	2	400
4414	113667	Rubbiden_Leather_Armor	Rubidan Leather Armor	damaged-gear	armor body-armor damaged-gear goods leather tier-2	2	400
4415	113668	Rehsian_Leather_Armor	Resian Leather Armor	damaged-gear	armor body-armor damaged-gear goods leather tier-2	2	400
4416	113690	Lotunsau_Leather_Armor	Rotunso Leather Armor	damaged-gear	armor body-armor damaged-gear goods leather tier-2	2	400
4417	113691	Rombardina_Leather_Armor	Rombardina Leather Armor	damaged-gear	armor body-armor damaged-gear goods leather tier-2	2	400
4418	113692	Sicillion_Leather_Armor	Sicillion Leather Armor	damaged-gear	armor body-armor damaged-gear goods leather tier-2	2	400
4419	1000207	Wells_Brigade_Rebel_Leather_Armor_I	Turncoat Leather Armor	damaged-gear	armor body-armor damaged-gear goods leather tier-2	2	400
4420	113693	Rhodelphine_Leather_Armor	Rhodelphine Leather Armor	damaged-gear	armor body-armor damaged-gear goods leather tier-2	2	400
4421	113694	Tarofierer_Leather_Armor	Tallofer Leather Armor	damaged-gear	armor body-armor damaged-gear goods leather tier-2	2	400
4422	1000197	Bleed_Alchemist_Fabric_Armor_I	Bleed Alchemist's Cloth Armor	damaged-gear	armor body-armor damaged-gear goods leather tier-2	2	400
4423	113701	Saolo_Leather_Armor	Saolo Leather Armor	damaged-gear	armor body-armor damaged-gear goods leather tier-2	2	400
4424	113702	Jevanars_Leather_Armor	Jevanars Leather Armor	damaged-gear	armor body-armor damaged-gear goods leather tier-2	2	400
4425	113707	Laplus_Leather_Armor	Laplace Leather Armor	damaged-gear	armor body-armor damaged-gear goods leather tier-2	2	400
4426	113708	Radiano_Leather_Armor	Radiano Leather Armor	damaged-gear	armor body-armor damaged-gear goods leather tier-2	2	400
4427	113709	Diorness_Leather_Armor	Dorness Leather Armor	damaged-gear	armor body-armor damaged-gear goods leather tier-2	2	400
4428	113713	Cantarts_Leather_Armor	Cantars Leather Armor	damaged-gear	armor body-armor damaged-gear goods leather tier-2	2	400
4429	113714	Pictead_Leather_Armor	Pictead Leather Armor	damaged-gear	armor body-armor damaged-gear goods leather tier-2	2	400
4430	113715	Varanguard_Leather_Armor	Varanguard Leather Armor	damaged-gear	armor body-armor damaged-gear goods leather tier-2	2	400
4431	113716	Skardoo_Leather_Armor	Scarteau Leather Armor	damaged-gear	armor body-armor damaged-gear goods leather tier-2	2	400
4432	113752	Noyvarn_Leather_Armor	Noyvarn Leather Armor	damaged-gear	armor body-armor damaged-gear goods leather tier-2	2	400
4433	113776	Huon_Leather_Armor	Huron Leather Armor	damaged-gear	armor body-armor damaged-gear goods leather tier-2	2	400
4434	113785	Grommet_Leather_Armor	Grommet Leather Armor	damaged-gear	armor body-armor damaged-gear goods leather tier-2	2	400
4435	2113169	Fontine_Leather_Armor	Fontine Leather Armor	damaged-gear	armor body-armor damaged-gear goods leather tier-2	2	400
4436	2113184	Darbaran_Leather_Armor	Darbaran Leather Armor	damaged-gear	armor body-armor damaged-gear goods leather tier-2	2	400
4437	2113155	Vendurs_Leather_Armor	Bendurs Leather Armor	damaged-gear	armor body-armor damaged-gear goods leather tier-2	2	400
4438	2113157	Bernold_Leather_Armor	Bennault Leather Armor	damaged-gear	armor body-armor damaged-gear goods leather tier-2	2	400
4439	2113158	Gallabay_Leather_Armor	Gallabay Leather Armor	damaged-gear	armor body-armor damaged-gear goods leather tier-2	2	400
4440	2113159	Bromarty_Leather_Armor	Brometi Leather Armor	damaged-gear	armor body-armor damaged-gear goods leather tier-2	2	400
4441	2113160	Galustin_Leather_Armor	Galustin Leather Armor	damaged-gear	armor body-armor damaged-gear goods leather tier-2	2	400
4442	2113161	Baltimer_Leather_Armor	Baltimier Leather Armor	damaged-gear	armor body-armor damaged-gear goods leather tier-2	2	400
4443	1002720	Drunk_BlackBears_Elite_Leather_Armor	Black Bear Officer's Leather Armor	damaged-gear	armor body-armor damaged-gear goods leather tier-2	2	400
4444	2113164	Artisan_Leather_Armor	Arteyan Leather Armor	damaged-gear	armor body-armor damaged-gear goods leather tier-2	2	400
4445	2113165	Dartus_Leather_Armor	Dartus Leather Armor	damaged-gear	armor body-armor damaged-gear goods leather tier-2	2	400
4446	2113188	Volf_Leather_Armor	Rolfe Leather Armor	damaged-gear	armor body-armor damaged-gear goods leather tier-2	2	400
4447	2113189	Dux_Leather_Armor	Dux Leather Armor	damaged-gear	armor body-armor damaged-gear goods leather tier-2	2	400
4448	2113194	Delfrid_Leather_Armor	Delfreid Leather Armor	damaged-gear	armor body-armor damaged-gear goods leather tier-2	2	400
4449	2113195	Carphalen_Leather_Armor	Carphalen Leather Armor	damaged-gear	armor body-armor damaged-gear goods leather tier-2	2	400
4450	2113202	Pormeranian_Leather_Armor	Pomerin Leather Armor	damaged-gear	armor body-armor damaged-gear goods leather tier-2	2	400
4451	2113203	Deltlin_Leather_Armor	Deltin Leather Armor	damaged-gear	armor body-armor damaged-gear goods leather tier-2	2	400
4452	2113207	Soldworth_Leather_Armor	Solworth Leather Armor	damaged-gear	armor body-armor damaged-gear goods leather tier-2	2	400
4453	2113208	Dowsampton_Leather_Armor	Dowsampton Leather Armor	damaged-gear	armor body-armor damaged-gear goods leather tier-2	2	400
4454	2113231	Hermalfaya_Leather_Armor	Helpaia Leather Armor	damaged-gear	armor body-armor damaged-gear goods leather tier-2	2	400
4455	113711	Anruditz_Leather_Armor	Anderitz Leather Armor	damaged-gear	armor body-armor damaged-gear goods leather tier-2	2	400
4456	113712	Rhapts_Leather_Armor	Rapps Leather Armor	damaged-gear	armor body-armor damaged-gear goods leather tier-2	2	400
4457	113733	Mawin_Leather_Armor	Mavin Leather Armor	damaged-gear	armor body-armor damaged-gear goods leather tier-2	2	400
4458	1163701	Elai_Leather_Armor	Eli's Attire	damaged-gear	armor body-armor damaged-gear goods leather tier-2	2	400
4459	113550	Daibeads_Leather_Armor	Davis Leather Armor	damaged-gear	armor body-armor damaged-gear goods leather tier-2	2	400
4460	113510	Seidin_Leather_Armor	Seiden Leather Armor	damaged-gear	armor body-armor damaged-gear goods leather tier-2	2	400
4461	113511	Soron_Leather_Armor	Soron Leather Armor	damaged-gear	armor body-armor damaged-gear goods leather tier-2	2	400
4462	1002111	Bleed_Bandits_Leather_Armor	Bleed Officer's Leather Armor	damaged-gear	armor body-armor damaged-gear goods leather tier-2	2	400
4463	133040	Steyer_Leather_Boots	Steyer Leather Boots	damaged-gear	armor boots damaged-gear goods leather tier-2	2	120
4464	133118	Mornington_Leather_Boots	Mornington Leather Boots	damaged-gear	armor boots damaged-gear goods leather tier-2	2	120
4465	133330	Esahah_Leather_Boots	Esha Leather Boots	damaged-gear	armor boots damaged-gear goods leather tier-2	2	120
4466	133333	Vixer_Leather_Boots	Vixer Leather Shoes	damaged-gear	armor boots damaged-gear goods leather tier-2	2	120
4467	133347	Dolters_Leather_Boots	Dolters Leather Boots	damaged-gear	armor boots damaged-gear goods leather tier-2	2	120
4468	133328	Begill_Leather_Boots	Begill Leather Boots	damaged-gear	armor boots damaged-gear goods leather tier-2	2	120
4469	2133015	Daine_Leather_Boots	Daine Leather Boots	damaged-gear	armor boots damaged-gear goods leather tier-2	2	120
4470	2133060	Desert_Harrier_Leather_Boots_II	Helms Leather Boots	damaged-gear	armor boots damaged-gear goods leather tier-2	2	120
4471	2133068	Chile_Leather_Boots	Cherlay Leather Boots	damaged-gear	armor boots damaged-gear goods leather tier-2	2	120
4472	2133203	Dragon_Slayer_Leather_Boots	Flame Knights Leather Boots	damaged-gear	armor boots damaged-gear goods leather tier-2	2	120
4473	133088	Lebideuo_Leather_Boots	Levinto Leather Boots	damaged-gear	armor boots damaged-gear goods leather tier-2	2	120
4474	133038	Dublin_Leather_Boots	Derting Leather Boots	damaged-gear	armor boots damaged-gear goods leather tier-2	2	120
4475	133166	Sidmon_Leather_Boots	Sydmon Leather Boots	damaged-gear	armor boots damaged-gear goods leather tier-2	2	120
4476	131027	Tyrdal_Leather_Boots	Tyrdall Leather Boots	damaged-gear	armor boots damaged-gear goods leather tier-2	2	120
4477	133023	Arghai_Leather_Boots	Arghai Leather Boots	damaged-gear	armor boots damaged-gear goods leather tier-2	2	120
4478	133024	Nevin_Leather_Boots	Nevin Leather Boots	damaged-gear	armor boots damaged-gear goods leather tier-2	2	120
4479	133067	Pierpont_Leather_Boots	Pierpont Leather Boots	damaged-gear	armor boots damaged-gear goods leather tier-2	2	120
4480	133092	Colbern_Leather_Boots	Colbern Leather Boots	damaged-gear	armor boots damaged-gear goods leather tier-2	2	120
4481	133175	Crudil_Leather_Boots	Crudil Leather Boots	damaged-gear	armor boots damaged-gear goods leather tier-2	2	120
4482	133199	Dimfeld_Leather_Boots	Dimfeld Leather Boots	damaged-gear	armor boots damaged-gear goods leather tier-2	2	120
4483	133243	Dioburn_Leather_Boots	Diovern Leather Boots	damaged-gear	armor boots damaged-gear goods leather tier-2	2	120
4484	133251	Oakten_Leather_Boots	Oakten Leather Boots	damaged-gear	armor boots damaged-gear goods leather tier-2	2	120
4485	133253	Seras_Leather_Boots	Seras Leather Boots	damaged-gear	armor boots damaged-gear goods leather tier-2	2	120
4486	133258	Boboten_Leather_Boots	Bourveten Leather Boots	damaged-gear	armor boots damaged-gear goods leather tier-2	2	120
4487	133295	Laitaa_Leather_Boots	Layta Leather Boots	damaged-gear	armor boots damaged-gear goods leather tier-2	2	120
4488	133304	Rickaltje_Leather_Boots	Ligatra Leather Boots	damaged-gear	armor boots damaged-gear goods leather tier-2	2	120
4489	1000471	Myurdin_Leather_Boots	Myurdin's Leather Boots	damaged-gear	armor boots damaged-gear goods leather tier-2	2	120
4490	2133050	Rafflia_Leather_Boots	Raphelia Leather Boots	damaged-gear	armor boots damaged-gear goods leather tier-2	2	120
4491	133249	Erphy_Leather_Boots	Erphy Leather Boots	damaged-gear	armor boots damaged-gear goods leather tier-2	2	120
4492	133261	Querville_Leather_Boots	Kervel Leather Boots	damaged-gear	armor boots damaged-gear goods leather tier-2	2	120
4493	133308	Maredid_Leather_Boots	Maldrick Leather Boots	damaged-gear	armor boots damaged-gear goods leather tier-2	2	120
4494	133324	Studded_Leather_Boots	Stoddard Leather Boots	damaged-gear	armor boots damaged-gear goods leather tier-2	2	120
4495	2133033	Martin_Leather_Boots	Martin's Leather Boots	damaged-gear	armor boots damaged-gear goods leather tier-2	2	120
4496	2133046	Lutia_Leather_Boots	Lutia Leather Boots	damaged-gear	armor boots damaged-gear goods leather tier-2	2	120
4497	133351	Allbit_Leather_Boots	Alvitt Leather Boots	damaged-gear	armor boots damaged-gear goods leather tier-2	2	120
4498	133022	Tobias_Leather_Boots	Tobias Leather Boots	damaged-gear	armor boots damaged-gear goods leather tier-2	2	120
4499	12303	Sarantos_Leather_Boots_I	Dirty Sarantos Leather Boots	damaged-gear	armor boots damaged-gear goods leather tier-2	2	120
4500	653811650	Sarantos_Leather_Boots_II	Worn Sarantos Leather Boots	damaged-gear	armor boots damaged-gear goods leather tier-2	2	120
4501	132007	Rakuzen_Leather_Boots	Rezzcan Leather Boots	damaged-gear	armor boots damaged-gear goods leather tier-2	2	120
4502	132008	Baku_Leather_Boots	Baku Leather Boots	damaged-gear	armor boots damaged-gear goods leather tier-2	2	120
4503	133001	Cigar_Leather_Boots	Seiger Leather Boots	damaged-gear	armor boots damaged-gear goods leather tier-2	2	120
4504	133005	Roderem_Leather_Boots	Rodderham Leather Boots	damaged-gear	armor boots damaged-gear goods leather tier-2	2	120
4505	133013	Eustis_Leather_Boots	Eustice Leather Boots	damaged-gear	armor boots damaged-gear goods leather tier-2	2	120
4506	133035	Cournantry_Leather_Boots	Conentry Leather Boots	damaged-gear	armor boots damaged-gear goods leather tier-2	2	120
4507	133037	Midlier_Leather_Boots	Midlier Leather Boots	damaged-gear	armor boots damaged-gear goods leather tier-2	2	120
4508	133054	Lain_Leather_Boots	Layne Leather Boots	damaged-gear	armor boots damaged-gear goods leather tier-2	2	120
4509	1004779	Cornia_Leather_Boots	Cornia Leather Boots	damaged-gear	armor boots damaged-gear goods leather tier-2	2	120
4510	133061	Cadwallon_Leather_Boots	Kadallon's Leather Boots	damaged-gear	armor boots damaged-gear goods leather tier-2	2	120
4511	133070	Deerprice_Leather_Boots	Dyrfrith Leather Boots	damaged-gear	armor boots damaged-gear goods leather tier-2	2	120
4512	133089	Ruthie_Leather_Boots	Ruthie Leather Boots	damaged-gear	armor boots damaged-gear goods leather tier-2	2	120
4513	133124	Russmore_Leather_Boots	Russmore Leather Boots	damaged-gear	armor boots damaged-gear goods leather tier-2	2	120
4514	133140	NearNym_Leather_Boots	Neirnim Leather Boots	damaged-gear	armor boots damaged-gear goods leather tier-2	2	120
4515	133193	Trouter_Leather_Boots	Trowder Leather Boots	damaged-gear	armor boots damaged-gear goods leather tier-2	2	120
4516	133197	Norman_Leather_Boots	Norman Leather Boots	damaged-gear	armor boots damaged-gear goods leather tier-2	2	120
4517	133202	Rhias_Leather_Boots	Reus Leather Boots	damaged-gear	armor boots damaged-gear goods leather tier-2	2	120
4518	133205	Cilantro_Leather_Boots	Sillau Leather Boots	damaged-gear	armor boots damaged-gear goods leather tier-2	2	120
4519	133206	Piatol_Leather_Boots	Fiatol Leather Boots	damaged-gear	armor boots damaged-gear goods leather tier-2	2	120
4520	133227	Reikiru_Leather_Boots	Leegrau Leather Boots	damaged-gear	armor boots damaged-gear goods leather tier-2	2	120
4521	1000117	BountyHunter_Leather_Boots	Bounty Hunter's Leather Boots	damaged-gear	armor boots damaged-gear goods leather tier-2	2	120
4522	1000136	BountyHunter_Leather_Boots_I	Strapped Bounty Hunter's Leather Boots	damaged-gear	armor boots damaged-gear goods leather tier-2	2	120
4523	133229	Hordyroar_Leather_Boots	Hoardroar Leather Boots	damaged-gear	armor boots damaged-gear goods leather tier-2	2	120
4524	133235	Trish_Leather_Boots	Trish Leather Boots	damaged-gear	armor boots damaged-gear goods leather tier-2	2	120
4525	133236	Katitz_Leather_Boots	Katitz Leather Boots	damaged-gear	armor boots damaged-gear goods leather tier-2	2	120
4526	133241	Rune_Leather_Boots	Runae Leather Boots	damaged-gear	armor boots damaged-gear goods leather tier-2	2	120
4527	133242	Carcon_Leather_Boots	Carcon Leather Boots	damaged-gear	armor boots damaged-gear goods leather tier-2	2	120
4528	1001790	Iguana_Rider_Leather_Boots	Iguana Rider Leather Boots	damaged-gear	armor boots damaged-gear goods leather tier-2	2	120
4529	133254	Cateine_Leather_Boots	Cateine Leather Boots	damaged-gear	armor boots damaged-gear goods leather tier-2	2	120
4530	133256	Lowuti_Leather_Boots	Loutte Leather Boots	damaged-gear	armor boots damaged-gear goods leather tier-2	2	120
4531	133259	Laonkel_Leather_Boots	Lankel Leather Boots	damaged-gear	armor boots damaged-gear goods leather tier-2	2	120
4532	133260	Gainik_Leather_Boots	Gannech Leather Boots	damaged-gear	armor boots damaged-gear goods leather tier-2	2	120
4533	133262	Walder_Leather_Boots	Walder Leather Boots	damaged-gear	armor boots damaged-gear goods leather tier-2	2	120
4534	133263	Donaf_Leather_Boots	Donaff Leather Boots	damaged-gear	armor boots damaged-gear goods leather tier-2	2	120
4535	133274	Tyran_Leather_Boots	Tyran Leather Boots	damaged-gear	armor boots damaged-gear goods leather tier-2	2	120
4536	133281	Saruen_Leather_Boots	Saruen Leather Boots	damaged-gear	armor boots damaged-gear goods leather tier-2	2	120
4537	133284	Pasti_Leather_Boots	Pasti Leather Boots	damaged-gear	armor boots damaged-gear goods leather tier-2	2	120
4538	133288	Casanta_Leather_Boots	Kassantra Leather Boots	damaged-gear	armor boots damaged-gear goods leather tier-2	2	120
4539	133294	Danekoche_Leather_Boots	Dannoche Leather Boots	damaged-gear	armor boots damaged-gear goods leather tier-2	2	120
4540	133296	Cacheco_Leather_Boots	Catcheta Leather Boots	damaged-gear	armor boots damaged-gear goods leather tier-2	2	120
4541	133297	Kaiko_Leather_Boots	Caico Leather Boots	damaged-gear	armor boots damaged-gear goods leather tier-2	2	120
4542	133298	Casco_Leather_Boots	Cosgrove Leather Boots	damaged-gear	armor boots damaged-gear goods leather tier-2	2	120
4543	133299	Kairu_Leather_Boots	Caelough Leather Boots	damaged-gear	armor boots damaged-gear goods leather tier-2	2	120
4544	133300	Kajet_Leather_Boots	Kasset Leather Boots	damaged-gear	armor boots damaged-gear goods leather tier-2	2	120
4545	133301	Caisro_Leather_Boots	Cassrow Leather Boots	damaged-gear	armor boots damaged-gear goods leather tier-2	2	120
4546	133305	Cantu_Leather_Boots	Cantu Leather Boots	damaged-gear	armor boots damaged-gear goods leather tier-2	2	120
4547	133310	Tuetti_Leather_Boots	Trilly Leather Boots	damaged-gear	armor boots damaged-gear goods leather tier-2	2	120
4548	133321	Lasian_Leather_Boots	Lasian Leather Boots	damaged-gear	armor boots damaged-gear goods leather tier-2	2	120
4549	133322	Ludynn_Leather_Boots	Ludynn Leather Greaves	damaged-gear	armor boots damaged-gear goods leather tier-2	2	120
4550	133323	Kurua_Leather_Boots	Kurua Leather Boots	damaged-gear	armor boots damaged-gear goods leather tier-2	2	120
4551	133327	Hooburn_Leather_Boots	Hauvern Leather Boots	damaged-gear	armor boots damaged-gear goods leather tier-2	2	120
4552	133350	Obit_Leather_Boots	Orbit Leather Boots	damaged-gear	armor boots damaged-gear goods leather tier-2	2	120
4553	133352	Arendyer_Leather_Boots	Arrenya Leather Boots	damaged-gear	armor boots damaged-gear goods leather tier-2	2	120
4554	133353	Belui_Leather_Boots	Belui Leather Boots	damaged-gear	armor boots damaged-gear goods leather tier-2	2	120
4555	134022	Marathion_Leather_Boots	Marrada Leather Boots	damaged-gear	armor boots damaged-gear goods leather tier-2	2	120
4556	134023	Endoron_Leather_Boots	Endoron Leather Boots	damaged-gear	armor boots damaged-gear goods leather tier-2	2	120
4557	134052	Matia_Leather_Boots	Matia Leather Boots	damaged-gear	armor boots damaged-gear goods leather tier-2	2	120
4558	2133012	Akesti_Leather_Boots	Agstree Leather Boots	damaged-gear	armor boots damaged-gear goods leather tier-2	2	120
4559	2133013	Deidre_Leather_Boots	Deidre Leather Boots	damaged-gear	armor boots damaged-gear goods leather tier-2	2	120
4560	2133022	Illinoeon_Leather_Boots	Infreen Leather Boots	damaged-gear	armor boots damaged-gear goods leather tier-2	2	120
4561	1000067	lilian_Leather_Boots	Lilian Leather Boots	damaged-gear	armor boots damaged-gear goods leather tier-2	2	120
4562	2133025	Ratuni_Leather_Boots	Lutteri Leather Boots	damaged-gear	armor boots damaged-gear goods leather tier-2	2	120
4563	2133028	Laputi_Leather_Boots	Lapprette Leather Boots	damaged-gear	armor boots damaged-gear goods leather tier-2	2	120
4564	2133040	Latir_Leather_Boots	Latear Leather Boots	damaged-gear	armor boots damaged-gear goods leather tier-2	2	120
4565	2133041	Munterd_Leather_Boots	Munndt Leather Boots	damaged-gear	armor boots damaged-gear goods leather tier-2	2	120
4566	2133043	Estir_Leather_Boots	Estelle Leather Boots	damaged-gear	armor boots damaged-gear goods leather tier-2	2	120
4567	2133140	Luconek_Leather_Boots	Rueconec Leather Boots	damaged-gear	armor boots damaged-gear goods leather tier-2	2	120
4568	133146	Matis_Leather_Boots	Matis Leather Greaves	damaged-gear	armor boots damaged-gear goods leather tier-2	2	120
4569	1000173	Goblin_Merchant_Soldier_Leather_Boots_I	Goldleaves' Leather Boots	damaged-gear	armor boots damaged-gear goods leather tier-2	2	120
4570	1001179	Hymns_of_Dusk_Leather_Boots_I	Dusksongs Leather Boots	damaged-gear	armor boots damaged-gear goods leather tier-2	2	120
4571	123053	Cadwallon_Leather_Gloves	Kadallon Leather Gloves	damaged-gear	armor damaged-gear gloves goods leather tier-2	2	140
4572	123061	Rhyspidon_Leather_Gloves	Lespedan Leather Gloves	damaged-gear	armor damaged-gear gloves goods leather tier-2	2	140
4573	123070	Andria_Leather_Gloves	Andria Leather Gloves	damaged-gear	armor damaged-gear gloves goods leather tier-2	2	140
4574	123119	Ladete_Leather_Gloves	Layddete Leather Gloves	damaged-gear	armor damaged-gear gloves goods leather tier-2	2	140
4575	123027	Claire_Leather_Gloves	Claire Leather Gloves	damaged-gear	armor damaged-gear gloves goods leather tier-2	2	140
4576	123146	Cruedil_Leather_Gloves	Crudil Leather Gloves	damaged-gear	armor damaged-gear gloves goods leather tier-2	2	140
4577	123183	David_Leather_Gloves	Daveed Leather Gloves	damaged-gear	armor damaged-gear gloves goods leather tier-2	2	140
4578	123193	Likenin_Leather_Gloves	Lennigen Leather Gloves	damaged-gear	armor damaged-gear gloves goods leather tier-2	2	140
4579	123212	Porugate_Leather_Gloves	Brogant Leather Gloves	damaged-gear	armor damaged-gear gloves goods leather tier-2	2	140
4580	123227	Mechlin_Leather_Gloves	Mechlin Leather Gloves	damaged-gear	armor damaged-gear gloves goods leather tier-2	2	140
4581	123246	Riknaon_Leather_Gloves	Rignon Leather Gloves	damaged-gear	armor damaged-gear gloves goods leather tier-2	2	140
4582	123295	Mache_Leather_Gloves	Mache Leather Gloves	damaged-gear	armor damaged-gear gloves goods leather tier-2	2	140
4583	123333	Bunce_Leather_Gloves	Bunce Leather Gloves	damaged-gear	armor damaged-gear gloves goods leather tier-2	2	140
4584	123337	Rapitz_Leather_Gloves	Rannys Leather Gloves	damaged-gear	armor damaged-gear gloves goods leather tier-2	2	140
4585	123368	diereuben_Leather_Gloves	Dirrebin Leather Bracers	damaged-gear	armor damaged-gear gloves goods leather tier-2	2	140
4586	123374	Gaimeon_Leather_Gloves	Gaiman Leather Gloves	damaged-gear	armor damaged-gear gloves goods leather tier-2	2	140
4587	12403	Redleader_Leather_Gloves	Red Rider's Leather Gloves	damaged-gear	armor damaged-gear gloves goods leather tier-2	2	140
4588	121006	Trish_Leather_Gloves	Trish Leather Gloves	damaged-gear	armor damaged-gear gloves goods leather tier-2	2	140
4589	121007	Litra_Leather_Gloves	Leahdra Leather Gloves	damaged-gear	armor damaged-gear gloves goods leather tier-2	2	140
4590	121008	Veil_Leather_Gloves	Veile Leather Gloves	damaged-gear	armor damaged-gear gloves goods leather tier-2	2	140
4591	121009	Veroon_Leather_Gloves	Behrun Leather Bracers	damaged-gear	armor damaged-gear gloves goods leather tier-2	2	140
4592	123014	Johnnycolo_Leather_Gloves	Janiklo Leather Gloves	damaged-gear	armor damaged-gear gloves goods leather tier-2	2	140
4593	123018	Berkhia_Leather_Gloves	Berkhia Leather Gloves	damaged-gear	armor damaged-gear gloves goods leather tier-2	2	140
4594	123043	Londel_Leather_Gloves	Rondel Leather Gloves	damaged-gear	armor damaged-gear gloves goods leather tier-2	2	140
4595	123052	Vain_Leather_Gloves	Byren's Leather Gloves	damaged-gear	armor damaged-gear gloves goods leather tier-2	2	140
4596	123055	Sarun_Leather_Gloves	Salun Leather Gloves	damaged-gear	armor damaged-gear gloves goods leather tier-2	2	140
4597	123064	Kadel_Leather_Gloves	Rheigis Leather Gloves	damaged-gear	armor damaged-gear gloves goods leather tier-2	2	140
4598	123069	Woodys_Leather_Gloves	Wyrdins Leather Gloves	damaged-gear	armor damaged-gear gloves goods leather tier-2	2	140
4599	123077	Rossbara_Leather_Gloves	Rossbara Leather Gloves	damaged-gear	armor damaged-gear gloves goods leather tier-2	2	140
4600	123084	Rhinard_Leather_Gloves	Rhinard Leather Gloves	damaged-gear	armor damaged-gear gloves goods leather tier-2	2	140
4601	123101	Balindeuri_Leather_Gloves	Bandellure Leather Gloves	damaged-gear	armor damaged-gear gloves goods leather tier-2	2	140
4602	123104	Nocburn_Leather_Gloves	Nocburn Leather Gloves	damaged-gear	armor damaged-gear gloves goods leather tier-2	2	140
4603	123106	Drumard_Leather_Gloves	Drumard Leather Gloves	damaged-gear	armor damaged-gear gloves goods leather tier-2	2	140
4604	123110	Stratton_Leather_Gloves	Stratton Leather Gloves	damaged-gear	armor damaged-gear gloves goods leather tier-2	2	140
4605	123112	Hegeh_Leather_Gloves	Hegea Leather Gloves	damaged-gear	armor damaged-gear gloves goods leather tier-2	2	140
4606	123113	Kamsen_Leather_Gloves	Camsen Leather Gloves	damaged-gear	armor damaged-gear gloves goods leather tier-2	2	140
4607	123024	Karacorum_Leather_Gloves	Cacoreum Leather Gloves	damaged-gear	armor damaged-gear gloves goods leather tier-2	2	140
4608	1517182727	Karacorum_Leather_Gloves_I	Cacoreum Leather Gloves	damaged-gear	armor damaged-gear gloves goods leather tier-2	2	140
4609	123031	Hark_Leather_Gloves	Hark Leather Gloves	damaged-gear	armor damaged-gear gloves goods leather tier-2	2	140
4610	123040	Ebenezer_Leather_Gloves	Ebenezer Leather Gloves	damaged-gear	armor damaged-gear gloves goods leather tier-2	2	140
4611	123151	Calio_Leather_Gloves	Calio's Leather Gloves	damaged-gear	armor damaged-gear gloves goods leather tier-2	2	140
4612	1623232302	Calio_Leather_Gloves_I	Calio's Leather Gloves	damaged-gear	armor damaged-gear gloves goods leather tier-2	2	140
4613	123152	Biryghton_Leather_Gloves	Viraiton Leather Gloves	damaged-gear	armor damaged-gear gloves goods leather tier-2	2	140
4614	123155	Maeve_Leather_Gloves	Maeve Leather Gloves	damaged-gear	armor damaged-gear gloves goods leather tier-2	2	140
4615	123169	Caviden_Leather_Gloves	Caviden Leather Gloves	damaged-gear	armor damaged-gear gloves goods leather tier-2	2	140
4616	123181	Rhystizer_Leather_Gloves_I	Rowley Leather Gloves	damaged-gear	armor damaged-gear gloves goods leather tier-2	2	140
4617	123197	Mediratu_Leather_Gloves	Merridew Leather Bracers	damaged-gear	armor damaged-gear gloves goods leather tier-2	2	140
4618	123203	Aldwin_Leather_Gloves	Aldwin Leather Gloves	damaged-gear	armor damaged-gear gloves goods leather tier-2	2	140
4619	123209	Wegalawn_Leather_Gloves	Vicaron Leather Gloves	damaged-gear	armor damaged-gear gloves goods leather tier-2	2	140
4620	123211	Repo_Leather_Gloves	Leppo Leather Gloves	damaged-gear	armor damaged-gear gloves goods leather tier-2	2	140
4621	123219	Deernil_Leather_Gloves	Delinell's Leather Gloves	damaged-gear	armor damaged-gear gloves goods leather tier-2	2	140
4622	2019832942	Deernil_Leather_Gloves_I	Delinell's Leather Gloves	damaged-gear	armor damaged-gear gloves goods leather tier-2	2	140
4623	123221	Campbell_Leather_Gloves	Keimbel Leather Gloves	damaged-gear	armor damaged-gear gloves goods leather tier-2	2	140
4624	123224	Persein_Leather_Gloves	Persein Leather Gloves	damaged-gear	armor damaged-gear gloves goods leather tier-2	2	140
4625	1133297555	Persein_Leather_Gloves_I	Persein Leather Gloves	damaged-gear	armor damaged-gear gloves goods leather tier-2	2	140
4626	123228	Acembel_Leather_Gloves	Essembel Leather Gloves	damaged-gear	armor damaged-gear gloves goods leather tier-2	2	140
4627	123229	Contra_Leather_Gloves	Contra Leather Gloves	damaged-gear	armor damaged-gear gloves goods leather tier-2	2	140
4628	123247	Lecruon_Leather_Gloves	Reclonne Leather Gloves	damaged-gear	armor damaged-gear gloves goods leather tier-2	2	140
4629	123251	Tirone_Leather_Gloves	Tiron Leather Gloves	damaged-gear	armor damaged-gear gloves goods leather tier-2	2	140
4630	123252	Taron_Leather_Gloves	Taylonne Leather Gloves	damaged-gear	armor damaged-gear gloves goods leather tier-2	2	140
4631	123261	Saruen_Leather_Gloves	Saruen Leather Gloves	damaged-gear	armor damaged-gear gloves goods leather tier-2	2	140
4632	123267	Luka_Leather_Gloves	Luca Leather Gloves	damaged-gear	armor damaged-gear gloves goods leather tier-2	2	140
4633	123274	Lukas_Leather_Gloves	Lukas' Leather Gloves	damaged-gear	armor damaged-gear gloves goods leather tier-2	2	140
4634	123288	LasentaKum_Leather_Gloves	Renshaku Leather Gloves	damaged-gear	armor damaged-gear gloves goods leather tier-2	2	140
4635	123289	Rasens_Leather_Gloves	Reshesh Leather Gloves	damaged-gear	armor damaged-gear gloves goods leather tier-2	2	140
4636	123291	Rasku_Leather_Gloves	Ravellu Leather Gloves	damaged-gear	armor damaged-gear gloves goods leather tier-2	2	140
4637	123301	Bolson_Leather_Gloves	Bolson Leather Gloves	damaged-gear	armor damaged-gear gloves goods leather tier-2	2	140
4638	123318	BlackBear_Leather_Gloves	Black Bear Leather Gloves	damaged-gear	armor damaged-gear gloves goods leather tier-2	2	140
4639	123332	Tran_Leather_Gloves	Dram Leather Bracers	damaged-gear	armor damaged-gear gloves goods leather tier-2	2	140
4640	123344	dain_Leather_Gloves	Dane Leather Bands	damaged-gear	armor damaged-gear gloves goods leather tier-2	2	140
4641	123356	Birdish_Leather_Gloves	Verdesh Leather Gloves	damaged-gear	armor damaged-gear gloves goods leather tier-2	2	140
4642	123360	Waller_Leather_Gloves	Waller Leather Gloves	damaged-gear	armor damaged-gear gloves goods leather tier-2	2	140
4643	124019	White_Douglas_Leather_Gloves	Crowcaller's White Leather Bracers	damaged-gear	armor damaged-gear gloves goods leather tier-2	2	140
4644	2133086	Deole_Leather_Gloves	Dwelle Leather Gloves	damaged-gear	armor damaged-gear gloves goods leather tier-2	2	140
4645	2133127	Petra_Leather_Gloves	Petra Leather Gloves	damaged-gear	armor damaged-gear gloves goods leather tier-2	2	140
4646	123117	Matthias_Leather_Gloves	Matthias' Leather Gloves	damaged-gear	armor damaged-gear gloves goods leather tier-2	2	140
4647	1000046	BountyHunter_Leather_Gloves	Ringed Leather Gloves	damaged-gear	armor damaged-gear gloves goods leather tier-2	2	140
4648	1000813	MiddleBoss_Pailoon_Ludvig_Leather_Gloves	Jackal Officer's Leather Gloves	damaged-gear	armor damaged-gear gloves goods leather tier-2	2	140
4649	1002587	Bleed_Bandits_Leather_Gloves	Bleed Officer's Leather Gloves	damaged-gear	armor damaged-gear gloves goods leather tier-2	2	140
4650	1000736	Brimstone_Leather_Helm_II	Demeniss Brimstone Gas Mask	damaged-gear	armor damaged-gear goods helm leather tier-2	2	180
4651	396540194	Drug_Leather_Helm_I	Bleed Bandits' Gas Mask	damaged-gear	armor damaged-gear goods helm leather tier-2	2	180
4652	2053286856	Drug_Leather_Helm_II	Bleed Bandits' Makeshift Gas Mask	damaged-gear	armor damaged-gear goods helm leather tier-2	2	180
4653	1000369	Hellhonds_Leather_Helm	Hellhound Leather Helm	damaged-gear	armor damaged-gear goods helm leather tier-2	2	180
4654	103047	Luconek_Leather_Helm	Rueconec Leather Hat	damaged-gear	armor damaged-gear goods helm leather tier-2	2	180
4655	103049	Argatah_Leather_Helm	Agatha Leather Helm	damaged-gear	armor damaged-gear goods helm leather tier-2	2	180
4656	103033	Melvin_Leather_Helm	Melvin Leather Cap	damaged-gear	armor damaged-gear goods helm leather tier-2	2	180
4657	113710	Ondrikhan_Leather_Armor	Undriga Leather Armor	damaged-gear	armor body-armor damaged-gear goods leather tier-1	1	200
4658	113780	Herween_Leather_Armor	Herwin Leather Armor	damaged-gear	armor body-armor damaged-gear goods leather tier-1	1	200
4659	113788	Nihrutte_Leather_Armor	Nehrut Leather Armor	damaged-gear	armor body-armor damaged-gear goods leather tier-1	1	200
4660	2113108	Derovidine_Leather_Armor	Dellovian Leather Armor	damaged-gear	armor body-armor damaged-gear goods leather tier-1	1	200
4661	2113183	Cradbahn_Leather_Armor	Cradbahn Leather Armor	damaged-gear	armor body-armor damaged-gear goods leather tier-1	1	200
4662	113791	Kaisan_Leather_Armor	Kaisan Leather Armor	damaged-gear	armor body-armor damaged-gear goods leather tier-1	1	200
4663	113770	Gomel_Leather_Armor	Gomel Leather Armor	damaged-gear	armor body-armor damaged-gear goods leather tier-1	1	200
4664	111218	Russell_Leather_Armor	Russell Leather Armor	damaged-gear	armor body-armor damaged-gear goods leather tier-1	1	200
4665	113008	Twelgh_Leather_Armor	Twell Leather Armor	damaged-gear	armor body-armor damaged-gear goods leather tier-1	1	200
4666	113098	Beastman_Leather_Armor	Beastman Leather Armor	damaged-gear	armor body-armor damaged-gear goods leather tier-1	1	200
4667	113426	Arqus_Leather_Armor	Arqus Leather Armor	damaged-gear	armor body-armor damaged-gear goods leather tier-1	1	200
4668	113427	Dirmall_Leather_Armor	Dremel Leather Armor	damaged-gear	armor body-armor damaged-gear goods leather tier-1	1	200
4669	113431	Drheebahn_Leather_Armor	Dreban Leather Armor	damaged-gear	armor body-armor damaged-gear goods leather tier-1	1	200
4670	113433	Qunicks_Leather_Armor	Kenecks Leather Armor	damaged-gear	armor body-armor damaged-gear goods leather tier-1	1	200
4671	113435	Bloatte_Leather_Armor	Blaine Leather Armor	damaged-gear	armor body-armor damaged-gear goods leather tier-1	1	200
4672	113436	Cyton_Leather_Armor	Cyton Leather Armor	damaged-gear	armor body-armor damaged-gear goods leather tier-1	1	200
4673	113456	Colatte_Leather_Armor	Colatte Leather Armor	damaged-gear	armor body-armor damaged-gear goods leather tier-1	1	200
4674	113495	Duncan_Leather_Armor	Dunqane Leather Armor	damaged-gear	armor body-armor damaged-gear goods leather tier-1	1	200
4675	113499	Finraysen_Leather_Armor	Finneron Leather Armor	damaged-gear	armor body-armor damaged-gear goods leather tier-1	1	200
4676	113502	Oharah_Leather_Armor	Ohara Leather Armor	damaged-gear	armor body-armor damaged-gear goods leather tier-1	1	200
4677	113568	Mohill_Leather_Armor	Mohill Leather Armor	damaged-gear	armor body-armor damaged-gear goods leather tier-1	1	200
4678	113569	Lunpherd_Leather_Armor	Lunpherd Leather Armor	damaged-gear	armor body-armor damaged-gear goods leather tier-1	1	200
4679	113570	Esleague_Leather_Armor	Islekk Leather Armor	damaged-gear	armor body-armor damaged-gear goods leather tier-1	1	200
4680	113571	Balindean_Leather_Armor	Baladean Leather Armor	damaged-gear	armor body-armor damaged-gear goods leather tier-1	1	200
4681	113647	Tirone_Leather_Armor	Tiron Leather Armor	damaged-gear	armor body-armor damaged-gear goods leather tier-1	1	200
4682	113650	Groucca_Leather_Armor	Groucca Leather Armor	damaged-gear	armor body-armor damaged-gear goods leather tier-1	1	200
4683	113657	Greeney_Leather_Armor	Greeney Leather Armor	damaged-gear	armor body-armor damaged-gear goods leather tier-1	1	200
4684	113671	Rarksian_Leather_Armor	Larkson Leather Armor	damaged-gear	armor body-armor damaged-gear goods leather tier-1	1	200
4685	113698	Vuldrion_Leather_Armor	Valldren Leather Armor	damaged-gear	armor body-armor damaged-gear goods leather tier-1	1	200
4686	113704	Drottesel_Leather_Armor	Drossel Leather Armor	damaged-gear	armor body-armor damaged-gear goods leather tier-1	1	200
4687	113725	Gaut_Leather_Armor	Gaut Leather Armor	damaged-gear	armor body-armor damaged-gear goods leather tier-1	1	200
4688	113730	Schlitz_Leather_Armor	Schlitz Leather Armor	damaged-gear	armor body-armor damaged-gear goods leather tier-1	1	200
4689	113736	Duebell_Leather_Armor	Duvelle Leather Armor	damaged-gear	armor body-armor damaged-gear goods leather tier-1	1	200
4690	113748	Ludynn_Leather_Armor	Ludynn Leather Armor	damaged-gear	armor body-armor damaged-gear goods leather tier-1	1	200
4691	113749	Reak_Leather_Armor	Reak Leather Armor	damaged-gear	armor body-armor damaged-gear goods leather tier-1	1	200
4692	113750	Mark_Leather_Armor	Marc Leather Armor	damaged-gear	armor body-armor damaged-gear goods leather tier-1	1	200
4693	113765	Ducca_Leather_Armor	Ducca Leather Armor	damaged-gear	armor body-armor damaged-gear goods leather tier-1	1	200
4694	113771	Enge_Leather_Armor	Enge Leather Armor	damaged-gear	armor body-armor damaged-gear goods leather tier-1	1	200
4695	113772	Tikkar_Leather_Armor	Tikkal Leather Armor	damaged-gear	armor body-armor damaged-gear goods leather tier-1	1	200
4696	113773	Murard_Leather_Armor	Murad Leather Armor	damaged-gear	armor body-armor damaged-gear goods leather tier-1	1	200
4697	113775	Uronthai_Leather_Armor	Ulontai Leather Armor	damaged-gear	armor body-armor damaged-gear goods leather tier-1	1	200
4698	113777	Begill_Leather_Armor	Begill Leather Armor	damaged-gear	armor body-armor damaged-gear goods leather tier-1	1	200
4699	113778	Rikkmah_Leather_Armor	Rigma Leather Armor	damaged-gear	armor body-armor damaged-gear goods leather tier-1	1	200
4700	113779	Birdish_Leather_Armor	Verdesh Leather Armor	damaged-gear	armor body-armor damaged-gear goods leather tier-1	1	200
4701	113781	Dekcher_Leather_Armor	Dekter Leather Armor	damaged-gear	armor body-armor damaged-gear goods leather tier-1	1	200
4702	113782	Guff_Leather_Armor	Guff Leather Armor	damaged-gear	armor body-armor damaged-gear goods leather tier-1	1	200
4703	113786	Ajure_Leather_Armor	Ajure Leather Armor	damaged-gear	armor body-armor damaged-gear goods leather tier-1	1	200
4704	113787	Salimi_Leather_Armor	Salimi Leather Armor	damaged-gear	armor body-armor damaged-gear goods leather tier-1	1	200
4705	113789	Takat_Leather_Armor	Takkat Leather Armor	damaged-gear	armor body-armor damaged-gear goods leather tier-1	1	200
4706	113790	Witley_Leather_Armor	Whitley Leather Armor	damaged-gear	armor body-armor damaged-gear goods leather tier-1	1	200
4707	113798	Berlublean_Leather_Armor	Berblin Leather Armor	damaged-gear	armor body-armor damaged-gear goods leather tier-1	1	200
4708	2113099	Wandering_Mercenary_Leather_Armor	Wandering Freesword's Leather Armor	damaged-gear	armor body-armor damaged-gear goods leather tier-1	1	200
4709	2113124	Variska_Leather_Armor	Variska Leather Armor	damaged-gear	armor body-armor damaged-gear goods leather tier-1	1	200
4710	2113125	Barisoka_Leather_Armor	Varsoka Leather Armor	damaged-gear	armor body-armor damaged-gear goods leather tier-1	1	200
4711	2113170	Flordanus_Leather_Armor	Flordanus Leather Armor	damaged-gear	armor body-armor damaged-gear goods leather tier-1	1	200
4712	2113171	Brizzle_Leather_Armor	Breitzle Leather Armor	damaged-gear	armor body-armor damaged-gear goods leather tier-1	1	200
4713	2113172	Tyrannus_Leather_Armor	Tyrannus Leather Armor	damaged-gear	armor body-armor damaged-gear goods leather tier-1	1	200
4714	2113173	Formosa_Leather_Armor	Formosa Leather Armor	damaged-gear	armor body-armor damaged-gear goods leather tier-1	1	200
4715	2113174	Grolla_Leather_Armor	Grolla Leather Armor	damaged-gear	armor body-armor damaged-gear goods leather tier-1	1	200
4716	2113175	Glaville_Leather_Armor	Glaville Leather Armor	damaged-gear	armor body-armor damaged-gear goods leather tier-1	1	200
4717	2113176	Tybloc_Leather_Armor	Teblecc Leather Armor	damaged-gear	armor body-armor damaged-gear goods leather tier-1	1	200
4718	2113177	Goldur_Leather_Armor	Goldur Leather Armor	damaged-gear	armor body-armor damaged-gear goods leather tier-1	1	200
4719	2113178	Daymonicon_Leather_Armor	Deimon Leather Armor	damaged-gear	armor body-armor damaged-gear goods leather tier-1	1	200
4720	2113179	Bolzers_Leather_Armor	Bolzers Leather Armor	damaged-gear	armor body-armor damaged-gear goods leather tier-1	1	200
4721	2113180	Gronerd_Leather_Armor	Gronerd Leather Armor	damaged-gear	armor body-armor damaged-gear goods leather tier-1	1	200
4722	2113181	Deboros_Leather_Armor	Deboros Leather Armor	damaged-gear	armor body-armor damaged-gear goods leather tier-1	1	200
4723	2113182	Northernbead_Leather_Armor	Nordbeid Leather Armor	damaged-gear	armor body-armor damaged-gear goods leather tier-1	1	200
4724	2113185	Berenzard_Leather_Armor	Berenzard Leather Armor	damaged-gear	armor body-armor damaged-gear goods leather tier-1	1	200
4725	2113144	Dursus_Leather_Armor	Dursus Leather Armor	damaged-gear	armor body-armor damaged-gear goods leather tier-1	1	200
4726	2113145	Arctotus_Leather_Armor	Acrodus Leather Armor	damaged-gear	armor body-armor damaged-gear goods leather tier-1	1	200
4727	2113162	Hellad_Leather_Armor	Hellad Leather Armor	damaged-gear	armor body-armor damaged-gear goods leather tier-1	1	200
4728	2113166	Calto_Leather_Armor	Calto Leather Armor	damaged-gear	armor body-armor damaged-gear goods leather tier-1	1	200
4729	2113167	Gursus_Leather_Armor	Gersens Leather Armor	damaged-gear	armor body-armor damaged-gear goods leather tier-1	1	200
4730	2113190	Ruberfeldy_Leather_Armor	Roverfelt Leather Armor	damaged-gear	armor body-armor damaged-gear goods leather tier-1	1	200
4731	2113197	Paltz_Leather_Armor	Paltz Leather Armor	damaged-gear	armor body-armor damaged-gear goods leather tier-1	1	200
4732	2113198	Erday_Leather_Armor	Erday Leather Armor	damaged-gear	armor body-armor damaged-gear goods leather tier-1	1	200
4733	2113199	Einz_Leather_Armor	Einz Leather Armor	damaged-gear	armor body-armor damaged-gear goods leather tier-1	1	200
4734	2113201	Lutzen_Leather_Armor	Lutzen Leather Armor	damaged-gear	armor body-armor damaged-gear goods leather tier-1	1	200
4735	2113204	Palen_Leather_Armor	Palen Leather Armor	damaged-gear	armor body-armor damaged-gear goods leather tier-1	1	200
4736	2133081	Rapid_Leather_Armor	Rapid Leather Armor	damaged-gear	armor body-armor damaged-gear goods leather tier-1	1	200
4737	2133094	Light_Arrowhead_Leather_Armor_I	Blinding Arrow's Leather Armor	damaged-gear	armor body-armor damaged-gear goods leather tier-1	1	200
4738	2133096	Light_Arrowhead_Leather_Armor_II	Blinding Arrow's Leather Armor	damaged-gear	armor body-armor damaged-gear goods leather tier-1	1	200
4739	2133100	Light_Arrowhead_Leather_Armor_IV	Blinding Arrow's Leather Armor	damaged-gear	armor body-armor damaged-gear goods leather tier-1	1	200
4740	2133102	Light_Arrowhead_Leather_Armor_VI	Blinding Arrow's Leather Armor	damaged-gear	armor body-armor damaged-gear goods leather tier-1	1	200
4741	2133103	Light_Arrowhead_Leather_Armor_VII	Blinding Arrow Scout's Leather Armor	damaged-gear	armor body-armor damaged-gear goods leather tier-1	1	200
4742	2133107	Light_Arrowhead_Leather_Armor_VIII	Blinding Arrow Scout's Leather Armor	damaged-gear	armor body-armor damaged-gear goods leather tier-1	1	200
4743	2133109	Light_Arrowhead_Leather_Armor_X	Blinding Arrow's Leather Armor	damaged-gear	armor body-armor damaged-gear goods leather tier-1	1	200
4744	2133172	North_Mercenary_Leather_Armor_I	Jackals' Leather Armor	damaged-gear	armor body-armor damaged-gear goods leather tier-1	1	200
4745	2133174	North_Mercenary_Leather_Armor_III	Jackals' Leather Armor	damaged-gear	armor body-armor damaged-gear goods leather tier-1	1	200
4746	2133177	North_Mercenary_Leather_Armor_IV	Jackals' Leather Armor	damaged-gear	armor body-armor damaged-gear goods leather tier-1	1	200
4747	113767	Berker_Leather_Armor	Berker Leather Armor	damaged-gear	armor body-armor damaged-gear goods leather tier-1	1	200
4748	113792	Dayseorun_Leather_Armor	Derrison Leather Armor	damaged-gear	armor body-armor damaged-gear goods leather tier-1	1	200
4749	2113123	Barioca_Leather_Armor	Baorica Leather Armor	damaged-gear	armor body-armor damaged-gear goods leather tier-1	1	200
4750	113496	Elliot_Leather_Armor	Elliot Leather Armor	damaged-gear	armor body-armor damaged-gear goods leather tier-1	1	200
4751	113497	Cuthbertson_Leather_Armor	Cuthbertson Leather Armor	damaged-gear	armor body-armor damaged-gear goods leather tier-1	1	200
4752	113719	Kordaav_Leather_Armor	Kordaav Leather Armor	damaged-gear	armor body-armor damaged-gear goods leather tier-1	1	200
4753	113768	Tarura_Leather_Armor	Tatura Leather Armor	damaged-gear	armor body-armor damaged-gear goods leather tier-1	1	200
4754	2133082	Chile_Leather_Armor	Cherlay Leather Armor	damaged-gear	armor body-armor damaged-gear goods leather tier-1	1	200
4755	113654	Hobuka_Leather_Armor	Hobbuca Leather Armor	damaged-gear	armor body-armor damaged-gear goods leather tier-1	1	200
4756	113659	Bulga_Leather_Armor	Bulga Leather Armor	damaged-gear	armor body-armor damaged-gear goods leather tier-1	1	200
4757	113660	Barbaros_Leather_Armor	Barbaros Leather Armor	damaged-gear	armor body-armor damaged-gear goods leather tier-1	1	200
4758	113718	Barbaroy_Leather_Armor	Barbaroy Leather Armor	damaged-gear	armor body-armor damaged-gear goods leather tier-1	1	200
4759	113721	Stiff_Leather_Armor	Stiv Leather Armor	damaged-gear	armor body-armor damaged-gear goods leather tier-1	1	200
4760	113722	Deerprice_Leather_Armor	Dyrfrith Leather Armor	damaged-gear	armor body-armor damaged-gear goods leather tier-1	1	200
4761	113723	Stugrup_Leather_Armor	Stugrub Leather Armor	damaged-gear	armor body-armor damaged-gear goods leather tier-1	1	200
4762	113724	Barrette_Leather_Armor	Barrette Leather Armor	damaged-gear	armor body-armor damaged-gear goods leather tier-1	1	200
4763	113732	Ald_Leather_Armor	Auld Leather Armor	damaged-gear	armor body-armor damaged-gear goods leather tier-1	1	200
4764	113735	Laspine_Leather_Armor	Raspin Leather Armor	damaged-gear	armor body-armor damaged-gear goods leather tier-1	1	200
4765	113737	Carious_Leather_Armor	Karius Leather Armor	damaged-gear	armor body-armor damaged-gear goods leather tier-1	1	200
4766	113738	Slowin_Leather_Armor	Slouwen Leather Armor	damaged-gear	armor body-armor damaged-gear goods leather tier-1	1	200
4767	113760	Luverne_Leather_Armor	Luverne Leather Armor	damaged-gear	armor body-armor damaged-gear goods leather tier-1	1	200
4768	113763	Brogue_Leather_Armor	Brogue Leather Armor	damaged-gear	armor body-armor damaged-gear goods leather tier-1	1	200
4769	113764	Hodges_Leather_Armor	Hodges Leather Armor	damaged-gear	armor body-armor damaged-gear goods leather tier-1	1	200
4770	113774	Dinon_Leather_Armor	Dannon Leather Armor	damaged-gear	armor body-armor damaged-gear goods leather tier-1	1	200
4771	113720	Rhyspidon_Leather_Armor	Lespedan Leather Armor	damaged-gear	armor body-armor damaged-gear goods leather tier-1	1	200
4772	113731	Binden_Leather_Armor	Binden Leather Armor	damaged-gear	armor body-armor damaged-gear goods leather tier-1	1	200
4773	113739	Blowin_Leather_Armor	Bleawin Leather Armor	damaged-gear	armor body-armor damaged-gear goods leather tier-1	1	200
4774	113762	Nelton_Leather_Armor	Nelton Leather Armor	damaged-gear	armor body-armor damaged-gear goods leather tier-1	1	200
4775	113769	Tanfat_Leather_Armor	Tavat Leather Armor	damaged-gear	armor body-armor damaged-gear goods leather tier-1	1	200
4776	114473	Laksh_Leather_Armor	Lakshi Leather Armor	damaged-gear	armor body-armor damaged-gear goods leather tier-1	1	200
4777	113655	Batangka_Leather_Armor	Batangka Leather Armor	damaged-gear	armor body-armor damaged-gear goods leather tier-1	1	200
4778	113729	Balder_Leather_Armor	Bettert Leather Armor	damaged-gear	armor body-armor damaged-gear goods leather tier-1	1	200
4779	113761	Galanta_Leather_Armor	Galanta Leather Armor	damaged-gear	armor body-armor damaged-gear goods leather tier-1	1	200
4780	113751	Smilodon_Leather_Armor	Smilodon Leather Armor	damaged-gear	armor body-armor damaged-gear goods leather tier-1	1	200
4781	2113100	Leopard_Pattern_Leather_Armor	Leopard Print Leather Armor	damaged-gear	armor body-armor damaged-gear goods leather tier-1	1	200
4782	2113101	Horizon_Leather_Armor	Horizon Leather Armor	damaged-gear	armor body-armor damaged-gear goods leather tier-1	1	200
4783	2113102	Pirin_Leather_Armor	Pirin Leather Armor	damaged-gear	armor body-armor damaged-gear goods leather tier-1	1	200
4784	2133108	Light_Arrowhead_Leather_Armor_IX	Blinding Arrow's Leather Armor	damaged-gear	armor body-armor damaged-gear goods leather tier-1	1	200
4785	1000132	BountyHunter_Leather_Armor	Bounty Hunter's Leather Armor	damaged-gear	armor body-armor damaged-gear goods leather tier-1	1	200
4786	1000045	BountyHunter_Leather_Armor_I	Bounty Hunter's Leather Armor	damaged-gear	armor body-armor damaged-gear goods leather tier-1	1	200
4787	1000066	BountyHunter_Leather_Armor_II	Bounty Hunter's Leather Armor	damaged-gear	armor body-armor damaged-gear goods leather tier-1	1	200
4788	1000095	BountyHunter_Leather_Armor_IV	Bounty Hunter's Leather Armor	damaged-gear	armor body-armor damaged-gear goods leather tier-1	1	200
4789	1000096	BountyHunter_Leather_Armor_V	Bounty Hunter's Leather Armor	damaged-gear	armor body-armor damaged-gear goods leather tier-1	1	200
4790	1000116	BountyHunter_Leather_Armor_VI	Bounty Hunter's Leather Armor	damaged-gear	armor body-armor damaged-gear goods leather tier-1	1	200
4791	1000133	BountyHunter_Leather_Armor_VII	Bounty Hunter's Leather Armor	damaged-gear	armor body-armor damaged-gear goods leather tier-1	1	200
4792	1000134	BountyHunter_Leather_Armor_VIII	Bounty Hunter's Leather Armor	damaged-gear	armor body-armor damaged-gear goods leather tier-1	1	200
4793	1000345	GraveRobber_Leather_Armor_I	Grave Robber's Leather Armor	damaged-gear	armor body-armor damaged-gear goods leather tier-1	1	200
4794	1000346	GraveRobber_Leather_Armor_II	Grave Robber's Leather Armor	damaged-gear	armor body-armor damaged-gear goods leather tier-1	1	200
4795	1000347	GraveRobber_Leather_Armor_III	Grave Robber's Leather Armor	damaged-gear	armor body-armor damaged-gear goods leather tier-1	1	200
4796	1000355	Deer_King_Follower_Leather_Armor	Staglord Acolyte's Leather Armor	damaged-gear	armor body-armor damaged-gear goods leather tier-1	1	200
4797	1000357	Deer_King_Follower_Leather_Armor_II	Staglord Acolyte's Leather Armor	damaged-gear	armor body-armor damaged-gear goods leather tier-1	1	200
4798	1000024	Deer_King_Follower_Leather_Armor_III	Staglord Acolyte's Leather Armor	damaged-gear	armor body-armor damaged-gear goods leather tier-1	1	200
4799	1000901	Deer_King_Follower_Leather_Armor_IV	Staglord Acolyte's Leather Armor	damaged-gear	armor body-armor damaged-gear goods leather tier-1	1	200
4800	1001174	Deer_King_Follower_Leather_Armor_V	Staglord Acolyte's Leather Armor	damaged-gear	armor body-armor damaged-gear goods leather tier-1	1	200
4801	1000358	Gladiator_Leather_Armor	Gladiator Leather Armor	damaged-gear	armor body-armor damaged-gear goods leather tier-1	1	200
4802	1000384	Arrow_Technique_Instructor_Leather_Armor	Arrow Skill Instructor Armor	damaged-gear	armor body-armor damaged-gear goods leather tier-1	1	200
4803	1000458	Slaughterer_Leahter_Armor	Slaughterer's Leather Armor	damaged-gear	armor body-armor damaged-gear goods leather tier-1	1	200
4804	1000743	Owls_of_the_Mist_Leahter_Armor_I	Mistcloaked Owl Leather Armor	damaged-gear	armor body-armor damaged-gear goods leather tier-1	1	200
4805	1000744	Owls_of_the_Mist_Leahter_Armor_II	Mistcloaked Owl Leather Armor	damaged-gear	armor body-armor damaged-gear goods leather tier-1	1	200
4806	1000745	Owls_of_the_Mist_Leahter_Armor_III	Mistcloaked Owl Leather Armor	damaged-gear	armor body-armor damaged-gear goods leather tier-1	1	200
4807	1000746	Owls_of_the_Mist_Leahter_Armor_IV	Mistcloaked Owl Leather Armor	damaged-gear	armor body-armor damaged-gear goods leather tier-1	1	200
4808	1001178	Hymns_of_Dusk_Leather_Armor_I	Dusksongs Leather Armor	damaged-gear	armor body-armor damaged-gear goods leather tier-1	1	200
4809	1001742	Greyfur_Leather_Armor_I	Greymanes' Leather Armor	damaged-gear	armor body-armor damaged-gear goods leather tier-1	1	200
4810	1001743	Greyfur_Leather_Armor_II	Greymanes' Leather Armor	damaged-gear	armor body-armor damaged-gear goods leather tier-1	1	200
4811	1001770	Greyfur_Leather_Armor_III	Greymanes' Leather Armor	damaged-gear	armor body-armor damaged-gear goods leather tier-1	1	200
4812	1001771	Greyfur_Leather_Armor_IV	Greymanes' Leather Armor	damaged-gear	armor body-armor damaged-gear goods leather tier-1	1	200
4813	1001284	Greyfur_Leather_Armor_V	Morrow's Leather Armor	damaged-gear	armor body-armor damaged-gear goods leather tier-1	1	200
4814	1001285	Greyfur_Leather_Armor_VI	Laurent's Leather Armor	damaged-gear	armor body-armor damaged-gear goods leather tier-1	1	200
4815	1001286	Greyfur_Leather_Armor_VII	Brant's Leather Armor	damaged-gear	armor body-armor damaged-gear goods leather tier-1	1	200
4816	1001287	Greyfur_Leather_Armor_VIII	Joseph's Leather Armor	damaged-gear	armor body-armor damaged-gear goods leather tier-1	1	200
4817	1001288	Greyfur_Leather_Armor_IX	Gilbert's Leather Armor	damaged-gear	armor body-armor damaged-gear goods leather tier-1	1	200
4818	1001289	Greyfur_Leather_Armor_X	Max's Leather Armor	damaged-gear	armor body-armor damaged-gear goods leather tier-1	1	200
4819	1001290	Greyfur_Leather_Armor_XI	Silvan's Leather Armor	damaged-gear	armor body-armor damaged-gear goods leather tier-1	1	200
4820	1001306	Greyfur_Leather_Armor_XII	Pierce's Leather Armor	damaged-gear	armor body-armor damaged-gear goods leather tier-1	1	200
4821	1001317	Greyfur_Leather_Armor_XX	Evelyn's Leather Armor	damaged-gear	armor body-armor damaged-gear goods leather tier-1	1	200
4822	1001318	Greyfur_Leather_Armor_XXX	Andrew's Leather Armor	damaged-gear	armor body-armor damaged-gear goods leather tier-1	1	200
4823	1001757	Greyfur_Leather_Armor_XL	Joan's Leather Armor	damaged-gear	armor body-armor damaged-gear goods leather tier-1	1	200
4824	1001758	Greyfur_Leather_Armor_L	Kenneth's Leather Armor	damaged-gear	armor body-armor damaged-gear goods leather tier-1	1	200
4825	1001760	Greyfur_Leather_Armor_LX	Aldric's Leather Armor	damaged-gear	armor body-armor damaged-gear goods leather tier-1	1	200
4826	1001800	Greyfur_Leather_Armor_LXX	Gerald's Leather Armor	damaged-gear	armor body-armor damaged-gear goods leather tier-1	1	200
4827	1001806	Greyfur_Leather_Armor_LXXX	Duane's Leather Armor	damaged-gear	armor body-armor damaged-gear goods leather tier-1	1	200
4828	1001807	Greyfur_Leather_Armor_LXXXI	Shane's Leather Armor	damaged-gear	armor body-armor damaged-gear goods leather tier-1	1	200
4829	1001876	Greyfur_Leather_Armor_LXXXII	Greymanes' Leather Armor	damaged-gear	armor body-armor damaged-gear goods leather tier-1	1	200
4830	1002267	Wolf_Pursuer_Leather_Armor	Wolf Tracker Leather Armor	damaged-gear	armor body-armor damaged-gear goods leather tier-1	1	200
4831	1004369	Wolf_Pursuer_Leather_Armor_II	Wolf Tracker Vice Captain's Leather Armor	damaged-gear	armor body-armor damaged-gear goods leather tier-1	1	200
4832	1002603	Greyfur_Leather_Armor_LXXXIII	Greymane's Leather Armor	damaged-gear	armor body-armor damaged-gear goods leather tier-1	1	200
4833	133276	Tirone_Leather_Boots	Tiron Leather Boots	damaged-gear	armor boots damaged-gear goods leather tier-1	1	60
4834	133311	Fiore_Leather_Boots	Fiore Leather Boots	damaged-gear	armor boots damaged-gear goods leather tier-1	1	60
4835	2133024	Ratti_Leather_Boots	Ratti Leather Boots	damaged-gear	armor boots damaged-gear goods leather tier-1	1	60
4836	2133029	Martins_Leather_Boots	Matrinne Leather Boots	damaged-gear	armor boots damaged-gear goods leather tier-1	1	60
4837	2133031	Trier_Leather_Boots	Trier Leather Boots	damaged-gear	armor boots damaged-gear goods leather tier-1	1	60
4838	2133034	Purani_Leather_Boots	Purani Leather Boots	damaged-gear	armor boots damaged-gear goods leather tier-1	1	60
4839	2133036	Bethel_Leather_Boots	Bethel Leather Boots	damaged-gear	armor boots damaged-gear goods leather tier-1	1	60
4840	2133084	Deole_Leather_Boots	Dwelle Leather Boots	damaged-gear	armor boots damaged-gear goods leather tier-1	1	60
4841	133041	Evanizer_Leather_Boots	Ebenezer Leather Boots	damaged-gear	armor boots damaged-gear goods leather tier-1	1	60
4842	133337	Nihrutte_Leather_Boots	Nehrut Leather Shoes	damaged-gear	armor boots damaged-gear goods leather tier-1	1	60
4843	133338	Juman_Leather_Boots	Juman Leather Boots	damaged-gear	armor boots damaged-gear goods leather tier-1	1	60
4844	133344	Warren_Beynon_Leather_Boots	Warren Beynon's Leather Boots	damaged-gear	armor boots damaged-gear goods leather tier-1	1	60
4845	2133035	Delphi_Leather_Boots	Delphi Leather Boots	damaged-gear	armor boots damaged-gear goods leather tier-1	1	60
4846	133007	Leontain_Leather_Boots	Leontyne Leather Boots	damaged-gear	armor boots damaged-gear goods leather tier-1	1	60
4847	133138	Keredig_Leather_Boots	Keredig Leather Greaves	damaged-gear	armor boots damaged-gear goods leather tier-1	1	60
4848	133168	Paunah_Leather_Boots	Pahna Leather Boots	damaged-gear	armor boots damaged-gear goods leather tier-1	1	60
4849	133183	Huntington_Leather_Boots	Huntington Leather Boots	damaged-gear	armor boots damaged-gear goods leather tier-1	1	60
4850	133184	Adeion_Leather_Boots	Adeion Leather Boots	damaged-gear	armor boots damaged-gear goods leather tier-1	1	60
4851	133210	Aurellian_Leather_Boots	Aurelian Leather Greaves	damaged-gear	armor boots damaged-gear goods leather tier-1	1	60
4852	133213	Ehshian_Leather_Boots	Eshian Leather Boots	damaged-gear	armor boots damaged-gear goods leather tier-1	1	60
4853	133266	Herdel_Leather_Boots	Herdel Leather Boots	damaged-gear	armor boots damaged-gear goods leather tier-1	1	60
4854	133291	Licuna_Leather_Boots	Leguna Leather Boots	damaged-gear	armor boots damaged-gear goods leather tier-1	1	60
4855	133325	Wooeun_Leather_Boots	Wattern Leather Greaves	damaged-gear	armor boots damaged-gear goods leather tier-1	1	60
4856	133326	Badran_Leather_Boots	Badran Leather Boots	damaged-gear	armor boots damaged-gear goods leather tier-1	1	60
4857	133329	Dekcher_Leather_Boots	Dekter Leather Boots	damaged-gear	armor boots damaged-gear goods leather tier-1	1	60
4858	133335	Meravan_Leather_Boots	Meravan Leather Greaves	damaged-gear	armor boots damaged-gear goods leather tier-1	1	60
4859	133336	Salami_Leather_Boots	Salmae Leather Shoes	damaged-gear	armor boots damaged-gear goods leather tier-1	1	60
4860	134006	Triroan_Leather_Boots	Triloan Leather Boots	damaged-gear	armor boots damaged-gear goods leather tier-1	1	60
4861	134028	Scopa_Leather_Boots	Scoppa Leather Boots	damaged-gear	armor boots damaged-gear goods leather tier-1	1	60
4862	2133017	Deet_Leather_Boots	Deint Leather Boots	damaged-gear	armor boots damaged-gear goods leather tier-1	1	60
4863	2133019	Gut_Leather_Boots	Goot Leather Boots	damaged-gear	armor boots damaged-gear goods leather tier-1	1	60
4864	2133032	Gohol_Leather_Boots	Gohol Leather Boots	damaged-gear	armor boots damaged-gear goods leather tier-1	1	60
4865	2133037	Chelti_Leather_Boots	Chanti Leather Boots	damaged-gear	armor boots damaged-gear goods leather tier-1	1	60
4866	2133042	Matar_Leather_Boots	Matar Leather Boots	damaged-gear	armor boots damaged-gear goods leather tier-1	1	60
4867	2133044	Katian_Leather_Boots	Katian Leather Boots	damaged-gear	armor boots damaged-gear goods leather tier-1	1	60
4868	2133048	Reputy_Leather_Boots	Rafferty Leather Shoes	damaged-gear	armor boots damaged-gear goods leather tier-1	1	60
4869	2133051	Laksh_Leather_Boots	Lakshi Leather Shoes	damaged-gear	armor boots damaged-gear goods leather tier-1	1	60
4870	2133070	Rendal_Leather_Boots	Wendahl Leather Shoes	damaged-gear	armor boots damaged-gear goods leather tier-1	1	60
4871	2133091	Camantti_Leather_Boots	Camantti Leather Boots	damaged-gear	armor boots damaged-gear goods leather tier-1	1	60
4872	2133124	Light_Arrowhead_Leather_Boots_I	Blinding Arrow's Leather Boots	damaged-gear	armor boots damaged-gear goods leather tier-1	1	60
4873	2133125	Light_Arrowhead_Leather_Boots_II	Blinding Arrow's Leather Boots	damaged-gear	armor boots damaged-gear goods leather tier-1	1	60
4874	2133162	Barbarian_Leather_Boots_II	Barbarian Leather Greaves	damaged-gear	armor boots damaged-gear goods leather tier-1	1	60
4875	2133166	Bandit_Leather_Boots	Bandit's Leather Greaves	damaged-gear	armor boots damaged-gear goods leather tier-1	1	60
4876	2133201	Goblin_Merchant_Soldier_Leather_Boots	Goldleaves' Short Leather Boots	damaged-gear	armor boots damaged-gear goods leather tier-1	1	60
4877	1171111484	Bandit_Leather_Boots_II	Bandit's Leather Boots	damaged-gear	armor boots damaged-gear goods leather tier-1	1	60
4878	1000243	Regglin_Leather_Boots	Fundamentalist Goblin Leather Boots	damaged-gear	armor boots damaged-gear goods leather tier-1	1	60
4879	1000359	Gladiator_Leather_Boots	Troll Gladiator's Leather Boots	damaged-gear	armor boots damaged-gear goods leather tier-1	1	60
4880	1000368	Gladiator_Leather_Boots_II	Gladiator's Leather Boots	damaged-gear	armor boots damaged-gear goods leather tier-1	1	60
4881	1000457	Antumbra_Leather_Boots	Antumbra Leather Boots	damaged-gear	armor boots damaged-gear goods leather tier-1	1	60
4882	1001809	Greyfur_Leather_Boots	Evelyn's Leather Boots	damaged-gear	armor boots damaged-gear goods leather tier-1	1	60
4883	1001853	Greyfur_Leather_Boots_I	Morrow's Leather Boots	damaged-gear	armor boots damaged-gear goods leather tier-1	1	60
4884	1001863	Greyfur_Leather_Boots_II	Luther's Leather Boots	damaged-gear	armor boots damaged-gear goods leather tier-1	1	60
4885	1001864	Greyfur_Leather_Boots_III	Andrew's Leather Boots	damaged-gear	armor boots damaged-gear goods leather tier-1	1	60
4886	1001871	Greyfur_Leather_Boots_IV	Arnold's Leather Boots	damaged-gear	armor boots damaged-gear goods leather tier-1	1	60
4887	1001873	Greyfur_Leather_Boots_V	Joan's Leather Boots	damaged-gear	armor boots damaged-gear goods leather tier-1	1	60
4888	1001878	Greyfur_Leather_Boots_VI	Duncan's Leather Boots	damaged-gear	armor boots damaged-gear goods leather tier-1	1	60
4889	1001880	Greyfur_Leather_Boots_VII	Ronald's Leather Boots	damaged-gear	armor boots damaged-gear goods leather tier-1	1	60
4890	1002359	Owls_of_the_Mist_Leather_Boots	Mistcloaked Owl Leather Boots	damaged-gear	armor boots damaged-gear goods leather tier-1	1	60
4891	123065	Hagwood_Leather_Gloves	Hagwood Leather Gloves	damaged-gear	armor damaged-gear gloves goods leather tier-1	1	70
4892	123078	Blyan_Leather_Gloves	Blyne Leather Bracers	damaged-gear	armor damaged-gear gloves goods leather tier-1	1	70
4893	123020	Kordaav_Leather_Gloves	Kordaav Leather Gloves	damaged-gear	armor damaged-gear gloves goods leather tier-1	1	70
4894	123168	Trouter_Leather_Gloves	Trowder Leather Gloves	damaged-gear	armor damaged-gear gloves goods leather tier-1	1	70
4895	123282	Elsiguo_Leather_Gloves	Ellisco Leather Bracers	damaged-gear	armor damaged-gear gloves goods leather tier-1	1	70
4896	123305	Archen_Leather_Gloves	Archen Leather Gloves	damaged-gear	armor damaged-gear gloves goods leather tier-1	1	70
4897	123358	Esahah_Leather_Gloves	Esha Leather Bracers	damaged-gear	armor damaged-gear gloves goods leather tier-1	1	70
4898	124008	Arti_Leather_Gloves	Arti Leather Bracers	damaged-gear	armor damaged-gear gloves goods leather tier-1	1	70
4899	12404	Tesslit_Leather_Gloves_I	Large Pavis Leather Gloves	damaged-gear	armor damaged-gear gloves goods leather tier-1	1	70
4900	1561082555	Tesslit_Leather_Gloves_III	Large Pavis Leather Gloves	damaged-gear	armor damaged-gear gloves goods leather tier-1	1	70
4901	123017	Ballet_Leather_Gloves	Barre Leather Gloves	damaged-gear	armor damaged-gear gloves goods leather tier-1	1	70
4902	123044	Perseus_Leather_Gloves	Perseus Leather Gloves	damaged-gear	armor damaged-gear gloves goods leather tier-1	1	70
4903	123068	Raspel_Leather_Gloves	Lasfeld Leather Gloves	damaged-gear	armor damaged-gear gloves goods leather tier-1	1	70
4904	123122	Khalbydan_Leather_Gloves	Khalbdan Leather Bracers	damaged-gear	armor damaged-gear gloves goods leather tier-1	1	70
4905	123126	Luconek_Leather_Gloves	Rueconec Leather Bracers	damaged-gear	armor damaged-gear gloves goods leather tier-1	1	70
4906	123035	Taliesin_Leather_Gloves	Talisin Leather Gloves	damaged-gear	armor damaged-gear gloves goods leather tier-1	1	70
4907	123139	Stammers_Leather_Gloves	Steinmers Leather Gloves	damaged-gear	armor damaged-gear gloves goods leather tier-1	1	70
4908	123205	Latian_Leather_Gloves	Latian Leather Bracers	damaged-gear	armor damaged-gear gloves goods leather tier-1	1	70
4909	123215	Delicy_Leather_Gloves	Delise Leather Gloves	damaged-gear	armor damaged-gear gloves goods leather tier-1	1	70
4910	123216	Bohen_Leather_Gloves	Boggen Leather Gloves	damaged-gear	armor damaged-gear gloves goods leather tier-1	1	70
4911	123222	Sladen_Leather_Gloves	Sladen Leather Gloves	damaged-gear	armor damaged-gear gloves goods leather tier-1	1	70
4912	1000039	Ciburn_Leather_Gloves	Sivern Leather Gloves	damaged-gear	armor damaged-gear gloves goods leather tier-1	1	70
4913	123260	Kattinan_Leather_Gloves	Kattinan Leather Gloves	damaged-gear	armor damaged-gear gloves goods leather tier-1	1	70
4914	123269	Tikkar_Leather_Gloves	Tikkal Leather Bracers	damaged-gear	armor damaged-gear gloves goods leather tier-1	1	70
4915	123270	Markna_Leather_Gloves	Markna Leather Gloves	damaged-gear	armor damaged-gear gloves goods leather tier-1	1	70
4916	123286	Kasria_Leather_Gloves	Kasria Leather Gloves	damaged-gear	armor damaged-gear gloves goods leather tier-1	1	70
4917	123292	Raska_Leather_Gloves	Remebrou Leather Gloves	damaged-gear	armor damaged-gear gloves goods leather tier-1	1	70
4918	123293	Rasb_Leather_Gloves	Rainier Leather Gloves	damaged-gear	armor damaged-gear gloves goods leather tier-1	1	70
4919	123302	Carix_Leather_Gloves	Cains Leather Gloves	damaged-gear	armor damaged-gear gloves goods leather tier-1	1	70
4920	123303	Dalton_Leather_Gloves	Dalton Leather Gloves	damaged-gear	armor damaged-gear gloves goods leather tier-1	1	70
4921	123304	Eleven_Leather_Gloves	Eplern Leather Gloves	damaged-gear	armor damaged-gear gloves goods leather tier-1	1	70
4922	123306	Dunion_Leather_Gloves	Dunion Leather Gloves	damaged-gear	armor damaged-gear gloves goods leather tier-1	1	70
4923	123307	Laplus_Leather_Gloves	Laplace Leather Gloves	damaged-gear	armor damaged-gear gloves goods leather tier-1	1	70
4924	123308	Brittle_Leather_Gloves	Bristel Leather Gloves	damaged-gear	armor damaged-gear gloves goods leather tier-1	1	70
4925	123313	Takatin_Leather_Gloves	Takkan Leather Gloves	damaged-gear	armor damaged-gear gloves goods leather tier-1	1	70
4926	123314	Arcti_Leather_Gloves	Arsen Leather Gloves	damaged-gear	armor damaged-gear gloves goods leather tier-1	1	70
4927	123317	Chart_Leather_Gloves	Chent Leather Gloves	damaged-gear	armor damaged-gear gloves goods leather tier-1	1	70
4928	123323	Patent_Leather_Gloves	Patten's Leather Gloves	damaged-gear	armor damaged-gear gloves goods leather tier-1	1	70
4929	1606223798	Patent_Leather_Gloves_I	Patten's Leather Gloves	damaged-gear	armor damaged-gear gloves goods leather tier-1	1	70
4930	123352	Rik_Leather_Gloves	Reak Leather Bracers	damaged-gear	armor damaged-gear gloves goods leather tier-1	1	70
4931	123354	Badran_Leather_Gloves	Badran Leather Gloves	damaged-gear	armor damaged-gear gloves goods leather tier-1	1	70
4932	123355	Rikkmah_Leather_Gloves	Rigma Leather Gloves	damaged-gear	armor damaged-gear gloves goods leather tier-1	1	70
4933	123357	Xasameruen_Leather_Gloves	Jasmern Leather Gloves	damaged-gear	armor damaged-gear gloves goods leather tier-1	1	70
4934	123359	Shellus_Leather_Gloves	Shellus Leather Gloves	damaged-gear	armor damaged-gear gloves goods leather tier-1	1	70
4935	123365	Salami_Leather_Gloves	Salmae Leather Wristband	damaged-gear	armor damaged-gear gloves goods leather tier-1	1	70
4936	123366	Dayseorun_Leather_Gloves	Derrison Leather Gloves	damaged-gear	armor damaged-gear gloves goods leather tier-1	1	70
4937	124032	Tyran_Leather_Gloves	Tyran Leather Gloves	damaged-gear	armor damaged-gear gloves goods leather tier-1	1	70
4938	1000033	Shepherd_Leather_Gloves	Herder Leather Gloves	damaged-gear	armor damaged-gear gloves goods leather tier-1	1	70
4939	2133066	Chile_Leather_Gloves	Cherlay Leather Gloves	damaged-gear	armor damaged-gear gloves goods leather tier-1	1	70
4940	2133071	Rendal_Leather_Gloves	Wendahl Leather Gloves	damaged-gear	armor damaged-gear gloves goods leather tier-1	1	70
4941	2133080	Danda_Leather_Gloves	Danda Leather Bracers	damaged-gear	armor damaged-gear gloves goods leather tier-1	1	70
4942	2133087	Darren_Leather_Gloves	Darren Leather Gloves	damaged-gear	armor damaged-gear gloves goods leather tier-1	1	70
4943	2133088	Rayra_Leather_Gloves	Leila Leather Gloves	damaged-gear	armor damaged-gear gloves goods leather tier-1	1	70
4944	2133089	Rapid_Leather_Gloves	Rapid Leather Gloves	damaged-gear	armor damaged-gear gloves goods leather tier-1	1	70
4945	2133131	Bandit_Leather_Gloves_I	Bandit's Leather Gloves	damaged-gear	armor damaged-gear gloves goods leather tier-1	1	70
4946	2133133	Ziggurat_Leather_Gloves_I	Ziggurat Leather Gloves	damaged-gear	armor damaged-gear gloves goods leather tier-1	1	70
4947	2133126	Light_Arrowhead_Leather_Gloves	Blinding Arrow's Leather Gloves	damaged-gear	armor damaged-gear gloves goods leather tier-1	1	70
4948	2133139	Ziggurat_Leather_Gloves_II	Ziggurat Leather Gloves	damaged-gear	armor damaged-gear gloves goods leather tier-1	1	70
4949	2133143	Barnia_Leather_Gloves	Varnian Leather Bracers	damaged-gear	armor damaged-gear gloves goods leather tier-1	1	70
4950	2133160	Barbarian_Leather_Gloves_I	Barbarian Leather Gloves	damaged-gear	armor damaged-gear gloves goods leather tier-1	1	70
4951	2133165	Bandit_Leather_Gloves_II	Orc Bandit's Leather Gloves	damaged-gear	armor damaged-gear gloves goods leather tier-1	1	70
4952	207071708	Bandit_Leather_Gloves_III	Bandit's Scale Leather Gloves	damaged-gear	armor damaged-gear gloves goods leather tier-1	1	70
4953	131106998	North_Mercenary_Leather_Gloves_III	Northern Freesword's Leather Bracers	damaged-gear	armor damaged-gear gloves goods leather tier-1	1	70
4954	2600050	Raging_Tempests_Leader_Leather_Gloves	Raging Tempest's Leather Gloves	damaged-gear	armor damaged-gear gloves goods leather tier-1	1	70
4955	2133153	Arcria_Leather_Gloves	Acria Leather Bracers	damaged-gear	armor damaged-gear gloves goods leather tier-1	1	70
4956	1000196	RevolutionaryArmy_Leather_Gloves	Demenissian Rebel Leather Bracers	damaged-gear	armor damaged-gear gloves goods leather tier-1	1	70
4957	1000097	BountyHunter_Leather_Gloves_I	Tough Hunter's Leather Gloves	damaged-gear	armor damaged-gear gloves goods leather tier-1	1	70
4958	1000135	BountyHunter_Leather_Gloves_II	Thick Hunter's Leather Gloves	damaged-gear	armor damaged-gear gloves goods leather tier-1	1	70
4959	1000180	Wolf_Pursuer_Leather_Gloves	Wolf Tracker Leather Gloves	damaged-gear	armor damaged-gear gloves goods leather tier-1	1	70
4960	1000219	Caliburn_Engineer_Leather_Gloves	Caliburn's Combat Engineer Leather Gloves	damaged-gear	armor damaged-gear gloves goods leather tier-1	1	70
4961	1000375	NoName_Wiseman_Leather_Gloves_I	Nameless Sage's Leather Gloves	damaged-gear	armor damaged-gear gloves goods leather tier-1	1	70
4962	1000447	Camouflage_Boar_Leather_Gloves	Boar Camouflage Leather Bracers	damaged-gear	armor damaged-gear gloves goods leather tier-1	1	70
4963	1000456	Antumbra_Leather_Gloves_I	Antumbra Leather Gloves	damaged-gear	armor damaged-gear gloves goods leather tier-1	1	70
4964	1000793	Prisoner_Leather_Gloves	Leather Half-Gloves	damaged-gear	armor damaged-gear gloves goods leather tier-1	1	70
4965	1000794	Prisoner_Leather_Gloves_I	Darren Leather Gloves	damaged-gear	armor damaged-gear gloves goods leather tier-1	1	70
4966	1000808	Prisoner_Leather_Gloves_II	Darren Leather Gloves	damaged-gear	armor damaged-gear gloves goods leather tier-1	1	70
4967	1001881	Greyfur_Leather_Gloves	Brant's Leather Gloves	damaged-gear	armor damaged-gear gloves goods leather tier-1	1	70
4968	1001883	Greyfur_Leather_Gloves_I	Vernon's Leather Gloves	damaged-gear	armor damaged-gear gloves goods leather tier-1	1	70
4969	1001401	Noble_Retainer_Leather_Gloves	Private Soldier's Leather Gloves	damaged-gear	armor damaged-gear gloves goods leather tier-1	1	70
4970	1001322	Volcker_Leather_Gloves	Vulker Leather Gloves	damaged-gear	armor damaged-gear gloves goods leather tier-1	1	70
4971	1001941	Volcker_Leather_Gloves_I	Vulker Leather Gloves	damaged-gear	armor damaged-gear gloves goods leather tier-1	1	70
4972	1001942	Lafty_Leather_Gloves	Leffri's Leather Gloves	damaged-gear	armor damaged-gear gloves goods leather tier-1	1	70
4973	1001943	Lafty_Leather_Gloves_I	Leffri's Leather Gloves	damaged-gear	armor damaged-gear gloves goods leather tier-1	1	70
4974	1001944	Greyfur_Leather_Gloves_II	Laurent's Leather Gloves	damaged-gear	armor damaged-gear gloves goods leather tier-1	1	70
4975	1001945	Halkias_Leather_Gloves	Harkias Leather Gloves	damaged-gear	armor damaged-gear gloves goods leather tier-1	1	70
4976	103060	David_Leather_Helm	Daveed Leather Headband	damaged-gear	armor damaged-gear goods helm leather tier-1	1	90
4977	103070	Ranibider_Leather_Helm	Lanweiter Leather Helm	damaged-gear	armor damaged-gear goods helm leather tier-1	1	90
4978	103096	Leadahn_Leather_Helm	Ledan Leather Helm	damaged-gear	armor damaged-gear goods helm leather tier-1	1	90
4979	103104	Dekcher_Leather_Helm	Dekter Leather Cap	damaged-gear	armor damaged-gear goods helm leather tier-1	1	90
4980	103105	Shellus_Leather_Helm	Shellus Leather Helm	damaged-gear	armor damaged-gear goods helm leather tier-1	1	90
4981	1002625	Greyfur_Leather_Helm_II	Greymanes' Leather Helm	damaged-gear	armor damaged-gear goods helm leather tier-1	1	90
4982	1000115	BountyHunter_Leather_Helm_I	Bounty Hunter's Scale Hat	damaged-gear	armor damaged-gear goods helm leather tier-1	1	90
4983	1000131	BountyHunter_Leather_Helm_II	Bounty Hunter's Leather Cap	damaged-gear	armor damaged-gear goods helm leather tier-1	1	90
4984	2133200	Goblin_Merchant_Soldier_Leather_Helm_I	Goldleaves' Cone Leather Cap	damaged-gear	armor damaged-gear goods helm leather tier-1	1	90
4985	2133202	Goblin_Merchant_Soldier_Leather_Helm_II	Goldleaves' Leather Cap	damaged-gear	armor damaged-gear goods helm leather tier-1	1	90
4986	1000809	Prisoner_Leather_Helm	Captive's Leather Hat	damaged-gear	armor damaged-gear goods helm leather tier-1	1	90
4987	1000810	Prisoner_Leather_Helm_I	Captive's Folded Leather Hat	damaged-gear	armor damaged-gear goods helm leather tier-1	1	90
4988	1001955	Greyfur_Leather_Helm	Matilda's Leather Headband	damaged-gear	armor damaged-gear goods helm leather tier-1	1	90
4989	1001956	Greyfur_Leather_Helm_I	Jian's Leather Helm	damaged-gear	armor damaged-gear goods helm leather tier-1	1	90
4990	1001874	Wandering_Leather_Helm	Wandering Leather Helm	damaged-gear	armor damaged-gear goods helm leather tier-1	1	90
4991	1000373	NoName_Wiseman_Leather_Cloak	Nameless Sage's Leather Cloak	damaged-gear	armor cloak damaged-gear goods leather tier-1	1	50
4992	1001891	EntHunter_Leather_Cloak	Shadowleaf Leather Cloak	damaged-gear	armor cloak damaged-gear goods leather tier-1	1	50
4993	1004781	BountyHunter_Leather_Cloak	Bounty Hunter's Leather Cloak	damaged-gear	armor cloak damaged-gear goods leather tier-1	1	50
4994	1004848	Light_Arrowhead_Leather_Cloak	Blinding Arrow's Female Leather Cloak	damaged-gear	armor cloak damaged-gear goods leather tier-1	1	50
4995	111193	Fri_PlateArmor_Armor	Prix Plate Armor	damaged-gear	armor body-armor damaged-gear goods plate tier-3	3	2000
4996	111252	Eirun_PlateArmor_Armor	Aeron Plate Armor	damaged-gear	armor body-armor damaged-gear goods plate tier-3	3	2000
4997	111191	Brina_PlateArmor_Armor	Brina Plate Armor	damaged-gear	armor body-armor damaged-gear goods plate tier-3	3	2000
4998	111205	Caliburn_PlateArmor_Armor	Caliburn's Plate Armor	damaged-gear	armor body-armor damaged-gear goods plate tier-3	3	2000
4999	1000869	Soldier_General_PlateArmor_Armor	Guard Captain's Plate Armor	damaged-gear	armor body-armor damaged-gear goods plate tier-3	3	2000
5000	1001526	Antony_PlateArmor_Armor	Antoni Plate Armor	damaged-gear	armor body-armor damaged-gear goods plate tier-3	3	2000
5001	2058140396	Vennebis_PlateArmor_Armor_I	Vennebis Plate Armor	damaged-gear	armor body-armor damaged-gear goods plate tier-3	3	2000
5002	1002278	Vennebis_PlateArmor_Armor_II	Righteous Inquisitors Guard's Plate Armor	damaged-gear	armor body-armor damaged-gear goods plate tier-3	3	2000
5003	1002279	Vennebis_PlateArmor_Armor_III	Righteous Inquisitors Guard's Plate Armor	damaged-gear	armor body-armor damaged-gear goods plate tier-3	3	2000
5004	1002280	Vennebis_PlateArmor_Armor_IV	Righteous Inquisitors Guard's Plate Armor	damaged-gear	armor body-armor damaged-gear goods plate tier-3	3	2000
5005	2111056	Luka_PlateArmor_Armor	Luca Plate Armor	damaged-gear	armor body-armor damaged-gear goods plate tier-3	3	2000
5006	111130	Rochi_PlateArmor_Armor	Roshee Plate Armor	damaged-gear	armor body-armor damaged-gear goods plate tier-3	3	2000
5007	1608016770	Rochi_PlateArmor_Armor_I	Blacksteel Roshee Plate Armor	damaged-gear	armor body-armor damaged-gear goods plate tier-3	3	2000
5008	111217	Luwaiet_PlateArmor_Armor	Ruwaite Plate Armor	damaged-gear	armor body-armor damaged-gear goods plate tier-3	3	2000
5009	1002274	Luwaiet_PlateArmor_Armor_I	Demeniss Guard's Plate Armor	damaged-gear	armor body-armor damaged-gear goods plate tier-3	3	2000
5010	1002275	Luwaiet_PlateArmor_Armor_II	Demeniss Guard's Plate Armor	damaged-gear	armor body-armor damaged-gear goods plate tier-3	3	2000
5011	1002281	Luwaiet_PlateArmor_Armor_III	Demeniss Guard's Plate Armor	damaged-gear	armor body-armor damaged-gear goods plate tier-3	3	2000
5012	1002119	Wells_PlateArmor_Armor	Turncoat Rider Plate Armor	damaged-gear	armor body-armor damaged-gear goods plate tier-3	3	2000
5013	2111055	Lukatz_PlateArmor_Armor	Lukatz Plate Armor	damaged-gear	armor body-armor damaged-gear goods plate tier-3	3	2000
5014	2111093	Kukan_PlateArmor_Armor	Coogan Plate Armor	damaged-gear	armor body-armor damaged-gear goods plate tier-3	3	2000
5015	1876071146	Kukan_PlateArmor_Armor_I	Blacksteel Coogan Plate Armor	damaged-gear	armor body-armor damaged-gear goods plate tier-3	3	2000
5016	1000041	Sir_Catfish_PlateArmor_Armor	Sir Catfish's Armor	damaged-gear	armor body-armor damaged-gear goods plate tier-3	3	2000
5017	1000897	Delesian_Soldier_General_PlateArmor_Armor	Delesyian Guard Captain's Armor	damaged-gear	armor body-armor damaged-gear goods plate tier-3	3	2000
5018	1002476	Muscan_PlateArmor_Armor	Muskan Armor	damaged-gear	armor body-armor damaged-gear goods plate tier-3	3	2000
5019	1002366	Old_Kliff_PlateArmor_Armor	Goyen's Plate Armor	damaged-gear	armor body-armor damaged-gear goods plate tier-3	3	2000
5020	1002367	Old_Kliff_PlateArmor_Cloak	Goyen's Cloak	damaged-gear	armor cloak damaged-gear goods plate tier-3	3	500
5021	1002758	Twilight_Whistlers_PlateArmor_Cloak	Twilight Messengers' Cloak	damaged-gear	armor cloak damaged-gear goods plate tier-3	3	500
5022	134060	Caliburn_Plate_Boots	Caliburn's Plate Boots	damaged-gear	armor boots damaged-gear goods plate tier-3	3	600
5023	131029	Dark_King_Plate_Boots	Antumbra Plate Greaves	damaged-gear	armor boots damaged-gear goods plate tier-3	3	600
5024	2131004	Witters_Plate_Boots	Witters Plate Boots	damaged-gear	armor boots damaged-gear goods plate tier-3	3	600
5025	1000140	Sir_Catfish_Plate_Boots	Sir Catfish's Plate Boots	damaged-gear	armor boots damaged-gear goods plate tier-3	3	600
5026	131006	Lattua_Plate_Boots	Lattua Plate Boots	damaged-gear	armor boots damaged-gear goods plate tier-3	3	600
5027	1817529193	Lattua_Plate_Boots_I	Blacksteel Lattua Plate Boots	damaged-gear	armor boots damaged-gear goods plate tier-3	3	600
5028	2131009	Duemeniss_Plate_Boots	Dumenis Plate Boots	damaged-gear	armor boots damaged-gear goods plate tier-3	3	600
5029	364307754	Duemeniss_Plate_Boots_I	Blacksteel Dumenis Plate Boots	damaged-gear	armor boots damaged-gear goods plate tier-3	3	600
5030	1002733	Duemeniss_Plate_Boots_II	Dumenis Plate Boots II	damaged-gear	armor boots damaged-gear goods plate tier-3	3	600
5031	1000334	SkullKnight_Follower_Plate_Boots_I	Skull Knight Follower's Plate Boots	damaged-gear	armor boots damaged-gear goods plate tier-3	3	600
5032	1000871	Soldier_General_Plate_Boots	Guard Captain's Plate Boots	damaged-gear	armor boots damaged-gear goods plate tier-3	3	600
5033	1002368	Old_Kliff_Plate_Boots	Goyen's Plate Boots	damaged-gear	armor boots damaged-gear goods plate tier-3	3	600
5034	124077	Caliburn_PlateArmor_Gloves	Caliburn's Plate Gloves	damaged-gear	armor damaged-gear gloves goods plate tier-3	3	700
5035	1000870	Soldier_General_PlateArmor_Gloves	Hernandian Guard Captain's Plate Gloves	damaged-gear	armor damaged-gear gloves goods plate tier-3	3	700
5036	121056	Arkhan_PlateArmor_Gloves	Arkhan Plate Gloves	damaged-gear	armor damaged-gear gloves goods plate tier-3	3	700
5037	123160	Gallophelt_PlateArmor_Gloves	Geloufeld Plate Gloves	damaged-gear	armor damaged-gear gloves goods plate tier-3	3	700
5038	1001787	Goblin_Fight_PlateArmor_Gloves	Goblin Dueling Plate Gloves	damaged-gear	armor damaged-gear gloves goods plate tier-3	3	700
5039	123312	Masty_PlateArmor_Gloves	Masti Plate Gloves	damaged-gear	armor damaged-gear gloves goods plate tier-3	3	700
5040	123316	SilverArmor_PlateArmor_Gloves	Silver Plate Gloves	damaged-gear	armor damaged-gear gloves goods plate tier-3	3	700
5041	121024	Batz_PlateArmor_Gloves	Batz Plate Gloves	damaged-gear	armor damaged-gear gloves goods plate tier-3	3	700
5042	1002734	Batz_PlateArmor_Gloves_I	Batz Plate Gloves I	damaged-gear	armor damaged-gear gloves goods plate tier-3	3	700
5043	1000280	Moonhead_PlateArmor_Gloves	Lunar Reaper Plate Gloves	damaged-gear	armor damaged-gear gloves goods plate tier-3	3	700
5044	121010	Judge_PlateArmor_Gloves	Inquisitor's Plate Gloves	damaged-gear	armor damaged-gear gloves goods plate tier-3	3	700
5045	1000139	Sir_Catfish_PlateArmor_Gloves	Sir Catfish's Plate Gloves	damaged-gear	armor damaged-gear gloves goods plate tier-3	3	700
5046	1002369	Old_Kliff_PlateArmor_Gloves	Goyen's Plate Gloves	damaged-gear	armor damaged-gear gloves goods plate tier-3	3	700
5047	101027	Beastman_PlateArmor_Helm	Beastman Bone Helmet	damaged-gear	armor damaged-gear goods helm plate tier-3	3	900
5048	14406	Discao_PlateArmor_Helm_I	Descao Plate Helm	damaged-gear	armor damaged-gear goods helm plate tier-3	3	900
5049	663954313	Discao_PlateArmor_Helm_II	Blacksteel Descao Plate Helm	damaged-gear	armor damaged-gear goods helm plate tier-3	3	900
5050	101148	Kurua_PlateArmor_Helm	Kurua Plate Helm	damaged-gear	armor damaged-gear goods helm plate tier-3	3	900
5051	2101015	Moonhead_PlateArmor_Helm	Half Moon Reaper Plate Helm	damaged-gear	armor damaged-gear goods helm plate tier-3	3	900
5052	1000696	Moonhead_PlateArmor_Helm_Waning	New Moon Reaper Plate Helm	damaged-gear	armor damaged-gear goods helm plate tier-3	3	900
5053	1000697	Moonhead_PlateArmor_Helm_Full	Full Moon Reaper Plate Helm	damaged-gear	armor damaged-gear goods helm plate tier-3	3	900
5054	101142	Bicornio_PlateArmor_Helm	Biconio Plate Helm	damaged-gear	armor damaged-gear goods helm plate tier-3	3	900
5055	2101013	Intacuttar_PlateArmor_Helm	Intaka Plate Helm	damaged-gear	armor damaged-gear goods helm plate tier-3	3	900
5056	2101014	SilverArmor_PlateArmor_Helm	Inquisitor's Plate Helm	damaged-gear	armor damaged-gear goods helm plate tier-3	3	900
5057	1000868	Soldier_General_PlateArmor_Helm	Guard Captain's Plate Helm	damaged-gear	armor damaged-gear goods helm plate tier-3	3	900
5058	1000378	Crow_PlateArmor_Helm	Crow Plate Helm	damaged-gear	armor damaged-gear goods helm plate tier-3	3	900
5059	2131007	Prani_PlateArmor_Helm	Prani Plate Helm	damaged-gear	armor damaged-gear goods helm plate tier-3	3	900
5060	101018	Berin_PlateArmor_Helm	Berin Plate Helm	damaged-gear	armor damaged-gear goods helm plate tier-3	3	900
5061	2101040	Belui_PlateArmor_Helm	Belui Plate Helm	damaged-gear	armor damaged-gear goods helm plate tier-3	3	900
5062	1000047	BountyHunter_PlateArmor_Helm	Horned Bounty Hunter's Plate Helm	damaged-gear	armor damaged-gear goods helm plate tier-3	3	900
5063	1000098	BountyHunter_PlateArmor_Helm_I	Bounty Hunter's Plate Helm	damaged-gear	armor damaged-gear goods helm plate tier-3	3	900
5064	1000763	Regglin_PlateArmor_Helm	Regglin Plate Helm	damaged-gear	armor damaged-gear goods helm plate tier-3	3	900
5065	1000904	Barnia_Soldier_General_PlateArmor_Helm	Varnian Guard Captain's Plate Helm	damaged-gear	armor damaged-gear goods helm plate tier-3	3	900
5066	1002091	Natural_Enemy_PlateArmor_Helm	Thunderbird Mask Plate Helm	damaged-gear	armor damaged-gear goods helm plate tier-3	3	900
5067	1001172	Redknight_PlateArmor_Helm_II	Turncoat Plate Helm	damaged-gear	armor damaged-gear goods helm plate tier-3	3	900
5068	1002626	Redknight_PlateArmor_Helm_III	Plumed Wells Rebel's Plate Helm	damaged-gear	armor damaged-gear goods helm plate tier-3	3	900
5069	2101012	Dicrian_PlateArmor_Helm	Digren Plate Helm	damaged-gear	armor damaged-gear goods helm plate tier-3	3	900
5070	111099	Pirante_PlateArmor_Armor	Frente Plate Armor	damaged-gear	armor body-armor damaged-gear goods plate tier-2	2	500
5071	111256	Germion_PlateArmor_Armor	Jerrinmarne Plate Armor	damaged-gear	armor body-armor damaged-gear goods plate tier-2	2	500
5072	2111058	Moonhead_PlateArmor_Armor	Half Moon Reaper Plate Armor	damaged-gear	armor body-armor damaged-gear goods plate tier-2	2	225
5073	1000698	Moonhead_PlateArmor_Armor_Waning	New Moon Reaper Plate Armor	damaged-gear	armor body-armor damaged-gear goods plate tier-2	2	225
5074	1000699	Moonhead_PlateArmor_Armor_Full	Full Moon Reaper Plate Armor	damaged-gear	armor body-armor damaged-gear goods plate tier-2	2	225
5075	14102	Redleader_PlateArmor_Armor	Damaged Red Rider's Plate Armor	damaged-gear	armor body-armor damaged-gear goods plate tier-2	2	500
5076	14104	Spital_PlateArmor_Armor_I	Spiddle Plate Armor	damaged-gear	armor body-armor damaged-gear goods plate tier-2	2	500
5077	717967359	Spital_PlateArmor_Armor_III	Blacksteel Spiddle Plate Armor	damaged-gear	armor body-armor damaged-gear goods plate tier-2	2	500
5078	111098	Becur_PlateArmor_Armor	Bekur Plate Armor	damaged-gear	armor body-armor damaged-gear goods plate tier-2	2	500
5079	111100	Korean_PlateArmor_Armor	Corinne Plate Armor	damaged-gear	armor body-armor damaged-gear goods plate tier-2	2	500
5080	111101	Takao_PlateArmor_Armor	Takao Plate Armor	damaged-gear	armor body-armor damaged-gear goods plate tier-2	2	500
5081	1002556	Troyquartz_Plate_Armor	Troccars Plate Armor	damaged-gear	armor body-armor damaged-gear goods plate tier-2	2	500
5082	111128	Duroar_PlateArmor_Armor	Dreer Plate Armor	damaged-gear	armor body-armor damaged-gear goods plate tier-2	2	500
5083	15724234	Duroar_PlateArmor_Armor_I	Dreer Plate Armor	damaged-gear	armor body-armor damaged-gear goods plate tier-2	2	500
5084	111129	Rocko_PlateArmor_Armor	Rhogo Plate Armor	damaged-gear	armor body-armor damaged-gear goods plate tier-2	2	500
5085	1777388687	Rocko_PlateArmor_Armor_I	Rhogo Plate Armor	damaged-gear	armor body-armor damaged-gear goods plate tier-2	2	500
5086	111131	Romaned_PlateArmor_Armor	Romund Plate Armor	damaged-gear	armor body-armor damaged-gear goods plate tier-2	2	500
5087	1783496750	Romaned_PlateArmor_Armor_I	Romund Plate Armor	damaged-gear	armor body-armor damaged-gear goods plate tier-2	2	500
5088	111132	Valkyder_PlateArmor_Armor	Valkyder Plate Armor	damaged-gear	armor body-armor damaged-gear goods plate tier-2	2	500
5089	985752493	Valkyder_PlateArmor_Armor_I	Valkyder Plate Armor	damaged-gear	armor body-armor damaged-gear goods plate tier-2	2	500
5090	111133	Killeen_PlateArmor_Armor	Killian Plate Armor	damaged-gear	armor body-armor damaged-gear goods plate tier-2	2	500
5091	168348564	Killeen_PlateArmor_Armor_I	Killian Plate Armor	damaged-gear	armor body-armor damaged-gear goods plate tier-2	2	500
5092	111134	Kenmore_PlateArmor_Armor	Kenmore Plate Armor	damaged-gear	armor body-armor damaged-gear goods plate tier-2	2	500
5093	1161943162	Kenmore_PlateArmor_Armor_I	Kenmore Plate Armor	damaged-gear	armor body-armor damaged-gear goods plate tier-2	2	500
5094	111135	Kinloch_PlateArmor_Armor	Kinloch Plate Armor	damaged-gear	armor body-armor damaged-gear goods plate tier-2	2	500
5095	1706487241	Kinloch_PlateArmor_Armor_I	Kinloch Plate Armor	damaged-gear	armor body-armor damaged-gear goods plate tier-2	2	500
5096	111136	Lanok_PlateArmor_Armor	Lanauk Plate Armor	damaged-gear	armor body-armor damaged-gear goods plate tier-2	2	500
5097	358535569	Lanok_PlateArmor_Armor_I	Lanauk Plate Armor	damaged-gear	armor body-armor damaged-gear goods plate tier-2	2	500
5098	111137	Spital_PlateArmor_Armor	Spiddle Plate Armor	damaged-gear	armor body-armor damaged-gear goods plate tier-2	2	500
5099	241185986	Spital_PlateArmor_Armor_II	Blacksteel Spiddle Plate Armor	damaged-gear	armor body-armor damaged-gear goods plate tier-2	2	500
5100	111166	Blackburn_PlateArmor_Armor	Blackburn Plate Armor	damaged-gear	armor body-armor damaged-gear goods plate tier-2	2	500
5101	111167	Repen_PlateArmor_Armor	Reppin Plate Armor	damaged-gear	armor body-armor damaged-gear goods plate tier-2	2	500
5102	111170	Beverly_PlateArmor_Armor	Beverly Plate Armor	damaged-gear	armor body-armor damaged-gear goods plate tier-2	2	500
5103	111194	Vertical_PlateArmor_Armor	Serroa Plate Armor	damaged-gear	armor body-armor damaged-gear goods plate tier-2	2	500
5104	111196	Dutyluon_PlateArmor_Armor	Dutiron Plate Armor	damaged-gear	armor body-armor damaged-gear goods plate tier-2	2	500
5105	111197	Dutinion_PlateArmor_Armor	Dutinion Plate Armor	damaged-gear	armor body-armor damaged-gear goods plate tier-2	2	500
5106	111198	Endnion_PlateArmor_Armor	Endnion Plate Armor	damaged-gear	armor body-armor damaged-gear goods plate tier-2	2	500
5107	111199	Dadnion_PlateArmor_Armor	Dardnion Plate Armor	damaged-gear	armor body-armor damaged-gear goods plate tier-2	2	500
5108	111219	Ludus_PlateArmor_Armor	Ludus Plate Armor	damaged-gear	armor body-armor damaged-gear goods plate tier-2	2	500
5109	111228	Antum_PlateArmor_Armor	Antum Plate Armor	damaged-gear	armor body-armor damaged-gear goods plate tier-2	2	500
5110	111229	Entom_PlateArmor_Armor	Entom Plate Armor	damaged-gear	armor body-armor damaged-gear goods plate tier-2	2	500
5111	111230	Sitanca_PlateArmor_Armor	Sitanca Plate Armor	damaged-gear	armor body-armor damaged-gear goods plate tier-2	2	500
5112	111231	Markman_PlateArmor_Armor	Markman Plate Armor	damaged-gear	armor body-armor damaged-gear goods plate tier-2	2	500
5113	111241	Eclman_PlateArmor_Armor	Ekklemen Plate Armor	damaged-gear	armor body-armor damaged-gear goods plate tier-2	2	500
5114	111242	Otant_PlateArmor_Armor	Ostent Plate Armor	damaged-gear	armor body-armor damaged-gear goods plate tier-2	2	500
5115	111243	Oakleyman_PlateArmor_Armor	Oakley Plate Armor	damaged-gear	armor body-armor damaged-gear goods plate tier-2	2	500
5116	112079	Dragon_Knight_Warrior_PlateArmor_Armor	Dragon Knight Warrior's Plate Armor	damaged-gear	armor body-armor damaged-gear goods plate tier-2	2	500
5117	2111062	Prinkeypes_PlateArmor_Armor	Princeps Plate Armor	damaged-gear	armor body-armor damaged-gear goods plate tier-2	2	500
5118	1000210	Wells_Brigade_Rebel_PlateArmor_Armor_II	Turncoat Plate Armor	damaged-gear	armor body-armor damaged-gear goods plate tier-2	2	500
5119	1000211	Wells_Brigade_Rebel_PlateArmor_Armor_III	Turncoat Plate Armor	damaged-gear	armor body-armor damaged-gear goods plate tier-2	2	500
5120	1002627	Wells_Brigade_Rebel_PlateArmor_Armor_IV	Elite Turncoat Plate Armor	damaged-gear	armor body-armor damaged-gear goods plate tier-2	2	500
5121	1002628	Wells_Brigade_Rebel_PlateArmor_Armor_V	Elite Turncoat Plate Armor	damaged-gear	armor body-armor damaged-gear goods plate tier-2	2	500
5122	2111094	Kunan_PlateArmor_Armor	Kunan Plate Armor	damaged-gear	armor body-armor damaged-gear goods plate tier-2	2	500
5123	778010658	Kunan_PlateArmor_Armor_I	Kunan Plate Armor	damaged-gear	armor body-armor damaged-gear goods plate tier-2	2	500
5124	2111095	Kurinan_PlateArmor_Armor	Gurrinan Plate Armor	damaged-gear	armor body-armor damaged-gear goods plate tier-2	2	500
5125	2111096	Girrin_PlateArmor_Armor	Guilan Plate Armor	damaged-gear	armor body-armor damaged-gear goods plate tier-2	2	500
5126	2111102	Lacquer_PlateArmor_Armor	Larkri Plate Armor	damaged-gear	armor body-armor damaged-gear goods plate tier-2	2	500
5127	2111105	Lark_PlateArmor_Armor	Larc Plate Armor	damaged-gear	armor body-armor damaged-gear goods plate tier-2	2	500
5128	111010	Judge_PlateArmor_Armor	Inquisitor's Plate Armor	damaged-gear	armor body-armor damaged-gear goods plate tier-2	2	500
5129	2111057	Carton_PlateArmor_Armor	Garten Plate Armor	damaged-gear	armor body-armor damaged-gear goods plate tier-2	2	500
5130	1000371	MiddleBoss_Caliburn_BlackTower_PlateArmor_Armor	Caliburn's Vice Captain Plate Armor	damaged-gear	armor body-armor damaged-gear goods plate tier-2	2	500
5131	1003261	Iguana_Rider_PlateArmor_Armor_I	Iguana Rider's Plate Armor	damaged-gear	armor body-armor damaged-gear goods plate tier-2	2	500
5132	1003262	Iguana_Rider_PlateArmor_Armor_II	Iguana Rider's Plate Armor	damaged-gear	armor body-armor damaged-gear goods plate tier-2	2	500
5133	1003263	Iguana_Rider_PlateArmor_Armor_III	Iguana Rider's Plate Armor	damaged-gear	armor body-armor damaged-gear goods plate tier-2	2	500
5134	131009	Judge_Plate_Boots	Inquisitor's Plate Boots	damaged-gear	armor boots damaged-gear goods plate tier-2	2	150
5135	2133027	Moonhead_Plate_Boots	Half Moon Reaper Plate Boots	damaged-gear	armor boots damaged-gear goods plate tier-2	2	150
5136	1000700	Moonhead_Plate_Boots_Waning	New Moon Reaper Plate Boots	damaged-gear	armor boots damaged-gear goods plate tier-2	2	150
5137	1000718	Moonhead_Plate_Boots_Full	Full Moon Reaper Plate Boots	damaged-gear	armor boots damaged-gear goods plate tier-2	2	150
5138	2131005	Markris_Plate_Boots	Marcris Plate Boots	damaged-gear	armor boots damaged-gear goods plate tier-2	2	150
5139	1002120	Serdhal_Plate_Boots_I	Serval Plate Boots	damaged-gear	armor boots damaged-gear goods plate tier-2	2	150
5140	131026	Serdhal_Plate_Boots	Serval Plate Boots	damaged-gear	armor boots damaged-gear goods plate tier-2	2	150
5141	131021	Batz_Plate_Boots	Batz Plate Boots	damaged-gear	armor boots damaged-gear goods plate tier-2	2	150
5142	133292	Laitaa_Plate_Boots	Layta Plate Greaves	damaged-gear	armor boots damaged-gear goods plate tier-2	2	150
5143	121059	Ratti_PlateArmor_Gloves	Ratti Plate Gloves	damaged-gear	armor damaged-gear gloves goods plate tier-2	2	175
5144	1651409807	Ratti_PlateArmor_Gloves_I	Blacksteel Ratti Plate Gloves	damaged-gear	armor damaged-gear gloves goods plate tier-2	2	175
5145	1002737	Ratti_PlateArmor_Gloves_II	Ratti Plate Gloves II	damaged-gear	armor damaged-gear gloves goods plate tier-2	2	175
5146	121014	Draiga_PlateArmor_Gloves	Draiga Plate Gloves	damaged-gear	armor damaged-gear gloves goods plate tier-2	2	175
5147	121022	Flame_SwordMan_PlateArmor_Gloves	Flame Swordsman Plate Gloves	damaged-gear	armor damaged-gear gloves goods plate tier-2	2	175
5148	121027	Kamsen_PlateArmor_Gloves	Camsen Plate Bracers	damaged-gear	armor damaged-gear gloves goods plate tier-2	2	175
5149	121032	Argatah_PlateArmor_Gloves	Agatha's Plate Gloves	damaged-gear	armor damaged-gear gloves goods plate tier-2	2	175
5150	121072	Belui_PlateArmor_Gloves	Belui Plate Gloves	damaged-gear	armor damaged-gear gloves goods plate tier-2	2	175
5151	123136	Satyr_PlateArmor_Gloves	Satyros Plate Gloves	damaged-gear	armor damaged-gear gloves goods plate tier-2	2	175
5152	124075	Dragon_Knight_Warrior_PlateArmor_Gloves	Dragon Knight Warrior's Plate Gloves	damaged-gear	armor damaged-gear gloves goods plate tier-2	2	175
5153	121029	Dimfeld_PlateArmor_Gloves	Dimfeld Plate Gloves	damaged-gear	armor damaged-gear gloves goods plate tier-2	2	175
5154	1002629	Wells_Brigade_Rebel_PlateArmor_Gloves	Turncoat Plate Gloves	damaged-gear	armor damaged-gear gloves goods plate tier-2	2	175
5155	1002661	Twilight_Whistlers_PlateArmor_Gloves	Twilight Messengers' Plate Gloves	damaged-gear	armor damaged-gear gloves goods plate tier-2	2	175
5156	2133062	Desert_Harrier_PlateArmor_Helm_II	Helms Rhinoceros Beetle Helm	damaged-gear	armor damaged-gear goods helm plate tier-2	2	225
5157	2133063	Desert_Harrier_PlateArmor_Helm_III	Helms Stag Beetle Helm	damaged-gear	armor damaged-gear goods helm plate tier-2	2	225
5158	14411	Desert_Harrier_PlateArmor_Helm_IV	Helms Beetle Helm	damaged-gear	armor damaged-gear goods helm plate tier-2	2	225
5159	421702358	Maint_PlateArmor_Helm_I	Mentz Plate Helm	damaged-gear	armor damaged-gear goods helm plate tier-2	2	225
5160	817864642	Duemeniss_PlateArmor_Helm_I	Dumenis Plate Helm	damaged-gear	armor damaged-gear goods helm plate tier-2	2	225
5161	1000487	Makutan_PlateArmor_Helm_II	Troll Maccutan Plate Helm	damaged-gear	armor damaged-gear goods helm plate tier-2	2	225
5162	101114	Dernat_PlateArmor_Helm	Dernat Plate Helm	damaged-gear	armor damaged-gear goods helm plate tier-2	2	225
5163	2101005	Larksis_PlateArmor_Helm	Langris Plate Helm	damaged-gear	armor damaged-gear goods helm plate tier-2	2	225
5164	2101031	Lautia_PlateArmor_Helm	Lautia Plate Helm	damaged-gear	armor damaged-gear goods helm plate tier-2	2	225
5165	101073	Kiahtuth_PlateArmor_Helm	Kiatus Plate Helm	damaged-gear	armor damaged-gear goods helm plate tier-2	2	225
5166	101125	Tanion_PlateArmor_Helm	Tanion Plate Helm	damaged-gear	armor damaged-gear goods helm plate tier-2	2	225
5167	101135	Antra_PlateArmor_Helm	Antra Plate Helm	damaged-gear	armor damaged-gear goods helm plate tier-2	2	225
5168	101136	Latenta_PlateArmor_Helm	Laterna Plate Helm	damaged-gear	armor damaged-gear goods helm plate tier-2	2	225
5169	101139	Tartti_PlateArmor_Helm	Tartry Plate Helm	damaged-gear	armor damaged-gear goods helm plate tier-2	2	225
5170	101141	Rhapts_PlateArmor_Helm	Rapps Plate Helm	damaged-gear	armor damaged-gear goods helm plate tier-2	2	225
5171	102004	Tyran_PlateArmor_Helm	Tailan Plate Helm	damaged-gear	armor damaged-gear goods helm plate tier-2	2	225
5172	103010	Leontain_PlateArmor_Helm	Leontyne Plate Helm	damaged-gear	armor damaged-gear goods helm plate tier-2	2	225
5173	104185	Dragon_Knight_PlateArmor_Helm	Dragon Knight's Helm	damaged-gear	armor damaged-gear goods helm plate tier-2	2	225
5174	2101034	Larstti_PlateArmor_Helm	Larstrom Plate Helm	damaged-gear	armor damaged-gear goods helm plate tier-2	2	225
5175	2101041	Dria_PlateArmor_Helm	Drea Plate Helm	damaged-gear	armor damaged-gear goods helm plate tier-2	2	225
5176	1000137	BountyHunter_PlateArmor_Helm_II	Crow Bounty Plate Helm	damaged-gear	armor damaged-gear goods helm plate tier-2	2	225
5177	1002126	Checia_PlateArmor_Helm_I	Wells Elite Plate Helm	damaged-gear	armor damaged-gear goods helm plate tier-2	2	225
5178	1000635	Twilight_Whistlers_PlateArmor_Helm_I	Twilight Messengers' Plate Helm	damaged-gear	armor damaged-gear goods helm plate tier-2	2	225
5179	1002386	Redknight_PlateArmor_Helm_IV	Turncoat Silver Plate Helm	damaged-gear	armor damaged-gear goods helm plate tier-2	2	225
5180	1000363	Mercenary_PlateArmor_Helm_III	Gladiator's Rake Plate Helm	damaged-gear	armor damaged-gear goods helm plate tier-2	2	225
5181	2139742131	Dallabici_PlateArmor_Armor_I	Dalbich Plate Armor	damaged-gear	armor body-armor damaged-gear goods plate tier-1	1	250
5182	111103	Arkhan_PlateArmor_Armor	Arkhan Plate Armor	damaged-gear	armor body-armor damaged-gear goods plate tier-1	1	250
5183	111247	Manios_PlateArmor_Armor	Manios Plate Armor	damaged-gear	armor body-armor damaged-gear goods plate tier-1	1	250
5184	2111113	Rakkli_PlateArmor_Armor	Rakkli Plate Armor	damaged-gear	armor body-armor damaged-gear goods plate tier-1	1	250
5185	14103	Mueo_PlateArmor_Armor_I	Meyer Plate Armor	damaged-gear	armor body-armor damaged-gear goods plate tier-1	1	250
5186	1797763897	Mueo_PlateArmor_Armor_III	Meyer Plate Armor	damaged-gear	armor body-armor damaged-gear goods plate tier-1	1	250
5187	111040	Enus_PlateArmor_Armor	Enus Plate Armor	damaged-gear	armor body-armor damaged-gear goods plate tier-1	1	250
5188	111086	Bodin_PlateArmor_Armor	Bodin Plate Armor	damaged-gear	armor body-armor damaged-gear goods plate tier-1	1	250
5189	111087	Burimen_PlateArmor_Armor	Breemen Plate Armor	damaged-gear	armor body-armor damaged-gear goods plate tier-1	1	250
5190	111102	Guts_PlateArmor_Armor	Gwets Plate Armor	damaged-gear	armor body-armor damaged-gear goods plate tier-1	1	250
5191	111104	Joseph_PlateArmor_Armor	Yosef Plate Armor	damaged-gear	armor body-armor damaged-gear goods plate tier-1	1	250
5192	111106	Albert_PlateArmor_Armor	Albert Plate Armor	damaged-gear	armor body-armor damaged-gear goods plate tier-1	1	250
5193	111107	Emil_PlateArmor_Armor	Emil Plate Armor	damaged-gear	armor body-armor damaged-gear goods plate tier-1	1	250
5194	111115	Redman_PlateArmor_Armor	Redman Plate Armor	damaged-gear	armor body-armor damaged-gear goods plate tier-1	1	250
5195	111116	Schmidt_PlateArmor_Armor	Schmidt Plate Armor	damaged-gear	armor body-armor damaged-gear goods plate tier-1	1	250
5196	111138	Mueo_PlateArmor_Armor	Meyer Plate Armor	damaged-gear	armor body-armor damaged-gear goods plate tier-1	1	250
5197	1624616903	Mueo_PlateArmor_Armor_II	Meyer Plate Armor	damaged-gear	armor body-armor damaged-gear goods plate tier-1	1	250
5198	111139	Edzel_PlateArmor_Armor	Edzel Plate Armor	damaged-gear	armor body-armor damaged-gear goods plate tier-1	1	250
5199	991362150	Edzel_PlateArmor_Armor_I	Edzel Plate Armor	damaged-gear	armor body-armor damaged-gear goods plate tier-1	1	250
5200	111140	Brejin_PlateArmor_Armor	Brejin Plate Armor	damaged-gear	armor body-armor damaged-gear goods plate tier-1	1	250
5201	2093797664	Brejin_PlateArmor_Armor_I	Brejin Plate Armor	damaged-gear	armor body-armor damaged-gear goods plate tier-1	1	250
5202	111141	Canusti_PlateArmor_Armor	Canusti Plate Armor	damaged-gear	armor body-armor damaged-gear goods plate tier-1	1	250
5203	725927704	Canusti_PlateArmor_Armor_I	Canusti Plate Armor	damaged-gear	armor body-armor damaged-gear goods plate tier-1	1	250
5204	111142	Dendi_PlateArmor_Armor	Dundree Plate Armor	damaged-gear	armor body-armor damaged-gear goods plate tier-1	1	250
5205	1818402956	Dendi_PlateArmor_Armor_I	Dundree Plate Armor	damaged-gear	armor body-armor damaged-gear goods plate tier-1	1	250
5206	111143	Crail_PlateArmor_Armor	Crail Plate Armor	damaged-gear	armor body-armor damaged-gear goods plate tier-1	1	250
5207	372030540	Crail_PlateArmor_Armor_I	Crail Plate Armor	damaged-gear	armor body-armor damaged-gear goods plate tier-1	1	250
5208	111144	Raven_PlateArmor_Armor	Levin Plate Armor	damaged-gear	armor body-armor damaged-gear goods plate tier-1	1	250
5209	1605136458	Raven_PlateArmor_Armor_I	Levin Plate Armor	damaged-gear	armor body-armor damaged-gear goods plate tier-1	1	250
5210	1732262875	Raven_PlateArmor_Armor_II	Levin Plate Armor	damaged-gear	armor body-armor damaged-gear goods plate tier-1	1	250
5211	111145	Dunfermline_PlateArmor_Armor	Dunverline Plate Armor	damaged-gear	armor body-armor damaged-gear goods plate tier-1	1	250
5212	1467029611	Dunfermline_PlateArmor_Armor_I	Dunverline Plate Armor	damaged-gear	armor body-armor damaged-gear goods plate tier-1	1	250
5213	111146	Kinross_PlateArmor_Armor	Kinross Plate Armor	damaged-gear	armor body-armor damaged-gear goods plate tier-1	1	250
5214	1865534197	Kinross_PlateArmor_Armor_I	Kinross Plate Armor	damaged-gear	armor body-armor damaged-gear goods plate tier-1	1	250
5215	111188	Senon_PlateArmor_Armor	Senon Plate Armor	damaged-gear	armor body-armor damaged-gear goods plate tier-1	1	250
5216	111189	Revog_PlateArmor_Armor	Leighbog Plate Armor	damaged-gear	armor body-armor damaged-gear goods plate tier-1	1	250
5217	111202	Rudion_PlateArmor_Armor	Ludeon Plate Armor	damaged-gear	armor body-armor damaged-gear goods plate tier-1	1	250
5218	1000212	Wells_Brigade_Rebel_PlateArmor_Armor_I	Turncoat Plate Armor	damaged-gear	armor body-armor damaged-gear goods plate tier-1	1	250
5219	111203	Ceruon_PlateArmor_Armor	Cerruan Plate Armor	damaged-gear	armor body-armor damaged-gear goods plate tier-1	1	250
5220	111204	Mayon_PlateArmor_Armor	Mahon Plate Armor	damaged-gear	armor body-armor damaged-gear goods plate tier-1	1	250
5221	111232	Kantuna_PlateArmor_Armor	Kantona Plate Armor	damaged-gear	armor body-armor damaged-gear goods plate tier-1	1	250
5222	111236	Lachian_PlateArmor_Armor	Lachian Plate Armor	damaged-gear	armor body-armor damaged-gear goods plate tier-1	1	250
5223	111237	Lacata_PlateArmor_Armor	Lacata Plate Armor	damaged-gear	armor body-armor damaged-gear goods plate tier-1	1	250
5224	111238	Eccanta_PlateArmor_Armor	Eccanta Plate Armor	damaged-gear	armor body-armor damaged-gear goods plate tier-1	1	250
5225	111239	Eclan_PlateArmor_Armor	Eclaon Plate Armor	damaged-gear	armor body-armor damaged-gear goods plate tier-1	1	250
5226	111240	Eclis_PlateArmor_Armor	Egliss Plate Armor	damaged-gear	armor body-armor damaged-gear goods plate tier-1	1	250
5227	111246	Dunion_PlateArmor_Armor	Dunion Plate Armor	damaged-gear	armor body-armor damaged-gear goods plate tier-1	1	250
5228	113525	Johannes_PlateArmor_Armor	Johannes Plate Armor	damaged-gear	armor body-armor damaged-gear goods plate tier-1	1	250
5229	114630	Anti_Demeniss_Mueo_PlateArmor_Armor	Anti-Meyer Plate Armor	damaged-gear	armor body-armor damaged-gear goods plate tier-1	1	250
5230	114633	Anti_Demeniss_Crail_PlateArmor_Armor	Anti-Crail Plate Armor	damaged-gear	armor body-armor damaged-gear goods plate tier-1	1	250
5231	2111019	Kantana_PlateArmor_Armor	Kantana Plate Armor	damaged-gear	armor body-armor damaged-gear goods plate tier-1	1	250
5232	2111024	Amanta_PlateArmor_Armor	Amanta Plate Armor	damaged-gear	armor body-armor damaged-gear goods plate tier-1	1	250
5233	2111025	Kakuta_PlateArmor_Armor	Kakuta Plate Armor	damaged-gear	armor body-armor damaged-gear goods plate tier-1	1	250
5234	2111026	Arcalu_PlateArmor_Armor	Arcalu Plate Armor	damaged-gear	armor body-armor damaged-gear goods plate tier-1	1	250
5235	2111059	Stole_PlateArmor_Armor	Strell Plate Armor	damaged-gear	armor body-armor damaged-gear goods plate tier-1	1	250
5236	2111061	Triali_PlateArmor_Armor	Triali Plate Armor	damaged-gear	armor body-armor damaged-gear goods plate tier-1	1	250
5237	2111092	Lickla_PlateArmor_Armor	Ricla Plate Armor	damaged-gear	armor body-armor damaged-gear goods plate tier-1	1	250
5238	2111104	Lacusane_PlateArmor_Armor	Lacusane Plate Armor	damaged-gear	armor body-armor damaged-gear goods plate tier-1	1	250
5239	2111100	Marcs_PlateArmor_Armor	Malacs Plate Armor	damaged-gear	armor body-armor damaged-gear goods plate tier-1	1	250
5240	2111101	Mant_PlateArmor_Armor	Mant Plate Armor	damaged-gear	armor body-armor damaged-gear goods plate tier-1	1	250
5241	2111114	Mark_PlateArmor_Armor	Marc Plate Armor	damaged-gear	armor body-armor damaged-gear goods plate tier-1	1	250
5242	2111115	Ticon_PlateArmor_Armor	Ticon Plate Armor	damaged-gear	armor body-armor damaged-gear goods plate tier-1	1	250
5243	2111116	Tachan_PlateArmor_Armor	Takhan Plate Armor	damaged-gear	armor body-armor damaged-gear goods plate tier-1	1	250
5244	2113191	Seodri_PlateArmor_Armor	Seddry Plate Armor	damaged-gear	armor body-armor damaged-gear goods plate tier-1	1	250
5245	2600047	Raging_Tempests_Leader_PlateArmor_Armor	Raging Tempest's Plate Armor	damaged-gear	armor body-armor damaged-gear goods plate tier-1	1	250
5246	1000138	BountyHunter_Plate_Armor	Bounty Hunter's Plate Armor	damaged-gear	armor body-armor damaged-gear goods plate tier-1	1	250
5247	1000048	BountyHunter_Plate_Armor_I	Bounty Hunter's Plate Armor	damaged-gear	armor body-armor damaged-gear goods plate tier-1	1	250
5248	1000069	BountyHunter_Plate_Armor_II	Bounty Hunter's Plate Armor	damaged-gear	armor body-armor damaged-gear goods plate tier-1	1	250
5249	1000099	BountyHunter_Plate_Armor_III	Bounty Hunter's Plate Armor	damaged-gear	armor body-armor damaged-gear goods plate tier-1	1	250
5250	2133056	Desert_Harrier_PlateArmor_Armor_II	Desert Marauder's Plate Armor	damaged-gear	armor body-armor damaged-gear goods plate tier-1	1	250
5251	1001169	Desert_Harrier_PlateArmor_Armor_III	Desert Marauder's Plate Armor	damaged-gear	armor body-armor damaged-gear goods plate tier-1	1	250
5252	1000322	Pirate_Vice_Captain_Armor	The Singing Catfish Vice Captain's Armor	damaged-gear	armor body-armor damaged-gear goods plate tier-1	1	250
5253	1001180	Hymns_of_Dusk_PlateArmor_Armor_I	Dusksongs Plate Armor	damaged-gear	armor body-armor damaged-gear goods plate tier-1	1	250
5254	1004370	Hymns_of_Dusk_PlateArmor_Armor_II	The Dusksong Vice Captain's Plate Armor	damaged-gear	armor body-armor damaged-gear goods plate tier-1	1	250
5255	1001403	Noble_Retainer_PlateArmor_Armor_I	Marshell Soldier's Plate Armor	damaged-gear	armor body-armor damaged-gear goods plate tier-1	1	250
5256	1001404	Noble_Retainer_PlateArmor_Armor_II	Marshell Soldier's Plate Armor	damaged-gear	armor body-armor damaged-gear goods plate tier-1	1	250
5257	1001405	Noble_Retainer_PlateArmor_Armor_III	Azerian Soldier's Plate Armor	damaged-gear	armor body-armor damaged-gear goods plate tier-1	1	250
5258	1001406	Noble_Retainer_PlateArmor_Armor_IV	Azerian Soldier's Plate Armor	damaged-gear	armor body-armor damaged-gear goods plate tier-1	1	250
5259	1001407	Noble_Retainer_PlateArmor_Armor_V	Azerian Soldier's Plate Armor	damaged-gear	armor body-armor damaged-gear goods plate tier-1	1	250
5260	1001408	Noble_Retainer_PlateArmor_Armor_VI	Elemore Soldier's Plate Armor	damaged-gear	armor body-armor damaged-gear goods plate tier-1	1	250
5261	1001409	Noble_Retainer_PlateArmor_Armor_VII	Elemore Soldier's Plate Armor	damaged-gear	armor body-armor damaged-gear goods plate tier-1	1	250
5262	1001410	Noble_Retainer_PlateArmor_Armor_VIII	Elemore Soldier's Plate Armor	damaged-gear	armor body-armor damaged-gear goods plate tier-1	1	250
5263	1001412	Noble_Retainer_PlateArmor_Armor_X	Byron's Soldier Plate Armor	damaged-gear	armor body-armor damaged-gear goods plate tier-1	1	250
5264	1001414	Noble_Retainer_PlateArmor_Armor_XII	Byron's Soldier Plate Armor	damaged-gear	armor body-armor damaged-gear goods plate tier-1	1	250
5265	1001415	Noble_Retainer_PlateArmor_Armor_XIII	Byron's Soldier Plate Armor	damaged-gear	armor body-armor damaged-gear goods plate tier-1	1	250
5266	1002416	Noble_Retainer_PlateArmor_Armor_XIV	Private Soldier's Plate Armor	damaged-gear	armor body-armor damaged-gear goods plate tier-1	1	250
5267	1002636	Noble_Retainer_PlateArmor_Armor_XV	Private Soldier's Plate Armor	damaged-gear	armor body-armor damaged-gear goods plate tier-1	1	250
5268	1001946	Guardian_PlateArmor_Armor	Guardian Plate Armor	damaged-gear	armor body-armor damaged-gear goods plate tier-1	1	250
5269	1002759	Twilight_Whistlers_PlateArmor_Armor_I	Twilight Messengers' Plate Armor	damaged-gear	armor body-armor damaged-gear goods plate tier-1	1	250
5270	1004371	Twilight_Whistlers_PlateArmor_Armor_IV	Twilight Messenger Vice Captain's Plate Armor	damaged-gear	armor body-armor damaged-gear goods plate tier-1	1	250
5271	2600049	Raging_Tempests_Leader_Plate_Boots	Raging Tempest's Plate Boots	damaged-gear	armor boots damaged-gear goods plate tier-1	1	75
5272	1000101	BountyHunter_Plate_Boots	Bounty Hunter's Plate Boots	damaged-gear	armor boots damaged-gear goods plate tier-1	1	75
5273	1000365	Gladiator_Plate_Boots	Gladiator Plate Boots	damaged-gear	armor boots damaged-gear goods plate tier-1	1	75
5274	121057	Duemeniss_PlateArmor_Gloves	Dumenis Plate Gloves	damaged-gear	armor damaged-gear gloves goods plate tier-1	1	88
5275	124073	Witters_PlateArmor_Gloves	Witters Plate Gloves	damaged-gear	armor damaged-gear gloves goods plate tier-1	1	88
5276	121055	Lunther_PlateArmor_Gloves	Luthor Plate Gloves	damaged-gear	armor damaged-gear gloves goods plate tier-1	1	88
5277	121065	Kebail_PlateArmor_Gloves	Kevile Plate Gloves	damaged-gear	armor damaged-gear gloves goods plate tier-1	1	88
5278	121067	Weeren_PlateArmor_Gloves	Weirren Plate Gloves	damaged-gear	armor damaged-gear gloves goods plate tier-1	1	88
5279	121068	Devinenne_PlateArmor_Gloves	Devinine Plate Gloves	damaged-gear	armor damaged-gear gloves goods plate tier-1	1	88
5280	124076	Dragon_Knight_Archer_PlateArmor_Gloves	Dragon Knight Archer's Plate Gloves	damaged-gear	armor damaged-gear gloves goods plate tier-1	1	88
5281	1000100	BountyHunter_PlateArmor_Gloves_I	Bounty Hunter's Plate Gloves	damaged-gear	armor damaged-gear gloves goods plate tier-1	1	88
5282	1000167	Pirate_PlateArmor_Gloves	Pirate Plate Gloves	damaged-gear	armor damaged-gear gloves goods plate tier-1	1	88
5283	1000168	Pirate_PlateArmor_Gloves_I	Pirate Plate Gloves	damaged-gear	armor damaged-gear gloves goods plate tier-1	1	88
5284	1000191	Goblin_Merchant_PlateArmor_Gloves_I	Goblin Merchant Guild's Plate Gloves	damaged-gear	armor damaged-gear gloves goods plate tier-1	1	88
5285	1000364	Gladiator_PlateArmor_Gloves_I	Gladiator Plate Gloves	damaged-gear	armor damaged-gear gloves goods plate tier-1	1	88
5286	1002740	Corvo_PlateArmor_Gloves_II	Corvo Plate Gloves	damaged-gear	armor damaged-gear gloves goods plate tier-1	1	88
5287	1001181	Hymns_of_Dusk_PlateArmor_Gloves_I	Dusksongs Plate Gloves	damaged-gear	armor damaged-gear gloves goods plate tier-1	1	88
5288	1001958	Greyfur_PlateArmor_Gloves_I	Darren Plate Gloves	damaged-gear	armor damaged-gear gloves goods plate tier-1	1	88
5289	14403	Raphtha_PlateArmor_Helm_I	Demenissian Guard's Plate Helm	damaged-gear	armor damaged-gear goods helm plate tier-1	1	113
5290	14404	Raphtha_PlateArmor_Helm_II	Demenissian Guard's Plate Helm	damaged-gear	armor damaged-gear goods helm plate tier-1	1	113
5291	1657061401	Raphtha_PlateArmor_Helm_III	Inquisitor's Plate Helm	damaged-gear	armor damaged-gear goods helm plate tier-1	1	113
5292	14407	Luconek_PlateArmor_Helm_I	Demenissian Guard's Plate Helm	damaged-gear	armor damaged-gear goods helm plate tier-1	1	113
5293	1933331018	Luconek_PlateArmor_Helm_II	Inquisitor's Plate Helm	damaged-gear	armor damaged-gear goods helm plate tier-1	1	113
5294	14412	Desert_Harrier_PlateArmor_Helm_V	Helms Hornet Helm	damaged-gear	armor damaged-gear goods helm plate tier-1	1	113
5295	14413	Desert_Harrier_PlateArmor_Helm_VI	Helms Bull Helm	damaged-gear	armor damaged-gear goods helm plate tier-1	1	113
5296	1001756	Desert_Harrier_PlateArmor_Helm_VII	Helms Bull Helm	damaged-gear	armor damaged-gear goods helm plate tier-1	1	113
5297	101057	Inyr_PlateArmor_Helm	Inyr Plate Helm	damaged-gear	armor damaged-gear goods helm plate tier-1	1	113
5298	101097	Laehbern_PlateArmor_Helm	Laehbern Plate Helm	damaged-gear	armor damaged-gear goods helm plate tier-1	1	113
5299	2101019	Lukran_PlateArmor_Helm	Laccarsa Plate Helm	damaged-gear	armor damaged-gear goods helm plate tier-1	1	113
5300	2101025	Kayson_PlateArmor_Helm	Demenissian Guard's Plate Helm	damaged-gear	armor damaged-gear goods helm plate tier-1	1	113
5301	1483457479	Kayson_PlateArmor_Helm_I	Inquisitor's Plate Helm	damaged-gear	armor damaged-gear goods helm plate tier-1	1	113
5302	1000446	Kayson_PlateArmor_Helm_II	Caysonne Plate Helm	damaged-gear	armor damaged-gear goods helm plate tier-1	1	113
5303	2101039	Kahdet_PlateArmor_Helm	Cadet Plate Helm	damaged-gear	armor damaged-gear goods helm plate tier-1	1	113
5304	101012	Bolton_PlateArmor_Helm	Keredeg Plate Helm	damaged-gear	armor damaged-gear goods helm plate tier-1	1	113
5305	1001527	Antony_PlateArmor_Helm	Antoni Plate Helm	damaged-gear	armor damaged-gear goods helm plate tier-1	1	113
5306	101013	Frinyl_PlateArmor_Helm	Ferenna Plate Helm	damaged-gear	armor damaged-gear goods helm plate tier-1	1	113
5307	101015	Flynn_PlateArmor_Helm	Flynn Plate Helm	damaged-gear	armor damaged-gear goods helm plate tier-1	1	113
5308	101016	Crudil_PlateArmor_Helm	Crudil Plate Helm	damaged-gear	armor damaged-gear goods helm plate tier-1	1	113
5309	101031	Roderem_PlateArmor_Helm	Rodderham Plate Helm	damaged-gear	armor damaged-gear goods helm plate tier-1	1	113
5310	101034	Taos_PlateArmor_Helm	Taos Plate Helm	damaged-gear	armor damaged-gear goods helm plate tier-1	1	113
5311	101049	Lotas_PlateArmor_Helm	Lotas Plate Helm	damaged-gear	armor damaged-gear goods helm plate tier-1	1	113
5312	1098923719	Lotas_PlateArmor_Helm_I	Blacksteel Lotas Plate Helm	damaged-gear	armor damaged-gear goods helm plate tier-1	1	113
5313	101058	Luconek_PlateArmor_Helm	Rueconec Plate Helm	damaged-gear	armor damaged-gear goods helm plate tier-1	1	113
5314	101059	Calio_PlateArmor_Helm	Calio Plate Helm	damaged-gear	armor damaged-gear goods helm plate tier-1	1	113
5315	101062	Aspherd_PlateArmor_Helm	Ashford Plate Helm	damaged-gear	armor damaged-gear goods helm plate tier-1	1	113
5316	101068	Lyfellen_PlateArmor_Helm	Lyfellen Plate Helm	damaged-gear	armor damaged-gear goods helm plate tier-1	1	113
5317	101077	Rybee_PlateArmor_Helm	Rahbae Plate Helm	damaged-gear	armor damaged-gear goods helm plate tier-1	1	113
5318	1000220	Rybee_PlateArmor_Helm_I	Modified Rahbae Plate Helm	damaged-gear	armor damaged-gear goods helm plate tier-1	1	113
5319	101098	Ophenber_PlateArmor_Helm	Offenberg Plate Helm	damaged-gear	armor damaged-gear goods helm plate tier-1	1	113
5320	101105	Ulrich_PlateArmor_Helm	Ulrich Plate Helm	damaged-gear	armor damaged-gear goods helm plate tier-1	1	113
5321	101109	Paijal_PlateArmor_Helm	Paizel Bone Helm	damaged-gear	armor damaged-gear goods helm plate tier-1	1	113
5322	101113	Volghan_PlateArmor_Helm	Bolgan Plate Helm	damaged-gear	armor damaged-gear goods helm plate tier-1	1	113
5323	101115	Dongdegobi_PlateArmor_Helm	Dondegobi Plate Helm	damaged-gear	armor damaged-gear goods helm plate tier-1	1	113
5324	101120	Casinian_PlateArmor_Helm	Casinian Plate Helm	damaged-gear	armor damaged-gear goods helm plate tier-1	1	113
5325	101137	Jacktar_PlateArmor_Helm	Zachar Plate Helm	damaged-gear	armor damaged-gear goods helm plate tier-1	1	113
5326	104120	Danid_PlateArmor_Helm	Deland Plate Helm	damaged-gear	armor damaged-gear goods helm plate tier-1	1	113
5327	2101003	Serrin_PlateArmor_Helm	Sorin Plate Helm	damaged-gear	armor damaged-gear goods helm plate tier-1	1	113
5328	2101004	Matarion_PlateArmor_Helm	Matarion Plate Helm	damaged-gear	armor damaged-gear goods helm plate tier-1	1	113
5329	2101020	Maydocs_PlateArmor_Helm	Maydocs Plate Helm	damaged-gear	armor damaged-gear goods helm plate tier-1	1	113
5330	2101022	Larksia_PlateArmor_Helm	Renkshaw Plate Helm	damaged-gear	armor damaged-gear goods helm plate tier-1	1	113
5331	603466718	Larksia_PlateArmor_Helm_I	Blacksteel Renkshaw Plate Helm	damaged-gear	armor damaged-gear goods helm plate tier-1	1	113
5332	2101023	Likua_PlateArmor_Helm	Longia Plate Helm	damaged-gear	armor damaged-gear goods helm plate tier-1	1	113
5333	826724264	Likua_PlateArmor_Helm_I	Blacksteel Longia Plate Helm	damaged-gear	armor damaged-gear goods helm plate tier-1	1	113
5334	2101026	Matiras_PlateArmor_Helm	Rhinoceros Plate Helm	damaged-gear	armor damaged-gear goods helm plate tier-1	1	113
5335	1471558076	Matiras_PlateArmor_Helm_I	Beaked Plate Helm	damaged-gear	armor damaged-gear goods helm plate tier-1	1	113
5336	2101027	Mautey_PlateArmor_Helm	Mottie Plate Helm	damaged-gear	armor damaged-gear goods helm plate tier-1	1	113
5337	2048616564	Mautey_PlateArmor_Helm_I	Blacksteel Mottie Plate Helm	damaged-gear	armor damaged-gear goods helm plate tier-1	1	113
5338	2101028	Enratte_PlateArmor_Helm	Enratte Plate Helm	damaged-gear	armor damaged-gear goods helm plate tier-1	1	113
5339	1697671129	Enratte_PlateArmor_Helm_I	Large Enratte Plate Helm	damaged-gear	armor damaged-gear goods helm plate tier-1	1	113
5340	2101030	Astin_PlateArmor_Helm	Austin Plate Helm	damaged-gear	armor damaged-gear goods helm plate tier-1	1	113
5341	2101032	Maturah_PlateArmor_Helm	Matarra Plate Helm	damaged-gear	armor damaged-gear goods helm plate tier-1	1	113
5342	2101036	Aant_PlateArmor_Helm	Awrain Plate Helm	damaged-gear	armor damaged-gear goods helm plate tier-1	1	113
5343	2101038	Devinion_PlateArmor_Helm	Devins Plate Helm	damaged-gear	armor damaged-gear goods helm plate tier-1	1	113
5344	2133132	Parastis_PlateArmor_Helm	Parasis Plate Helm	damaged-gear	armor damaged-gear goods helm plate tier-1	1	113
5345	2600048	Raging_Tempests_Leader_PlateArmor_Helm	Raging Tempest's Plate Helm	damaged-gear	armor damaged-gear goods helm plate tier-1	1	113
5346	101112	Bayur_PlateArmor_Helm	Bayer Plate Helm	damaged-gear	armor damaged-gear goods helm plate tier-1	1	113
5347	1000068	Binder_PlateArmor_Helm	Binder's Plate Helm	damaged-gear	armor damaged-gear goods helm plate tier-1	1	113
5348	1000360	Mercenary_PlateArmor_Helm	Troll Gladiator's Plate Helm	damaged-gear	armor damaged-gear goods helm plate tier-1	1	113
5349	1000361	Mercenary_PlateArmor_Helm_I	Gladiator's Thorn Plate Helm	damaged-gear	armor damaged-gear goods helm plate tier-1	1	113
5350	1000362	Mercenary_PlateArmor_Helm_II	Gladiator's Rat Plate Helm	damaged-gear	armor damaged-gear goods helm plate tier-1	1	113
5351	1000621	NeutralZone_PlateArmor_Helm	Gorthak Orc's Helm	damaged-gear	armor damaged-gear goods helm plate tier-1	1	113
5352	1002360	Owls_of_the_Mist_PlateArmor_Helm_II	Mistcloaked Owl Plate Helm	damaged-gear	armor damaged-gear goods helm plate tier-1	1	113
5353	114590	Scalaphynion_Fabric_Armor	Skyblazer Cloth Armor	body-armor	armor body-armor cloth equipment extractable important tier-5	5	1230
5354	1000276	Scalaphynion_Fabric_Cloak	Skyblazer Cloth Cloak	cloak	armor cloak equipment extractable important tier-5	5	1230
5355	134056	Reeddevil_Fabric_Boots	Sunset Reed Cloth Boots	boots	armor boots cloth equipment extractable important tier-5	5	370
5356	124067	Reeddevil_Fabric_Gloves	Sunset Reed Cloth Gloves	gloves	armor cloth equipment extractable gloves important tier-5	5	440
5357	9401	Scalaphynion_Fabric_Helm	Skyblazer Cloth Helm	helm	armor cloth equipment extractable helm important tier-5	5	560
5358	2113206	Tychaon_Fabric_Armor	Dark Ringleader's Cloth Armor	body-armor	armor body-armor cloth equipment extractable important tier-4	4	861
5359	9103	Tarif_Fabric_Armor	Tariv Cloth Attire	body-armor	armor body-armor cloth equipment extractable tier-4	4	861
5360	1000319	OrcuMer_Fabric_Armor	Martial Monk's Cloth Robe	body-armor	armor body-armor cloth equipment extractable important tier-4	4	861
5361	1000273	Tychaon_Fabric_Cloak	Dark Ringleader's Cloth Cloak	cloak	armor cloak equipment extractable important tier-4	4	861
5362	1000275	Tarif_Fabric_Cloak	Tariv Cloth Cloak	cloak	armor cloak docking equipment extractable tier-4	4	861
5363	9201	Tarif_Fabric_Boots	Tariv Cloth Boots	boots	armor boots cloth equipment extractable tier-4	4	259
5364	1000472	OrcuMer_Fabric_Boots	Martial Monk's Cloth Boots	boots	armor boots cloth equipment extractable important tier-4	4	259
5365	9302	Tarif_Fabric_Gloves	Tariv Cloth Gloves	gloves	armor cloth equipment extractable gloves tier-4	4	308
5366	1004882	OrcuMer_Fabric_Gloves_I	Martial Monk's Cloth Gloves	gloves	armor cloth equipment extractable gloves important tier-4	4	308
5367	104132	Chartian_Fabric_Helm	Dark Ringleader's Cloth Helm	helm	armor cloth equipment extractable helm important tier-4	4	392
5368	1004430	Pinball_Fabric_Helm	Circus Jester Hat	helm	armor cloth equipment extractable helm tier-3	3	2044
5369	1165011	Optionary_Florin_Cloth	Pororin Cloth Attire	body-armor	armor body-armor cloth equipment extractable tier-3	3	492
5370	2114095	Tartinan_Fabric_Armor	Lauques Cloth Armor	body-armor	armor body-armor cloth equipment extractable tier-3	3	492
5371	114595	Heisellen_Fabric_Armor	The Masked Liberator's Cloth Armor	body-armor	armor body-armor cloth equipment extractable important tier-3	3	492
5372	114354	Gael_Fabric_Armor	Gael Cloth Armor	body-armor	armor body-armor cloth equipment extractable tier-3	3	492
5373	111108	Schtump_Fabric_Armor	Schtump Cloth Armor	body-armor	armor body-armor cloth equipment extractable tier-3	3	492
5374	1002134	Taorant_Fabric_Armor_II	Tiorant Cloth Armor	body-armor	armor body-armor cloth equipment extractable tier-3	3	492
5375	2114049	Bessenette_Fabric_Armor	Besnet Cloth Armor	body-armor	armor body-armor cloth equipment extractable important tier-3	3	492
5376	1000330	Tartinan_Fabric_Cloak	Lauques Cloth Cloak	cloak	armor cloak equipment extractable tier-3	3	492
5377	1000279	Heisellen_Fabric_Cloak	The Masked Liberator's Cloth Cloak	cloak	armor cloak equipment extractable important tier-3	3	492
5378	1000032	Florin_Fabric_Cloak	Pororin Cloth Cloak	cloak	armor cloak equipment extractable tier-3	3	492
5379	1001940	Schtump_Fabric_Cloak	Schtump Cloth Cloak	cloak	armor cloak equipment extractable tier-3	3	492
5380	1002135	Taorant_Fabric_Cloak	Tiorant Cloth Cloak	cloak	armor cloak equipment extractable tier-3	3	492
5381	1000203	Militia_Fabric_Cloak_I	Beighen Cloth Cloak	cloak	armor cloak equipment extractable tier-3	3	492
5382	114606	Varantine_Fabric_Armor	Delesyian Cloth Attire	body-armor	armor body-armor cloth equipment extractable tier-2	2	246
5383	2114004	Arkhan_Fabric_Armor	Leddic Cloth Armor	body-armor	armor body-armor cloth equipment extractable tier-2	2	246
5384	1000187	Goblin_Merchant_Fabric_Armor_Ⅳ	Nibrak Cloth Armor	body-armor	armor body-armor cloth equipment extractable tier-2	2	246
5385	1004780	Fighter_Fabric_Armor	Martial Artist's Cloth Garb	body-armor	armor body-armor cloth equipment extractable important tier-2	2	246
5386	1000278	Varantine_Fabric_Cloak	Delesyian Cloth Cloak	cloak	armor cloak equipment extractable tier-2	2	246
5387	1000335	Scarecrow_Camouflage_Cloak	Scarecrow Cloak	cloak	armor cloak docking equipment extractable tier-1	1	100
5388	134057	Abyss_Surreal_Human_Fabric_Boots	Rabbit Cloth Boots	boots	armor boots cloth equipment extractable tier-1	1	37
5389	1000341	Raccoon_Fabric_Helm	Raccoon Cloth Hat	helm	armor cloth equipment extractable helm tier-1	1	56
5390	2133137	Ziggurat_Fabric_Helm	Ziggurat Cloth Helm	helm	armor cloth equipment extractable helm tier-1	1	56
5391	1000263	Straw_Fabric_Helm	Straw Bale Helm	helm	armor cloth equipment extractable helm tier-1	1	56
5392	1003769	Lavrak_Fabric_Helm	Labrak Cloth Cap	helm	armor cloth equipment extractable helm tier-1	1	56
5393	104139	Derish_Fabric_Helm	Drish Cloth Cap	helm	armor cloth equipment extractable helm tier-1	1	56
5394	104028	Luconek_Fabric_Helm	Rueconec Cloth Cap	helm	armor cloth equipment extractable helm tier-1	1	56
5395	1003770	Rivelorn_Fabric_Helm	Rivellon Cloth Cap	helm	armor cloth equipment extractable helm tier-1	1	56
5396	104015	Lardein_Fabric_Helm	Radein Cloth Cap	helm	armor cloth equipment extractable helm tier-1	1	56
5397	1000127	Demian_Fabric_Cloak_I	Light of the Battlefield Cloth Cloak	cloak	armor cloak equipment extractable important tier-4	4	861
5398	1001259	Demian_Fabric_Cloak_II	White Bloodwind Cloth Cloak	cloak	armor cloak equipment extractable tier-4	4	861
5399	1001131	Demian_Fabric_Cloak_III	Autumn Banquet Cloth Cloak	cloak	armor cloak equipment extractable important tier-4	4	861
5400	1001133	Demian_Fabric_Cloak_IV	Official Knight's Cloth Cloak	cloak	armor cloak equipment extractable important tier-4	4	861
5401	1002800	Demian_Greyfur_Fabric_Cloak	Grey Wolf Cloth Cloak	cloak	armor cloak equipment extractable tier-4	4	861
5402	123320	Lacklean_Fabric_Gloves	Grey Wolf Cloth Gloves	gloves	armor cloth equipment extractable gloves tier-4	4	308
5403	1004800	Sermena_Fabric_Armor	Sermena Cloth Armor	body-armor	armor body-armor cloth equipment extractable important tier-3	3	492
5404	1004801	Rovenia_Fabric_Armor	Rovenia Cloth Armor	body-armor	armor body-armor cloth equipment extractable important tier-3	3	492
5405	1004804	Rivenheim_Fabric_Armor	Rivenheim Cloth Armor	body-armor	armor body-armor cloth equipment extractable important tier-3	3	492
5406	1004805	Duskmoon_Fabric_Armor	Duskmoon Cloth Armor	body-armor	armor body-armor cloth equipment extractable important tier-3	3	492
5407	12217	Ludvic_Leather_Armor	Hungering Fang Leather Armor	body-armor	armor body-armor equipment extractable important leather tier-5	5	1740
5408	1000289	Ludvic_Leather_Cloak	Hungering Fang Leather Cloak	cloak	armor cloak equipment extractable important tier-5	5	1740
5409	1000293	Hemon_Vindel_Leather_Cloak	Duskfang Leather Cloak	cloak	armor cloak docking equipment extractable important tier-5	5	1740
5410	1000270	Douglas_Leather_Cloak	Blackwing Leather Cloak	cloak	armor cloak equipment extractable important tier-5	5	1740
5411	1004632	Tarandus_PlateArmor_Cloak	The Ashen's Leather Cloak	cloak	armor cloak equipment extractable important tier-5	5	1740
5412	133348	Bainian_Leather_Boots	Blackwing Leather Boots	boots	armor boots equipment extractable important leather tier-5	5	520
5413	133164	Tarandus_Leather_Boots	The Ashen's Leather Boots	boots	armor boots equipment extractable important leather tier-5	5	520
5414	1003223	White_Crocodile_Leather_Gloves	Pale Predator's Leather Gloves	gloves	armor equipment extractable gloves important leather tier-5	5	610
5415	12408	Ludvic_Leather_Gloves	Hungering Fang Leather Gloves	gloves	armor equipment extractable gloves important leather tier-5	5	610
5416	12407	Scalaphynion_Leather_Gloves	Skyblazer Leather Gloves	gloves	armor equipment extractable gloves important leather tier-5	5	610
5417	103023	Deer_King_Leather_Helm	Leather Helm of the Fallen Kingdom	helm	armor equipment extractable helm important leather tier-5	5	780
5418	113561	Deerking_Leather_Armor	Leather Armor of the Fallen Kingdom	body-armor	armor body-armor equipment extractable important leather tier-4	4	1218
5419	2113218	Hemon_Vindel_Leather_Armor	Duskfang Leather Armor	body-armor	armor body-armor equipment extractable important leather tier-4	4	1218
5420	113023	Douglas_Leather_Armor	Blackwing Leather Armor	body-armor	armor body-armor equipment extractable important leather tier-4	4	1218
5421	1000290	Deerking_Leather_Cloak	Leather Cloak of the Fallen Kingdom	cloak	armor cloak equipment extractable important tier-4	4	1218
5422	12306	Ludvic_Leather_Boots	Hungering Fang Leather Boots	boots	armor boots equipment extractable important leather tier-4	4	364
5423	133178	Londel_Leather_Boots	Scorchflame Leather Boots	boots	armor boots equipment extractable important leather tier-4	4	364
5424	12412	Carta_Leather_Gloves	Carta Leather Gloves	gloves	armor equipment extractable gloves leather tier-4	4	427
5425	12406	Douglas_Leather_Gloves	Blackwing Leather Gloves	gloves	armor equipment extractable gloves important leather tier-4	4	427
5426	123279	Tikan_Leather_Gloves	Dark Ringleader's Leather Gloves	gloves	armor equipment extractable gloves important leather tier-4	4	427
5427	121050	Mercenary_Gloves	Grey Wolf Leather Gloves	gloves	armor equipment extractable gloves leather tier-4	4	427
5428	1000005	Legendary_Deer_Leather_Gloves	Counterweight Leather Gloves	gloves	armor equipment extractable gloves leather tier-4	4	427
5429	114623	Abyss_Surreal_Human_Leather_Armor	Rabbit Leather Coat	body-armor	armor body-armor equipment extractable leather tier-3	3	696
5430	12218	Hailbrin_Leather_Armor	Helfryn Leather Armor	body-armor	armor body-armor equipment extractable important leather tier-3	3	696
5431	113742	Reeddevil_Leather_Armor	Sunset Reed Leather Armor	body-armor	armor body-armor docking equipment extractable important leather tier-3	3	696
5432	1163551	Paulus_Basic_Leather_Armor	Ironwilled Guardian's Leather Armor	body-armor	armor body-armor equipment extractable leather tier-3	3	696
5433	111050	Mercenary_Leather_Armor	Grey Wolf Leather Armor	body-armor	armor body-armor equipment extractable leather tier-3	3	696
5434	114624	Abyss_Surreal_Wolf_Leather_Armor	Jester Leather Coat	body-armor	armor body-armor equipment extractable leather tier-3	3	696
5435	2113196	Ruschar_Leather_Armor	Ruschar Leather Armor	body-armor	armor body-armor equipment extractable leather tier-3	3	696
5436	1004810	LoneBomb_Leather_Armor	Lonely Bomb Leather Armor	body-armor	armor body-armor equipment extractable important leather tier-3	3	696
5437	1004811	OakBarrel_Mimic_Leather_Armor	Oak Barrel Leather Armor	body-armor	armor body-armor equipment extractable important leather tier-3	3	696
5438	1004812	Blacksmith_Leather_Armor	Blacksmith's Leather Armor	body-armor	armor body-armor equipment extractable leather tier-3	3	696
5439	1004821	Stein_Leather_Armor	Stein Leather Armor	body-armor	armor body-armor equipment extractable important leather tier-3	3	696
5440	1000291	Hailbrin_Leather_Cloak	Helfryn Leather Cloak	cloak	armor cloak equipment extractable important tier-3	3	696
5441	1000292	Reeddevil_Leather_Cloak	Sunset Reed Leather Cloak	cloak	armor cloak docking equipment extractable important tier-3	3	696
5442	1000342	Paulus_Basic_Leather_cloak	Ironwilled Guardian's Leather Cloak	cloak	armor cloak equipment extractable important tier-3	3	696
5443	1000294	Mercenary_Leather_Cloak	Grey Wolf Leather Cloak	cloak	armor cloak equipment extractable tier-3	3	696
5444	133076	Paulus_Leather_Boots	Ironwilled Guardian's Leather Boots	boots	armor boots equipment extractable leather tier-3	3	208
5445	133192	Pavis_Leather_Boots	Pavis Leather Boots	boots	armor boots equipment extractable leather tier-3	3	208
5446	2133023	Diorness_Leather_Boots	Ferman Leather Boots	boots	armor boots equipment extractable leather tier-3	3	208
5447	133172	Stugrub_Leather_Boots	The Masked Liberator's Leather Boots	boots	armor boots equipment extractable important leather tier-3	3	208
5448	133011	Hailbrin_Leather_Boots	Helfryn Leather Boots	boots	armor boots equipment extractable important leather tier-3	3	208
5449	2131008	Nickna_Leather_Boots	Northern Fighter's Leather Boots	boots	armor boots equipment extractable leather tier-3	3	208
5450	133097	Cardion_Leather_Boots	Bolton Leather Boots	boots	armor boots equipment extractable leather tier-3	3	208
5451	133237	Isilon_Leather_Boots	Isilon Leather Boots	boots	armor boots equipment extractable important leather tier-3	3	208
5452	12410	Hailbrin_Leather_Gloves	Helfryn Leather Gloves	gloves	armor equipment extractable gloves important leather tier-3	3	244
5453	123240	Volghan_Leather_Gloves	The Masked Liberator's Leather Gloves	gloves	armor equipment extractable gloves important leather tier-3	3	244
5454	123329	Srasika_Leather_Gloves	Duskfang Leather Gloves	gloves	armor equipment extractable gloves important leather tier-3	3	244
5455	2133150	Lyfellen_Leather_Gloves	Northern Fighter's Leather Gloves	gloves	armor equipment extractable gloves leather tier-3	3	244
5456	1000438	Wyvern_Leather_Helm	Lizard Leather Helm	helm	armor equipment extractable helm leather tier-3	3	312
5457	1000509	Regglin_Boss_Helm	Leather Hat of Enlightenment	helm	armor equipment extractable helm important leather tier-3	3	312
5458	1000474	Orcumer_Helm	Wooden Mask of Lost Justice	helm	armor equipment extractable helm important leather tier-3	3	312
5459	1002270	Delegation_Leather_Helm	Delegation Leather Hat	helm	armor equipment extractable helm important leather tier-3	3	312
5460	1000344	WhiteHorn_Leather_Helm	White Horn Leather Helm	helm	armor equipment extractable helm leather tier-3	3	3718
5461	12219	Weasel_Leather_Armor	Weasel Leather Armor	body-armor	armor body-armor equipment extractable leather tier-2	2	348
5462	1000882	Deshret_Leather_Armor	Ziggurat Leather Armor	body-armor	armor body-armor equipment extractable leather tier-2	2	348
5463	1163051	Yann_Basic_Leather_Armor	Silverwolf Leather Armor	body-armor	armor body-armor equipment extractable leather tier-2	2	348
5464	12205	Bildain_Leather_Armor_I	Vildyne Leather Armor	body-armor	armor body-armor equipment extractable important leather tier-2	2	348
5465	2113205	Wurten_Leather_Armor	Buellen Leather Armor	body-armor	armor body-armor equipment extractable leather tier-2	2	348
5466	113717	Huskall_Leather_Armor	Huskall Leather Armor	body-armor	armor body-armor equipment extractable leather tier-2	2	348
5467	1000295	Weasel_Leather_Cloak	Weasel Leather Cloak	cloak	armor cloak equipment extractable tier-2	2	348
5468	1003284	Iguana_Rider_Leather_Cloak_III	Lizard Leather Cloak	cloak	armor cloak equipment extractable tier-2	2	348
5469	1004605	Yann_Basic_Leather_Cloak	Silverwolf Leather Cloak	cloak	armor cloak equipment tier-2	2	348
5470	131050	Mercenary_Leather_Boots	Grey Wolf Leather Boots	boots	armor boots equipment extractable leather tier-2	2	104
5471	12309	Weasel_Leather_Boots	Weasel Leather Boots	boots	armor boots equipment extractable leather tier-2	2	104
5472	133044	Rhonda_Leather_Boots	Rhonda Leather Boots	boots	armor boots equipment extractable important leather tier-2	2	104
5473	133121	Woodbrock_Leather_Boots	Woodbrock Leather Boots	boots	armor boots equipment extractable leather tier-2	2	104
5474	133203	Lascaux_Leather_Boots	Lascaux Leather Boots	boots	armor boots equipment extractable important leather tier-2	2	104
5475	133117	Nakmore_Leather_Boots	Nagmore Leather Boots	boots	armor boots equipment extractable important leather tier-2	2	104
5476	133269	Tirtit_Leather_Boots	Ator's Will Leather Boots	boots	armor boots equipment extractable leather tier-2	2	104
5477	133201	Dutrat_Leather_Boots	Dutrat Leather Boots	boots	armor boots equipment extractable leather tier-2	2	104
5478	133043	Tesslit_Leather_Boots	Tesslit Leather Boots	boots	armor boots equipment extractable leather tier-2	2	104
5479	2133059	Desert_Harrier_Leather_Boots_I	Helms Leather Boots	boots	armor boots equipment extractable leather tier-2	2	104
5480	2133045	Atanti_Leather_Boots	Lauques Leather Boots	boots	armor boots equipment extractable leather tier-2	2	104
5481	133034	Gallophelt_Leather_Boots	Silverwolf Leather Boots	boots	armor boots equipment extractable leather tier-2	2	104
5482	123041	Tesslit_Leather_Gloves	Pavis Leather Gloves	gloves	armor equipment extractable gloves leather tier-2	2	122
5483	12414	Volruin_Leather_Gloves	Bollin Leather Gloves	gloves	armor equipment extractable gloves leather tier-2	2	122
5484	12411	Weasel_Leather_Gloves	Weasel Leather Gloves	gloves	armor equipment extractable gloves leather tier-2	2	122
5485	123137	Paulus_Leather_Gloves	Ironwilled Guardian's Leather Gloves	gloves	armor equipment extractable gloves leather tier-2	2	122
5486	124071	Antumbra_Leather_Gloves	Ator's Will Leather Gloves	gloves	armor equipment extractable gloves leather tier-2	2	122
5487	123370	Dallaban_Leather_Gloves	Dallaban Leather Gloves	gloves	armor equipment extractable gloves leather tier-2	2	122
5488	123324	Triroan_Leather_Gloves	Silverwolf Leather Gloves	gloves	armor equipment extractable gloves leather tier-2	2	122
5489	103094	Ledcy_Leather_Helm	Arkhan Leather Helm	helm	armor equipment extractable helm leather tier-2	2	156
5490	113672	Marthana_Leather_Armor	Matana Leather Armor	body-armor	armor body-armor equipment extractable leather tier-1	1	174
5491	2113210	Doventry_Leather_Armor	Doventry Leather Armor	body-armor	armor body-armor equipment extractable leather tier-1	1	174
5492	1163044	Inytium_Leather_Armor	Ynitium Leather Armor	body-armor	armor body-armor equipment extractable leather tier-1	1	174
5493	1000078	BountyHunter_Leather_Armor_III	Bounty Hunter's Leather Armor	body-armor	armor body-armor equipment extractable leather tier-1	1	174
5494	1000348	GraveRobber_Leather_Armor_IV	Grave Robber's Leather Armor	body-armor	armor body-armor equipment extractable leather tier-1	1	174
5495	1000297	Abyss_Surreal_Wolf_Leather_Cloak	Jester Leather Cloak	cloak	armor cloak equipment extractable tier-1	1	174
5496	1000296	Inytium_Leather_Cloak	Ynitium Leather Cloak	cloak	armor cloak equipment extractable tier-1	1	174
5497	12311	Hernand_Party_Leather_Boots	Hernandian Leather Boots	boots	armor boots equipment extractable leather tier-1	1	52
5498	12312	Optionary_Beekeeping_Leather_Boots	Beekeeping Boots	boots	armor boots equipment extractable leather tier-1	1	52
5499	133346	Sein_Leather_Boots	Sein Leather Boots	boots	armor boots equipment extractable leather tier-1	1	52
5500	133009	Volruin_Leather_Boots	Bollin Leather Boots	boots	armor boots equipment extractable leather tier-1	1	52
5501	1163046	Inytium_Leather_Boots	Ynitium Leather Boots	boots	armor boots equipment extractable leather tier-1	1	52
5502	12413	Optionary_Beekeeping_Leather_Gloves	Beekeeping Gloves	gloves	armor equipment extractable gloves leather tier-1	1	61
5503	124069	Abyss_Surreal_Wolf_Leather_Gloves	Jester Leather Gloves	gloves	armor equipment extractable gloves leather tier-1	1	61
5504	123036	Melvin_Leather_Gloves	Melvin Leather Gloves	gloves	armor equipment extractable gloves leather tier-1	1	61
5505	1163045	Inytium_Leather_Gloves	Ynitium Leather Gloves	gloves	armor equipment extractable gloves leather tier-1	1	61
5506	104175	Abyss_Surreal_Wolf_Leather_Helm	Jester Leather Mask	helm	armor equipment extractable helm leather tier-1	1	78
5507	104176	Abyss_Surreal_Human_Leather_Helm	Rabbit Leather Mask	helm	armor equipment extractable helm leather tier-1	1	78
5508	1000264	Goblin_Pumpkin_Helm_I	Pumpkin Head	helm	armor equipment extractable helm leather tier-1	1	78
5509	1003771	Vorren_Leather_Helm	Boren Leather Helm	helm	armor equipment extractable helm leather tier-1	1	78
5510	1163251	Oongka_Basic_Leather_Armor	Ashen Wolf's Leather Armor	body-armor	armor body-armor equipment extractable leather tier-3	3	696
5511	1000678	Oongka_Basic_Leather_Cloak	Ashen Wolf's Leather Cloak	cloak	armor cloak equipment extractable tier-3	3	696
5512	1002101	Oongka_Basic_Leather_Gloves	Ashen Wolf's Leather Gloves	gloves	armor equipment extractable gloves leather tier-3	3	244
5513	133072	Langust_Leather_Boots	Ashen Wolf's Leather Boots	boots	armor boots equipment extractable leather tier-3	3	208
5514	113460	Demian_Leather_Armor_III	White Bloodwind Leather Armor	body-armor	armor body-armor equipment extractable important leather tier-5	5	1740
5515	1000884	Demian_Leather_Armor_V	Elegant Carmine Leather Armor	body-armor	armor body-armor equipment extractable leather tier-5	5	1740
5516	1000892	Demian_Leather_Armor_VI	Wanderer of Faith Leather Armor	body-armor	armor body-armor equipment extractable important leather tier-5	5	1740
5517	1004802	Bellania_Leather_Armor	Dark Executioner Leather Armor	body-armor	armor body-armor equipment extractable important leather tier-5	5	1740
5518	1000885	Demian_Leather_Cloak_I	Elegant Carmine Leather Cloak	cloak	armor cloak equipment extractable tier-5	5	1740
5519	1000893	Demian_Leather_Cloak_II	Wanderer of Faith Leather Cloak	cloak	armor cloak equipment extractable important tier-5	5	1740
5520	2600036	DamianOnly_Leather_Boots_III	White Bloodwind Leather Boots	boots	armor boots equipment extractable important leather tier-5	5	520
5521	1000012	DamianOnly_Leather_Boots_V	Official Knight's Leather Boots	boots	armor boots equipment extractable important leather tier-5	5	520
5522	1000895	DamianOnly_Leather_Boots_VI	Wanderer of Faith Leather Boots	boots	armor boots equipment extractable important leather tier-5	5	520
5523	1000010	Demian_Leather_Gloves_I	Official Knight's Leather Gloves	gloves	armor equipment extractable gloves important leather tier-5	5	610
5524	1000894	Demian_Leather_Gloves_IV	Wanderer of Faith Leather Gloves	gloves	armor equipment extractable gloves important leather tier-5	5	610
5525	1000008	Demian_Leather_Armor_IV	Autumn Banquet Leather Armor	body-armor	armor body-armor equipment extractable important leather tier-4	4	1218
5526	1000011	DamianOnly_Leather_Boots_IV	Autumn Banquet Leather Boots	boots	armor boots equipment extractable important leather tier-4	4	364
5527	1000107	Demian_Leather_Gloves_III	Autumn Banquet Leather Gloves	gloves	armor equipment extractable gloves important leather tier-4	4	427
5528	1001559	Damian_Demeniss_Uniform_Leather_Armor	Demenissian Uniform Leather Armor	body-armor	armor body-armor equipment extractable leather tier-3	3	696
5529	1163781	Nairah_Basic_Leather_Armor	Naira's Basic Attire	body-armor	armor body-armor equipment leather tier-3	3	696
5530	1004604	Nairah_Basic_Leather_Cloak	Naira's Cloak	cloak	armor cloak equipment tier-3	3	696
5531	1001579	Damian_Demeniss_Uniform_Leather_Boots	Demenissian Uniform Leather Boots	boots	armor boots equipment extractable leather tier-3	3	208
5532	1163785	Nairah_Leather_Boots	Naira's Boots	boots	armor boots equipment leather tier-3	3	208
5533	1163784	Nairah_Leather_Gloves	Naira's Gloves	gloves	armor equipment gloves leather tier-3	3	244
5534	1000009	Demian_Leather_Armor	Leather Armor of Earth's Honor	body-armor	armor body-armor equipment extractable leather tier-2	2	348
5535	1001532	Damian_Demeniss_Elite_Uniform_Leather_Armor	Demenissian Elite Uniform Leather Armor	body-armor	armor body-armor equipment extractable important leather tier-2	2	348
5536	2133099	Light_Arrowhead_Leather_Armor_III	Blinding Arrow's Light Leather Armor	body-armor	armor body-armor equipment extractable leather tier-2	2	348
5537	1000679	Demian_Leather_Cloak	Leather Cloak of Earth's Honor	cloak	armor cloak equipment extractable tier-2	2	348
5538	1001560	Damian_Demeniss_Uniform_Leather_Cloak	Demenissian Uniform Leather Cloak	cloak	armor cloak equipment extractable important tier-2	2	348
5539	1000031	DamianOnly_Leather_Boots_VII	Leather Boots of Earth's Honor	boots	armor boots equipment extractable leather tier-2	2	104
5540	133128	Meadows_Leather_Boots	Meadows Leather Boots	boots	armor boots equipment extractable leather tier-2	2	104
5541	1000108	DamianOnly_Leather_Boots_II	Low-Heeled Leather Boots	boots	armor boots equipment extractable leather tier-2	2	104
5542	1001557	Damian_Demeniss_Elite_Uniform_Leather_Boots	Demeniss Elite Uniform Leather Boots	boots	armor boots equipment extractable important leather tier-2	2	104
5543	1000043	Demian_Leather_Gloves_II	Leather Gloves of Earth's Honor	gloves	armor equipment extractable gloves leather tier-2	2	122
5544	1002297	Damian_Demeniss_Uniform_Leather_Gloves	Demenissian Uniform Leather Gloves	gloves	armor equipment extractable gloves important leather tier-2	2	122
5545	14109	Legendary_MarniGolem_Plate_Armor	Frozen Heart Plate Armor	body-armor	armor body-armor equipment extractable important plate tier-5	5	2910
5546	1000057	Samuel_PlateArmor_Armor	Dark Marksman's Plate Armor	body-armor	armor body-armor equipment extractable important plate tier-5	5	2910
5547	111253	Golden_PlateArmor_Armor	Golden Greed Plate Armor	body-armor	armor body-armor equipment extractable important plate tier-5	5	2910
5548	111039	Tarandus_PlateArmor_Armor	The Ashen's Plate Armor	body-armor	armor body-armor equipment extractable important plate tier-5	5	2910
5549	1000299	Legendary_MarniGolem_Plate_Cloak	Frozen Heart Plate Cloak	cloak	armor cloak equipment extractable important tier-5	5	2910
5550	1000310	Samuel_PlateArmor_Cloak	Dark Marksman's Plate Cloak	cloak	armor cloak docking equipment extractable important tier-5	5	2910
5551	1000301	Golden_PlateArmor_Cloak	Golden Greed Plate Cloak	cloak	armor cloak equipment extractable important tier-5	5	2910
5552	131046	Deerking_Plate_Boots	Plate Boots of the Fallen Kingdom	boots	armor boots equipment extractable important plate tier-5	5	880
5553	1000059	Samuel_Plate_Boots	Dark Marksman's Plate Boots	boots	armor boots equipment extractable important plate tier-5	5	880
5554	131002	Gaeljude_Plate_Boots	Golden Greed Plate Boots	boots	armor boots equipment extractable important plate tier-5	5	880
5555	1000900	Legendary_MarniGolem_Plate_Boots	Frozen Heart Plate Boots	boots	armor boots equipment extractable important plate tier-5	5	880
5556	14304	Legendary_Orc_Plate_Glove	Frozen Heart Plate Gloves	gloves	armor equipment extractable gloves important plate tier-5	5	1020
5557	14305	Oongka_Plate_Glove	Brass Warden's Plate Gloves	gloves	armor equipment extractable gloves important plate tier-5	5	1020
5558	1000058	Samuel_PlateArmor_Gloves	Dark Marksman's Plate Gloves	gloves	armor equipment extractable gloves important plate tier-5	5	1020
5559	121071	Gaeljude_PlateArmor_Gloves	Golden Greed Plate Gloves	gloves	armor equipment extractable gloves important plate tier-5	5	1020
5560	121025	Tarandus_PlateArmor_Gloves	The Ashen's Plate Gloves	gloves	armor equipment extractable gloves important plate tier-5	5	1020
5561	14415	CrowMan_PlateArmor_Helm	Blackwing Mask	helm	armor equipment extractable helm important plate tier-5	5	1320
5562	1000906	Golden_PlateArmor_Helm	Golden Greed Plate Helm	helm	armor equipment extractable helm important plate tier-5	5	1320
5563	101046	Tarandus_PlateArmor_Helm	The Ashen's Plate Helm	helm	armor equipment extractable helm important plate tier-5	5	1320
5564	1004879	DeerKing_Crown_Helm	Faded Deer Antler	helm	armor equipment extractable helm knowledge plate tier-5	5	1320
5565	111214	Carta_PlateArmor_Armor	Carta Plate Armor	body-armor	armor body-armor equipment extractable plate tier-4	4	2037
5566	111257	Corvo_PlateArmor_Armor	Icewing Plate Armor	body-armor	armor body-armor equipment extractable important plate tier-4	4	2037
5567	14101	Redknight_PlateArmor_Armor	Plate Armor of Cursed Soul	body-armor	armor body-armor equipment extractable important plate tier-4	4	2037
5568	114521	Vdure_ChainMail_Armor	Bedure Chain Mail	body-armor	armor body-armor equipment extractable plate tier-4	4	2037
5569	8700	Redsentinel_ChainMail_Armor	Crimson Chaser Mail	body-armor	armor body-armor equipment extractable important plate tier-4	4	2037
5570	2111099	Makan_PlateArmor_Armor	Ferman Plate Armor	body-armor	armor body-armor equipment extractable plate tier-4	4	2037
5571	1000225	DarknessKing_PlateArmor_Armor	Plate Armor of the Shadows	body-armor	armor body-armor equipment extractable important plate tier-4	4	2037
5572	1004047	Valteon_PlateArmor_Armor	Baltheon Plate Armor	body-armor	armor body-armor equipment extractable important plate tier-4	4	2037
5573	1000268	Vdure_ChainMail_Cloak	Bedure Chain Cloak	cloak	armor cloak equipment extractable tier-4	4	2037
5574	1000287	Redsentinel_ChainMail_Cloak	Crimson Chaser Chain Cloak	cloak	armor cloak equipment extractable important tier-4	4	2037
5575	1000300	Paphneil_PlateArmor_Cloak	Scorchflame Plate Cloak	cloak	armor cloak equipment extractable important tier-4	4	2037
5576	1000311	Corvo_PlateArmor_Cloak	Icewing Plate Cloak	cloak	armor cloak equipment extractable important tier-4	4	2037
5577	1000315	Redknight_PlateArmor_Cloak	Plate Cloak of Cursed Soul	cloak	armor cloak equipment extractable important tier-4	4	2037
5578	1000306	Makan_PlateArmor_Cloak	Ferman Plate Cloak	cloak	armor cloak equipment extractable tier-4	4	2037
5579	1000383	DarknessKing_PlateArmor_Cloak	Plate Cloak of the Shadows	cloak	armor cloak equipment extractable important tier-4	4	2037
5580	131040	Dueblone_Plated_Boots	Dulone Plate Boots	boots	armor boots equipment extractable plate tier-4	4	616
5581	14202	Skull_Knight_Plate_Boots	Frostcursed Plate Boots	boots	armor boots equipment extractable important plate tier-4	4	616
5582	1000382	DarknessKing_PlateArmor_Boots	Plate Boots of the Shadows	boots	armor boots equipment extractable important plate tier-4	4	616
5583	121081	Deerking_PlateArmor_Gloves	Plate Gloves of the Fallen Kingdom	gloves	armor equipment extractable gloves important plate tier-4	4	714
5584	121026	Londel_PlateArmor_Gloves	Scorchflame Plate Gloves	gloves	armor equipment extractable gloves important plate tier-4	4	714
5585	1000381	DarknessKing_PlateArmor_Gloves	Plate Gloves of the Shadows	gloves	armor equipment extractable gloves important plate tier-4	4	714
5586	14301	Redknight_PlateArmor_Gloves	Plate Gloves of Cursed Soul	gloves	armor equipment extractable gloves important plate tier-4	4	714
5587	14302	Redsentinel_PlateArmor_Gloves	Crimson Chaser Chain Gloves	gloves	armor equipment extractable gloves important plate tier-4	4	714
5588	121069	Corvo_PlateArmor_Gloves	Icewing Plate Gloves	gloves	armor equipment extractable gloves important plate tier-4	4	714
5589	124074	Commander_PlateArmor_Gloves	Dulone Plate Gloves	gloves	armor equipment extractable gloves plate tier-4	4	714
5590	1004048	Valteon_PlateArmor_Gloves	Baltheon Plate Gloves	gloves	armor equipment extractable gloves plate tier-4	4	714
5591	14401	Redknight_PlateArmor_Helm	Plate Helm of Cursed Soul	helm	armor equipment extractable helm important plate tier-4	4	924
5592	14416	SkullKnight_PlateArmor_Helm	Frostcursed Plate Helm	helm	armor equipment extractable helm important plate tier-4	4	924
5593	14405	Redsentinel_PlateArmor_Helm	Crimson Chaser Plate Helm	helm	armor equipment extractable helm important plate tier-4	4	924
5594	101078	Endour_PlateArmor_Helm	Goldbranch Plate Crown	helm	armor equipment extractable helm important plate tier-4	4	924
5595	103029	Duratti_PlateArmor_Helm	Schtump Plate Helm	helm	armor docking equipment extractable helm plate tier-4	4	924
5596	2101011	Witters_PlateArmor_Helm	Witters Plate Helm	helm	armor equipment extractable helm important plate tier-4	4	924
5597	1004408	MarniKnight_PlateArmor_Helm	Marni's Machina Knight Headgear	helm	armor equipment extractable helm important plate tier-4	4	924
5598	1002092	Bessenette_PlateArmor_Helm	Besnet Plate Helm	helm	armor equipment extractable helm plate tier-4	4	924
5599	1164512	Lyfellen_ChainMail_Armor	Northern Fighter's Chain Mail	body-armor	armor body-armor equipment extractable plate tier-3	3	1164
5600	1000052	OrcuMer_PlateArmor_Armor	Odeck's Protector Plate Armor	body-armor	armor body-armor equipment extractable important plate tier-3	3	1164
5601	2111053	Luon_PlateArmor_Armor	Knight of Carnage Plate Armor	body-armor	armor body-armor equipment extractable important plate tier-3	3	1164
5602	1000839	Bastion_PlateArmor_Armor	Demenissian Grand General Plate Armor	body-armor	armor body-armor equipment extractable important plate tier-3	3	1164
5603	111254	Silver_PlateArmor_Armor	Unyielding Hero's Plate Armor	body-armor	armor body-armor equipment extractable important plate tier-3	3	1164
5604	1000305	king_LostPeople_PlateArmor_Cloak	Frostcursed Plate Cloak	cloak	armor cloak equipment extractable important tier-3	3	1164
5605	1000285	Lyfellen_ChainMail_Cloak	Northern Fighter's Chain Cloak	cloak	armor cloak equipment extractable tier-3	3	1164
5606	1002283	OrcuMer_PlateArmor_Cloak	Odeck's Protector Plate Cloak	cloak	armor cloak equipment extractable important tier-3	3	1164
5607	1000818	Luon_PlateArmor_Cloak	Knight of Carnage Plate Cloak	cloak	armor cloak equipment extractable important tier-3	3	1164
5608	1004631	Bastion_PlateArmor_Cloak	Demenissian Grand General Plate Cloak	cloak	armor cloak equipment extractable important tier-3	3	1164
5609	1000302	Silver_PlateArmor_Cloak	Unyielding Hero's Plate Cloak	cloak	armor cloak equipment extractable important tier-3	3	1164
5610	14201	Redknight_Plate_Boots	Plate Boots of Cursed Soul	boots	armor boots equipment extractable important plate tier-3	3	352
5611	131007	Ladete_Plate_Boots	Icewing Plate Boots	boots	armor boots equipment extractable important plate tier-3	3	352
5612	131001	Lekia_Plate_Boots	Unyielding Warrior's Plate Boots	boots	armor boots equipment extractable plate tier-3	3	352
5613	1001328	Titan_Plate_Boots	Lightning Bolt Plate Boots	boots	armor boots equipment extractable important plate tier-3	3	352
5614	12307	Carta_Plated_Boots	Carta Plate Boots	boots	armor boots equipment extractable plate tier-3	3	352
5615	131041	Gamelot_Plate_Boots	Sahazhad Plate Boots	boots	armor boots equipment extractable plate tier-3	3	352
5616	1000054	OrcuMer_Plate_Boots	Odeck's Protector Plate Boots	boots	armor boots equipment extractable important plate tier-3	3	352
5617	1163503	Luon_Plate_Boots	Knight of Carnage Plate Boots	boots	armor boots equipment extractable important plate tier-3	3	352
5618	131039	Cigrymon_Plate_Boots	Unyielding Hero's Plate Boots	boots	armor boots equipment extractable important plate tier-3	3	352
5619	121017	Skull_Knight_PlateArmor_Gloves	Frostcursed Plate Gloves	gloves	armor equipment extractable gloves important plate tier-3	3	408
5620	1001327	Titan_PlateArmor_Gloves	Lightning Bolt Plate Gloves	gloves	armor equipment extractable gloves important plate tier-3	3	408
5621	2133058	Desert_Harrier_PlateArmor_Gloves	Helms Plate Gloves	gloves	armor equipment extractable gloves plate tier-3	3	408
5622	1000053	OrcuMer_PlateArmor_Gloves	Odeck's Protector Plate Gloves	gloves	armor equipment extractable gloves important plate tier-3	3	408
5623	121054	Luon_PlateArmor_Gloves	Knight of Carnage Plate Gloves	gloves	armor equipment extractable gloves important plate tier-3	3	408
5624	121060	Iytis_PlateArmor_Gloves	Unyielding Hero's Plate Gloves	gloves	armor equipment extractable gloves important plate tier-3	3	408
5625	101138	Tarchet_PlateArmor_Helm	Unyielding Warrior's Plate Helm	helm	armor docking equipment extractable helm plate tier-3	3	528
5626	101090	Madacus_PlateArmor_Helm	Bedure Plate Helm	helm	armor docking equipment extractable helm plate tier-3	3	528
5627	101056	Londel_PlateArmor_Helm	Scorchflame Plate Helm	helm	armor equipment extractable helm important plate tier-3	3	528
5628	14417	Carta_PlateArmor_Helm	Carta Plate Helm	helm	armor equipment extractable helm plate tier-3	3	528
5629	101008	Entura_PlateArmor_Helm	Icewing Plate Helm	helm	armor docking equipment extractable helm important plate tier-3	3	528
5630	1001325	Titan_PlateArmor_Helm	Lightning Bolt Plate Helm	helm	armor equipment extractable helm important plate tier-3	3	528
5631	101117	Tarbal_PlateArmor_Helm	Northern Fighter's Plate Helm	helm	armor equipment extractable helm plate tier-3	3	528
5632	1000051	OrcuMer_PlateArmor_Helm	Odeck's Protector Plate Helm	helm	armor equipment extractable helm important plate tier-3	3	528
5633	2101010	Luon_PlateArmor_Helm	Knight of Carnage Plate Helm	helm	armor equipment extractable helm important plate tier-3	3	528
5634	1004772	Trust_PlateArmor_Helm	Sentinel of Trust Helm	helm	armor docking equipment extractable helm plate tier-3	3	528
5635	1004773	Wildness_PlateArmor_Helm	Feral Sentinel Helm	helm	armor docking equipment extractable helm plate tier-3	3	528
5636	1004774	Tenacity_PlateArmor_Helm	Sentinel of Tenacity Helm	helm	armor docking equipment extractable helm plate tier-3	3	528
5637	101003	Dragon_Slayer_Ohyoon_PlateArmor_Helm	Unyielding Hero's Plate Helm	helm	armor equipment extractable helm important plate tier-3	3	528
5638	1000040	Bopet_PlateArmor_Helm	Bobfett Plate Helm	helm	armor equipment extractable helm plate tier-3	3	528
5639	113696	Pitspec_PlateArmor_Armor	Unyielding Warrior's Plate Armor	body-armor	armor body-armor equipment extractable plate tier-2	2	582
5640	2111103	Canta_PlateArmor_Armor	Canta Plate Armor	body-armor	armor body-armor equipment extractable plate tier-2	2	582
5641	1004883	Redleader_PlateArmor_Armor_I	Red Rider's Plate Armor	body-armor	armor body-armor equipment extractable important plate tier-2	2	582
5642	1000312	Pitspec_PlateArmor_Cloak	Unyielding Warrior's Plate Cloak	cloak	armor cloak equipment extractable tier-2	2	582
5643	1000313	Canta_PlateArmor_Cloak	Canta Plate Cloak	cloak	armor cloak equipment extractable tier-2	2	582
5644	131022	Chelcia_Plate_Boots	Chelcia Plate Boots	boots	armor boots equipment extractable plate tier-2	2	176
5645	131042	Reinbaldt_Plate_Boots	Demenissian Plate Boots	boots	armor boots equipment extractable plate tier-2	2	176
5646	131013	Grace_Plate_Boots	Canta Plate Boots	boots	armor boots equipment extractable plate tier-2	2	176
5647	121013	Keredig_PlateArmor_Gloves	Canta Plate Gloves	gloves	armor equipment extractable gloves plate tier-2	2	204
5648	121042	Pyinca_PlateArmor_Gloves	Pernicia Plate Gloves	gloves	armor equipment extractable gloves plate tier-2	2	204
5649	121043	Parmen_PlateArmor_Gloves	Ferman Plate Gloves	gloves	armor equipment extractable gloves plate tier-2	2	204
5650	2101033	Lauqus_PlateArmor_Helm	Lauques Plate Helm	helm	armor equipment extractable helm plate tier-2	2	264
5651	101122	Luknian_PlateArmor_Helm	Canta Plate Helm	helm	armor equipment extractable helm plate tier-2	2	264
5652	2101021	Duemeniss_PlateArmor_Helm	Demenissian Soldier Plate Helm	helm	armor equipment extractable helm plate tier-2	2	264
5653	101011	Pycian_PlateArmor_Helm	Ferman Plate Helm	helm	armor docking equipment extractable helm plate tier-2	2	264
5654	1000732	Beltran_PlateArmor_Helm	Beltran Plate Helm	helm	armor equipment extractable helm plate tier-2	2	264
5655	101001	Lekia_PlateArmor_Helm	Baltheon Plate Helm	helm	armor docking equipment extractable helm plate tier-2	2	264
5656	1004775	Silencer_PlateArmor_Helm	Silent Conqueror Plate Helm	helm	armor docking equipment extractable helm plate tier-2	2	264
5657	14402	Redleader_PlateArmor_Helm	Red Rider's Plate Helm	helm	armor equipment extractable helm important plate tier-2	2	264
5658	121070	Goloduan_PlateArmor_Gloves	Demenissian Elite Plate Gloves	gloves	armor equipment extractable gloves plate tier-1	1	102
5659	2101016	Mortain_PlateArmor_Helm	Mortain Plate Helm	helm	armor equipment extractable helm plate tier-1	1	132
5660	1001810	Hartman_PlateArmor_Helm	Hartmann Plate Helm	helm	armor equipment extractable helm plate tier-1	1	132
5661	101014	Grace_PlateArmor_Helm	Grace Plate Helm	helm	armor equipment extractable helm plate tier-1	1	132
5662	1004776	Steelmaw_PlateArmor_Helm	Steelmaw Plate Helm	helm	armor docking equipment extractable helm plate tier-1	1	132
5663	1000953	Oongka_PlateArmor_Armor_II	Valortread Plate Armor	body-armor	armor body-armor equipment extractable important plate tier-4	4	2037
5664	1000981	Oongka_PlateArmor_Cloak_II	Valortread Plate Cloak	cloak	armor cloak equipment extractable important tier-4	4	2037
5665	131023	Ashad_PlateArmor_Boots	Ashad Plate Boots	boots	armor boots equipment extractable important plate tier-4	4	616
5666	131024	Solas_PlateArmor_Boots	Solas Plate Boots	boots	armor boots equipment extractable important plate tier-4	4	616
5667	1000872	Oongka_PlateArmor_Boots_II	Valortread Plate Boots	boots	armor boots equipment extractable important plate tier-4	4	616
5668	1000985	Oongka_PlateArmor_Gloves_II	Valortread Plate Gloves	gloves	armor equipment extractable gloves important plate tier-4	4	714
5669	1000992	Oongka_PlateArmor_Helm_II	Valortread Plate Helm	helm	armor equipment extractable helm important plate tier-4	4	924
5670	111168	Ashad_PlateArmor_Armor	Ashad Plate Armor	body-armor	armor body-armor equipment extractable important plate tier-3	3	1164
5671	111169	Solas_PlateArmor_Armor	Solas Plate Armor	body-armor	armor body-armor equipment extractable important plate tier-3	3	1164
5672	1000978	Oongka_PlateArmor_Armor_III	Belkandor Plate Armor	body-armor	armor body-armor equipment extractable plate tier-3	3	1164
5673	1000681	Ashad_PlateArmor_Cloak	Ashad Plate Cloak	cloak	armor cloak equipment extractable important tier-3	3	1164
5674	1000682	Solas_PlateArmor_Cloak	Solas Plate Cloak	cloak	armor cloak equipment extractable important tier-3	3	1164
5675	1000982	Oongka_PlateArmor_Cloak_III	Belkandor Plate Cloak	cloak	armor cloak equipment extractable tier-3	3	1164
5676	121033	Ashad_PlateArmor_Gloves	Ashad Plate Gloves	gloves	armor equipment extractable gloves important plate tier-3	3	408
5677	121034	Solas_PlateArmor_Gloves	Solas Plate Gloves	gloves	armor equipment extractable gloves important plate tier-3	3	408
5678	1000840	Solas_PlateArmor_Gloves_I	Eclipsed Solas Plate Gloves	gloves	armor equipment extractable gloves important plate tier-3	3	408
5679	1000987	Oongka_PlateArmor_Gloves_III	Belkandor Plate Gloves	gloves	armor equipment extractable gloves plate tier-3	3	408
5680	1000874	Oongka_PlateArmor_Boots_III	Belkandor Plate Boots	boots	armor boots equipment extractable plate tier-3	3	352
5681	101101	Ashad_PlateArmor_Helm	Ashad Plate Helm	helm	armor docking equipment extractable helm important plate tier-3	3	528
5682	101102	Solas_PlateArmor_Helm	Solas Plate Helm	helm	armor docking equipment extractable helm important plate tier-3	3	528
5683	1000993	Oongka_PlateArmor_Helm_III	Belkandor Plate Helm	helm	armor equipment extractable helm plate tier-3	3	528
5684	2600012	Demian_PlateArmor_Armor_II	Light of the Battlefield Plate Armor	body-armor	armor body-armor equipment extractable important plate tier-5	5	2910
5685	1000685	Demian_PlateArmor_Cloak_III	Goldlight Plate Cloak	cloak	armor cloak equipment extractable important tier-5	5	2910
5686	2600032	Demian_PlateArmor_Gloves_II	Light of the Battlefield Plate Gloves	gloves	armor equipment extractable gloves important plate tier-5	5	1020
5687	2600043	Demian_PlateArmor_Gloves_IV	Goldlight Plate Gloves	gloves	armor equipment extractable gloves important plate tier-5	5	1020
5688	2600030	Demian_PlateArmor_Gloves_III	White Bloodwind Plate Gloves	gloves	armor equipment extractable gloves important plate tier-5	5	1020
5689	1000886	Demian_PlateArmor_Gloves_VI	Elegant Carmine Plate Gloves	gloves	armor equipment extractable gloves plate tier-5	5	1020
5690	1000805	Demian_PlateArmor_Helm_VIII	Light of the Battlefield Plate Helm	helm	armor equipment extractable helm important plate tier-5	5	1320
5691	2600045	Demian_PlateArmor_Helm_IV	Goldlight Plate Helm	helm	armor docking equipment extractable helm important plate tier-5	5	1320
5692	1000769	Demian_PlateArmor_Helm_VI	Autumn Banquet Plate Helm	helm	armor equipment extractable helm important plate tier-5	5	1320
5693	1000891	Demian_PlateArmor_Helm_XIII	Elegant Carmine Plate Helm	helm	armor equipment extractable helm plate tier-5	5	1320
5694	1000255	Demian_Plate_Boots_VI	Light of the Battlefield Plate Boots	boots	armor boots equipment extractable important plate tier-5	5	880
5695	1000111	Demian_Pure_White_Plate_Boots_II	Fluttering Radiance Plate Boots	boots	armor boots equipment extractable important plate tier-5	5	880
5696	2600046	Demian_Plate_Boots_III	Goldlight Plate Boots	boots	armor boots equipment extractable important plate tier-5	5	880
5697	1000887	Demian_Plate_Boots_IV	Elegant Carmine Plate Boots	boots	armor boots equipment extractable plate tier-5	5	880
5698	1000013	Demian_PlateArmor_Armor_VI	Official Knight's Plate Armor	body-armor	armor body-armor equipment extractable important plate tier-4	4	2037
5699	1000686	Demian_PlateArmor_Cloak_V	Executioner of Darkness Plate Cloak	cloak	armor cloak equipment extractable important tier-4	4	2037
5700	14300	Demian_PlateArmor_Gloves_V	Executioner of Darkness Plate Gloves	gloves	armor equipment extractable gloves important plate tier-4	4	714
5701	14400	Demian_PlateArmor_Helm_V	Wanderer of Faith's Plate Helm	helm	armor equipment extractable helm important plate tier-4	4	924
5702	2600019	Demian_PlateArmor_Helm_I	White Bloodwind Plate Helm	helm	armor equipment extractable helm plate tier-4	4	924
5703	1000802	Demian_PlateArmor_Helm_VII	Official Knight's Plate Helm	helm	armor equipment extractable helm important plate tier-4	4	924
5704	1000842	Demian_PlateArmor_Helm_XI	Executioner of Darkness Plate Helm	helm	armor equipment extractable helm important plate tier-4	4	924
5705	1000110	Demian_Pure_White_Plate_Boots_I	Radiant Plate Boots	boots	armor boots equipment extractable important plate tier-4	4	616
5706	14200	Demian_Plate_Boots_V	Executioner of Darkness Plate Boots	boots	armor boots equipment extractable important plate tier-4	4	616
5707	1002760	Twilight_Whistlers_PlateArmor_Armor_III	Golden Freesword Light Armor	body-armor	armor body-armor equipment extractable plate tier-3	3	1164
5708	1004803	Frenoa_PlateArmor_Armor	Frenoa Plate Armor	body-armor	armor body-armor equipment extractable important plate tier-3	3	1164
5709	2600031	Demian_PlateArmor_Gloves_I	Fluttering Radiance Plate Gloves	gloves	armor equipment extractable gloves plate tier-3	3	408
5710	1004201	TheFaceless_Helm	The Mask of Liberation	helm	armor equipment extractable helm knowledge plate tier-3	3	528
5711	1001326	Titan_PlateArmor_Armor	Lightning Bolt Plate Armor	body-armor	armor body-armor equipment special tier-1	1	5537
5712	111249	Paphneil_PlateArmor_Armor	Scorchflame Plate Armor	body-armor	armor body-armor equipment special tier-1	1	4925
5713	111005	king_LostPeople_PlateArmor_Armor	Frostcursed Plate Armor	body-armor	armor body-armor equipment special tier-1	1	4925
5714	1164002	Optionary_Beekeeping_Cloth	Beekeeping Suit	body-armor	armor body-armor docking equipment extractable special tier-3	3	3987
5715	1000246	Riding_Fabric_Armor	Riding Attire	body-armor	armor body-armor equipment extractable important special tier-3	3	3987
5716	2062522806	Kurinan_PlateArmor_Armor_I	Condemner's Plate Armor	body-armor	armor body-armor equipment extractable special stealth-gear tier-3	3	1514
5717	2133055	Desert_Harrier_PlateArmor_Armor_I	Desert Marauder's Plate Armor	body-armor	armor body-armor equipment extractable special stealth-gear tier-3	3	1514
5718	1002761	Twilight_Whistlers_PlateArmor_Armor_II	Golden Free Company's Plate Armor	body-armor	armor body-armor equipment extractable special stealth-gear tier-3	3	1514
5719	1001402	Noble_Retainer_PlateArmor_Armor	Sungrove Standard Plate Armor	body-armor	armor body-armor equipment extractable special stealth-gear tier-2	2	1107
5720	1001413	Noble_Retainer_PlateArmor_Armor_XI	Windmere Standard Plate Armor	body-armor	armor body-armor equipment extractable special stealth-gear tier-2	2	1107
5721	111187	Lower_ChainMail_Armor	Flame Knights Plate Armor	body-armor	armor body-armor equipment extractable special stealth-gear tier-2	2	1107
5722	2133205	Optionary_Ent_Cloth	Shadowleaf Outfit	body-armor	armor body-armor equipment extractable special stealth-gear tier-4	4	1552
5723	1163809	Optionary_Demeniss_Spy_Cloth	Camouflage Outfit	body-armor	armor body-armor equipment extractable special stealth-gear tier-3	3	1187
5724	1002358	Owls_of_the_Mist_Leahter_Armor_V	Mistcloaked Owl Leather Armor	body-armor	armor body-armor equipment extractable special stealth-gear tier-3	3	1187
5725	113524	Harald_Leather_Armor	Dewhaven Standard Leather Armor	body-armor	armor body-armor equipment extractable special stealth-gear tier-3	3	1187
5726	114640	Optionary_Bleed_Fabric_Armor	Scarlet Blades Cloth Armor	body-armor	armor body-armor equipment extractable special stealth-gear tier-2	2	943
5727	1002282	Deer_King_Follower_Leather_Armor_VI	Yrkabel Leather Armor	body-armor	armor body-armor equipment extractable special stealth-gear tier-2	2	943
5728	1163002	Optionary_Hernand_Party_Cloth	Hernandian Attire	body-armor	armor body-armor equipment extractable important special stealth-gear tier-1	1	300
5729	2113163	Tibbletanus_Leather_Armor	Ashclaw Leather Armor	body-armor	armor body-armor equipment extractable special stealth-gear tier-1	1	821
5730	2133173	North_Mercenary_Leather_Armor_II	Jackals' Leather Armor	body-armor	armor body-armor equipment extractable special stealth-gear tier-1	1	174
5731	2133101	Light_Arrowhead_Leather_Armor_V	Blinding Arrows' Leather Armor	body-armor	armor body-armor equipment extractable special stealth-gear tier-1	1	821
5732	111151	Bayur_Fabric_Armor	The Faceless's Cloth Armor	body-armor	armor body-armor equipment extractable special stealth-gear tier-3	3	1044
5733	1001177	Hymns_of_Dusk_Fabric_Armor_I	Musket Border Guard Standard Armor	body-armor	armor body-armor equipment extractable special stealth-gear tier-3	3	1044
5734	114300	Wintharden_Fabric_Armor	Ator's Will Cloth Armor	body-armor	armor body-armor equipment extractable special stealth-gear tier-3	3	1044
5735	1000164	Pirate_Fabric_Armor_II	Dancing Catfish Cloth Armor	body-armor	armor body-armor equipment extractable special stealth-gear tier-2	2	872
5736	1000179	Wolf_Pursuer_Fabric_Armor	Wolf Tracker Cloth Armor	body-armor	armor body-armor equipment extractable special stealth-gear tier-2	2	872
5737	114326	Tokart_Fabric_Armor	Wyvernflames Cloth Armor	body-armor	armor body-armor equipment extractable special stealth-gear tier-2	2	872
5738	1002268	Laviren_Fabric_Armor_1	Bandit Cloth Armor	body-armor	armor body-armor equipment extractable special stealth-gear tier-2	2	872
5739	1165010	Optionary_Scholar_Stone_Cloth	Scholastone Uniform	body-armor	armor body-armor equipment extractable important special stealth-gear tier-1	1	300
5740	1000021	Optionary_Monk_Cloth	St. Halssius Priest Attire	body-armor	armor body-armor equipment extractable important special stealth-gear tier-1	1	300
5741	1001400	Marni_Laser_Helm	Marni Laser Helm	helm	armor docking equipment helm special tier-1	1	4146
5742	1000380	DarknessKing_PlateArmor_Helm	Plate Helm of the Shadows	helm	armor docking equipment extractable helm important special tier-4	4	924
5743	1001236	Scouter_HP_PlateArmor_Helm	Health Detection Device	helm	armor docking equipment extractable helm important special tier-3	3	3869
5744	1000771	Pirate_King_Leather_Helm	Pirate King Hat	helm	armor docking equipment extractable helm important special tier-4	4	3882
5745	1000143	Miner_PlateArmor_Helm	Miner's Lantern Hat	helm	armor docking equipment extractable helm important special tier-4	4	4146
5746	1000236	Heat_PlateArmor_Helm	Helm of Ignition	helm	armor docking equipment extractable helm important special tier-4	4	4146
5747	1002122	Card_Vision_Helm	Deceiver's Fedora	helm	armor equipment extractable helm special tier-4	4	3882
5748	2133182	Hyena_Leather_Helm	Hyena Helm	helm	armor equipment extractable helm important special tier-3	3	3718
5749	1000221	Gadget_Fabric_Helm	Tech Hat	helm	armor docking equipment extractable helm important special tier-3	3	3718
5750	1001184	Chicken_Helm	Herald of Six O'Clock	helm	armor docking equipment extractable helm important special tier-3	3	3718
5751	1000073	Gas_Mask_Helm_I	Brimstone Gas Mask	helm	armor equipment helm important special tier-3	3	3718
5752	1000247	riding_Leather_Helm	Leather Riding Hat	helm	armor equipment extractable helm special tier-3	3	3718
5753	2133193	Crude_Devil_Mask	Crude Devil Mask	helm	armor docking equipment helm special tier-2	2	3609
5754	1001258	Catfish_Helm	Catfish Plate Helm	helm	armor docking equipment extractable helm important special stealth-gear tier-3	3	3869
5755	1000007	Optionary_Desert_Plunderer_Helmet	Desert Marauder's Plate Helm	helm	armor equipment extractable helm special stealth-gear tier-3	3	1069
5756	1002768	Braxen_PlateArmor_Helm	Condemner's Plate Helm	helm	armor equipment extractable helm special stealth-gear tier-3	3	1069
5757	101111	Arghai_PlateArmor_Helm	The Faceless's Plate Helm	helm	armor equipment extractable helm special stealth-gear tier-3	3	1069
5758	101048	ReiGhis_PlateArmor_Helm	Musket Border Guard Standard Helm	helm	armor equipment extractable helm special stealth-gear tier-3	3	1069
5759	1000624	Twilight_Whistlers_PlateArmor_Helm_II	Golden Free Company's Plate Helm	helm	armor equipment extractable helm special stealth-gear tier-3	3	1069
5760	1001951	Owls_of_the_Mist_PlateArmor_Helm	Mistcloaked Owl Plate Helm	helm	armor equipment extractable helm special stealth-gear tier-3	3	1069
5761	1003211	Dewhaven_PlateArmor_Helm	Dewhaven Standard Plate Helm	helm	armor docking equipment extractable helm special stealth-gear tier-3	3	1069
5762	101009	Makutan_PlateArmor_Helm	Ator's Will Helm	helm	armor docking equipment extractable helm special stealth-gear tier-3	3	1069
5763	1001927	Flame_Knights_PlateArmor_Helm	Elite Flame Knights Plate Helm	helm	armor equipment extractable helm special stealth-gear tier-2	2	900
5764	1918672776	Brimstone_Leather_Helm_I	Demenissian Soldiers' Brimstone Gas Mask	helm	armor equipment extractable helm special stealth-gear tier-2	2	884
5765	1002484	Valoric_PlateArmor_Helm	Sungrove Standard Plate Helm	helm	armor equipment extractable helm special stealth-gear tier-2	2	884
5766	1002143	Flame_Knights_PlateArmor_Helm_I	Flame Knights Plate Helm	helm	armor equipment extractable helm special stealth-gear tier-1	1	113
5767	12506	Legendary_WhiteWolf_Leather_Helm	Silver Fang Helm	helm	armor equipment extractable helm special stealth-gear tier-5	5	1246
5768	1002505	White_Bear_Leather_Helm	White Bear Helm	helm	armor equipment extractable helm special stealth-gear tier-5	5	1246
5769	14500	Wolf_Chief_Leather_Helm	Alpha Wolf Helm	helm	armor equipment extractable helm special stealth-gear tier-4	4	1082
5770	14501	Bear_Chief_Leather_Helm	Boss Bear Hat	helm	armor equipment extractable helm special stealth-gear tier-4	4	1082
5771	101053	Beoneck_Leather_Helm	Black Bears' Leather Helm	helm	armor equipment extractable helm important special stealth-gear tier-3	3	918
5772	1000340	Deer_King_Follower_Leather_Helm	Deer Hat	helm	armor equipment extractable helm special stealth-gear tier-3	3	918
5773	14507	Brimstone_Leather_Helm	Black Bear Gas Mask	helm	armor equipment extractable helm special stealth-gear tier-3	3	3718
5774	333963940	Drug_Leather_Helm	Scarlet Blades Gas Mask	helm	armor equipment extractable helm special stealth-gear tier-3	3	3718
5775	1000349	Jackal_Leather_Helm	Jackals' Leather Helm	helm	armor equipment extractable helm important special stealth-gear tier-3	3	2700
5776	2133151	Natural_Enemy_Mask	Blinding Arrow's Mask	helm	armor equipment extractable helm special stealth-gear tier-3	3	918
5777	2133206	Optionary_Ent_Helm	Shadowleaf Helm	helm	armor equipment extractable helm special stealth-gear tier-3	3	918
5778	1000200	Wolf_Pursuer_Fabric_Helm	Wolf Tracker Helm	helm	armor equipment extractable helm important special stealth-gear tier-3	3	3718
5779	9402	Volcker_Fabric_Helm	St. Halssius Priest's Hat	helm	armor equipment extractable helm special stealth-gear tier-3	3	150
5780	104106	Sirius_Barley_Fabric_Helm	Wyvernflame Cloth Helm	helm	armor equipment extractable helm special stealth-gear tier-2	2	778
5781	1001949	Muscan_PlateArmor_Gloves	Champion's Plate Gloves	gloves	armor docking equipment extractable gloves important special tier-4	4	3999
5782	1001009	Gadget_Gloves	Tech Gloves	gloves	armor docking equipment extractable gloves important special tier-3	3	3785
5783	1001250	ThiefGloves	Great Thief's Gloves	gloves	armor docking equipment extractable gloves important special tier-5	5	3927
5784	1001300	PowerDraw_Gloves	Strongbow Gloves	gloves	armor docking equipment gloves special tier-3	3	3670
5785	2133190	Protect_Electric_Leather_Gloves	Insulated Gloves	gloves	armor equipment extractable gloves special tier-3	3	3670
5786	1001000	Optionary_NonSlip_Gloves	Reins of Open Sky	gloves	armor equipment extractable gloves important special tier-3	3	3670
5787	1000248	riding_Leather_Gloves	Master Trainer's Touch	gloves	armor equipment extractable gloves important special tier-3	3	3670
5788	2133207	Optionary_Ent_Gloves	Shadowleaf Gloves	gloves	armor equipment extractable gloves special stealth-gear tier-3	3	870
5789	1000259	WaterSliding_Plate_Boots	Vaporwalker	boots	armor boots docking equipment extractable important special tier-4	4	3931
5790	1001199	Colossus_Boots	Giant's Boots	boots	armor boots docking equipment extractable important special tier-5	5	3864
5791	2131006	IncreaseSwimmingSpeed_Plate_Boots	Tidebreaker Boots	boots	armor boots docking equipment extractable important special tier-4	4	3754
5792	1000181	Wolf_Pursuer_Leather_Boots	Wolf Tracker Leather Boots	boots	armor boots equipment extractable important special tier-3	3	3645
5793	1001191	Fire_Boots	Fire Walk Boots	boots	armor boots docking equipment special tier-3	3	3645
5794	1000074	Riesi_Boots	Shoddy Rishi's Boots	boots	armor boots docking equipment special tier-1	1	3645
5795	1001145	Optionary_NonSlip_Boots	Stirrups of the Open Sky	boots	armor boots equipment extractable important special tier-3	3	3645
5796	1000249	riding_Leather_Boots	Riding Boots	boots	armor boots equipment extractable important special tier-3	3	3645
5797	1001296	Robbery_Boots	Pillager's Leather Boots	boots	armor boots equipment special tier-3	3	3645
5798	2133208	Optionary_Ent_Boots	Shadowleaf Boots	boots	armor boots equipment extractable special stealth-gear tier-3	3	845
5799	133020	Volcker_Leather_Boots	St. Halssius Priest's Leather Boots	boots	armor boots equipment extractable special stealth-gear tier-2	2	120
5800	1000343	Camouflage_Boar_Cloak	Boar Cloak	cloak	armor cloak docking equipment extractable special tier-3	3	3987
5801	1000971	Camouflage_Bull_Cloak	Cow Cloak	cloak	armor cloak docking equipment extractable important special tier-3	3	3987
5802	1000321	Optionary_Beekeeping_Cloak	Beekeeping Cloak	cloak	armor cloak docking equipment extractable special tier-3	3	3844
5803	1000274	Riding_Fabric_Cloak	Riding Cloak	cloak	armor cloak equipment extractable special tier-3	3	3844
5804	1003674	Kurinan_PlateArmor_Cloak_I	Condemner's Plate Cloak	cloak	armor cloak equipment extractable special stealth-gear tier-3	3	1514
5805	1001531	Bear_Leather_cloak	Bear Hide Cloak	cloak	armor cloak equipment extractable special stealth-gear tier-3	3	1187
5806	1000444	Camouflage_Wolf_Cloak	Wolf Cloak	cloak	armor cloak docking equipment extractable special stealth-gear tier-3	3	1187
5807	1000715	Camouflage_Reindeer_Cloak	Reindeer Cloak	cloak	armor cloak docking equipment extractable important special stealth-gear tier-3	3	1187
5808	1000325	Optionary_Monk_cloak	St. Halssius Priest's Cloak	cloak	armor cloak equipment extractable special stealth-gear tier-3	3	210
5809	1000331	Optionary_Ent_Cloak	Shadowleaf Cloak	cloak	armor cloak equipment extractable special stealth-gear tier-3	3	1044
5810	1000324	Optionary_Demeniss_Spy_Cloak	Disguise Cloak	cloak	armor cloak docking equipment extractable special stealth-gear tier-3	3	1044
5811	1001574	Harald_Fabric_Cloak	Dewhaven Standard Cloth Cloak	cloak	armor cloak equipment extractable special stealth-gear tier-3	3	1044
5812	1003675	Laviren_Fabric_Cloak_I	Bandit Cloth Cloak	cloak	armor cloak equipment extractable special stealth-gear tier-3	3	1044
5813	1003286	Wolf_Pursuer_Fabric_Cloak	Wolf Tracker Cloth Cloak	cloak	armor cloak equipment extractable special stealth-gear tier-2	2	872
5814	1002742	Deer_King_Follower_Cloak_I	Yrkabel Cloth Cloak	cloak	armor cloak equipment extractable special stealth-gear tier-2	2	872
5815	1000326	Optionary_Hernand_Party_Cloak	Hernandian Cloak	cloak	armor cloak equipment extractable special stealth-gear tier-1	1	350
5816	1000846	Tibbletanus_Fabric_Cloak	Black Bears' Cloth Cloak	cloak	armor cloak equipment extractable special stealth-gear tier-1	1	786
5817	1000318	Desert_Harrier_PlateArmor_Cloak_I	Desert Marauder's Cloak	cloak	armor cloak equipment extractable special stealth-gear tier-1	1	786
5818	1000576	North_Mercenary_Fabric_Cloak_I	Jackal Cloth Cloak	cloak	armor cloak equipment extractable important special stealth-gear tier-1	1	123
5819	1001061	Light_Arrowhead_Fabric_Cloak_I	Blinding Arrow's Cloth Cloak	cloak	armor cloak equipment extractable special stealth-gear tier-1	1	786
5820	1000198	Sprayer_BackPack	Field Sprayer	armor	accessory armor backpack docking equipment knowledge no-sell special sprayer tier-0	0	1
5821	1001750	Aggro_Backpack	Sonic Resonator	armor	accessory armor backpack docking equipment important special tier-3	3	2700
5822	1000443	Bleed_Bomb_BackPack	Bleed Bandits' Alchemy Explosive Pack	armor	accessory armor backpack docking equipment special tier-3	3	2700
5823	1000716	WaterPower_BackPack	Hydro Generator Bag	armor	accessory armor backpack docking equipment special tier-2	2	85
5824	1000970	EMP_BackPack	Disruptor	armor	accessory armor backpack docking equipment special tier-1	1	2700
5825	1000708	Chocolate_Factory_BackPack	Gearmelt Confectionery Pack	armor	accessory armor backpack docking equipment important special tier-3	3	85
5826	1003750	Fertilizer_Sprayer_BackPack	Fertilizer Sprayer	armor	accessory armor backpack docking equipment important no-sell special sprayer tier-0	0	1
5827	1003751	Oil_Sprayer_BackPack	Lubricant Sprayer	armor	accessory armor backpack docking equipment important no-discard no-sell special sprayer tier-0	0	1
5828	1000102	Anamorphic_PlateArmor_Helm	Constellation Helm	key-item	armor docking equipment extractable helm key-item no-sell plate quest tier-3	3	1
5829	1000037	Knowledge_PlateArmor_Helm	Helm of Knowledge	key-item	armor docking equipment extractable helm key-item no-sell plate quest tier-3	3	1
5830	1000202	Hacking_PlateArmor_Helm	Circuit Hijacking Helm	key-item	armor docking equipment extractable helm key-item no-sell plate quest tier-4	4	1
5831	356742259	Florin_Fabric_Helm	Pororin Petal Hat	key-item	armor docking equipment extractable helm key-item no-sell plate quest tier-3	3	1
5832	1001129	Daeil_Band	Axiom Bracelet	key-item	armor bracelet docking equipment key-item no-sell quest special tier-0	0	1
5833	1002864	OOngka_Daeil_Band	Oongka's Axiom Bracelet	key-item	armor bracelet docking equipment key-item no-sell quest special tier-0	0	1
5834	1003248	Damian_Daeil_Band	Damiane's Axiom Bracelet	key-item	armor bracelet docking equipment key-item no-sell quest special tier-0	0	1
5835	950017	Merchant_BackPack_I	Peddler's Pack	accessory	accessory backpack equipment tier-1	1	85
5836	950018	Leather_Merchant_BackPack_I	Tanner's Pack	accessory	accessory backpack equipment tier-2	2	85
5837	950019	FieldBattle_BackPack_I	Field Pack	accessory	accessory backpack equipment tier-2	2	85
5838	950024	Farmer_BackPack_I	Farmer's Pack	accessory	accessory backpack equipment tier-1	1	85
5839	950035	Logger_BackPack_I	Woodcutter's Pack	accessory	accessory backpack equipment tier-1	1	85
5840	1000726	Meat_BackPack	Hunter's Meat Pack	accessory	accessory backpack equipment tier-2	2	85
5841	950042	Fish_BackPack_I	Angler's Pack	accessory	accessory backpack equipment tier-2	2	85
5842	950053	Weapon_BackPack_II	Weaponsmith's Pack	accessory	accessory backpack equipment tier-2	2	85
5843	950056	Weapon_BackPack_V	Weaponsmith's Pack	accessory	accessory backpack equipment tier-2	2	85
5844	950066	Medikit_BackPack_VII	Healer's Pack	accessory	accessory backpack equipment tier-2	2	85
5845	950068	Weapon_BackPack_IX	Weaponsmith's Pack	accessory	accessory backpack equipment tier-2	2	85
5846	14900	University_BackPack	Student's Pack	accessory	accessory backpack equipment tier-2	2	85
5847	1000109	Drone_Backpack	Sandwatcher Watcher Pack	accessory	accessory backpack equipment tier-3	3	85
5848	1180141522	Empty_BackPack	Empty Pack	accessory	accessory backpack equipment tier-1	1	85
5849	950074	Flolin_BackPack_II	Florindale Empty Pack	accessory	accessory backpack equipment tier-2	2	85
5850	950075	ScrapMetal_BackPack_I	Scrap Metal Pack	accessory	accessory backpack equipment tier-2	2	85
5851	950043	Mine_BackPack_II	Quarrier's Pack	accessory	accessory backpack equipment tier-2	2	85
5852	1000104	Orient_Monk_BackPack	Eastern Monk Pack	accessory	accessory backpack equipment tier-1	1	85
5853	1000262	Wanted_Criminal_BackPack_I	Outlaw's Gold Ore Pack	accessory	accessory backpack equipment tier-1	1	85
5854	1000495	Wanted_Criminal_BackPack_II	Outlaw's Graverobber Pack	accessory	accessory backpack equipment tier-1	1	85
5855	1000496	Balthazar_BackPack	Wyvernflames Captain's Pack	accessory	accessory backpack equipment tier-1	1	85
5856	950020	Leather_Merchant_BackPack_II	Tanner's Pack	accessory	accessory backpack equipment tier-1	1	85
5857	950021	Leather_Merchant_BackPack_III	Tanner's Pack	accessory	accessory backpack equipment tier-1	1	85
5858	950022	FieldBattle_BackPack_II	Field Pack	accessory	accessory backpack equipment tier-1	1	85
5859	950023	Technician_BackPack	Technician's Pack	accessory	accessory backpack equipment tier-1	1	85
5860	950025	Farmer_BackPack_II	Farmer's Pack	accessory	accessory backpack equipment tier-1	1	85
5861	1002715	Apple_BackPack	Apple Pack	accessory	accessory backpack docking equipment tier-1	1	85
5862	1000710	orange_BackPack	Orange Pack	accessory	accessory backpack docking equipment tier-1	1	85
5863	1000711	grape_BackPack	Grape Pack	accessory	accessory backpack docking equipment tier-1	1	85
5864	1000712	cotton_BackPack	Cotton Pack	accessory	accessory backpack docking equipment tier-1	1	85
5865	1000713	orchids_BackPack	Dendrobium Orchid Pack	accessory	accessory backpack docking equipment tier-1	1	85
5866	1001069	Songyi_Mushroom_BackPacK	Pine Mushroom Pack	accessory	accessory backpack docking equipment tier-1	1	85
5867	1001085	Pyogo_Mushroom_BackPack	Oakwood Mushroom Pack	accessory	accessory backpack docking equipment tier-1	1	85
5868	1001086	Ssari_Mushroom_BackPack	Coral Mushroom Pack	accessory	accessory backpack docking equipment tier-1	1	85
5869	950026	Herbalist_BackPack_I	Herbalist's Pack	accessory	accessory backpack equipment tier-1	1	85
5870	950027	Herbalist_BackPack_II	Herbalist's Pack	accessory	accessory backpack equipment tier-1	1	85
5871	950028	Soldier_BackPack	Soldier's Pack	accessory	accessory backpack equipment tier-1	1	85
5872	950029	Apothecary_BackPack_I	Apothecary's Pack	accessory	accessory backpack equipment tier-1	1	85
5873	950030	Apothecary_BackPack_II	Apothecary's Pack	accessory	accessory backpack equipment tier-1	1	85
5874	950031	Merchant_BackPack_II	Peddler's Pack	accessory	accessory backpack equipment tier-1	1	85
5875	950032	Hunter_BackPack_I	Hunter's Pack	accessory	accessory backpack equipment tier-1	1	85
5876	950033	Hunter_BackPack_II	Hunter's Pack	accessory	accessory backpack equipment tier-1	1	85
5877	950034	FieldBattle_BackPack_III	Field Pack	accessory	accessory backpack equipment tier-1	1	85
5878	950036	Logger_BackPack_II	Woodcutter's Pack	accessory	accessory backpack equipment tier-1	1	85
5879	950038	Mine_BackPack_I	Quarrier's Pack	accessory	accessory backpack equipment tier-1	1	85
5880	950039	Deer_Porter_BackPack	Deer Pack	accessory	accessory backpack equipment tier-1	1	85
5881	950040	Beekeeping_BackPack	Beekeeper's Pack	accessory	accessory backpack equipment tier-1	1	85
5882	950041	Merchant_BackPack_III	Peddler's Pack	accessory	accessory backpack equipment tier-1	1	85
5883	950052	Weapon_BackPack_I	Weaponsmith's Pack	accessory	accessory backpack equipment tier-1	1	85
5884	950054	Weapon_BackPack_III	Weaponsmith's Pack	accessory	accessory backpack equipment tier-1	1	85
5885	950055	Weapon_BackPack_IV	Weaponsmith's Pack	accessory	accessory backpack equipment tier-1	1	85
5886	950057	Weapon_BackPack_VI	Weaponsmith's Pack	accessory	accessory backpack equipment tier-1	1	85
5887	950058	Weapon_BackPack_VII	Weaponsmith's Pack	accessory	accessory backpack equipment tier-1	1	85
5888	950059	Weapon_BackPack_VIII	Weaponsmith's Pack	accessory	accessory backpack equipment tier-1	1	85
5889	950060	Medikit_BackPack_I	Healer's Pack	accessory	accessory backpack equipment tier-1	1	85
5890	950061	Medikit_BackPack_II	Healer's Pack	accessory	accessory backpack equipment tier-1	1	85
5891	950062	Medikit_BackPack_III	Healer's Pack	accessory	accessory backpack equipment tier-1	1	85
5892	950063	Medikit_BackPack_IV	Healer's Pack	accessory	accessory backpack equipment tier-1	1	85
5893	950064	Medikit_BackPack_V	Healer's Pack	accessory	accessory backpack equipment tier-1	1	85
5894	950065	Medikit_BackPack_VI	Healer's Pack	accessory	accessory backpack equipment tier-1	1	85
5895	950067	Medikit_BackPack_VIII	Healer's Pack	accessory	accessory backpack equipment tier-1	1	85
5896	950069	Weapon_BackPack_X	Weaponsmith's Pack	accessory	accessory backpack equipment tier-1	1	85
5897	950073	Flolin_BackPack	Pororin Pack	accessory	accessory backpack equipment tier-1	1	85
5898	950044	Wheel_BackPack	Wheelwright's Pack	accessory	accessory backpack equipment tier-1	1	85
5899	950045	Fish_BackPack_II	Angler's Pack	accessory	accessory backpack equipment tier-1	1	85
5900	950046	Bell_BackPack	Bell Pack	accessory	accessory backpack equipment tier-1	1	85
5901	950047	Turtle_BackPack	Turtle Pack	accessory	accessory backpack equipment tier-1	1	85
5902	950048	Furniture_BackPack	Carpenter's Pack	accessory	accessory backpack equipment tier-1	1	85
5903	950049	Cage_BackPack	Birdcage Pack	accessory	accessory backpack equipment tier-1	1	85
5904	1000370	Bear_BackPack	Bear Pack	accessory	accessory backpack equipment tier-1	1	85
5905	950050	Logger_BackPack_III	Woodcutter's Pack	accessory	accessory backpack equipment tier-1	1	85
5906	950071	Logger_BackPack_IV	Woodcutter's Pack	accessory	accessory backpack equipment tier-1	1	85
5907	950072	TrollMerchant_BackPack_I	Troll Peddler's Pack	accessory	accessory backpack equipment tier-1	1	85
5908	950076	ScrapMetal_BackPack_II	Scrap Metal Pack	accessory	accessory backpack equipment tier-1	1	85
5909	950077	ScrapMetal_BackPack_III	Scrap Metal Pack	accessory	accessory backpack equipment tier-1	1	85
5910	1001185	Watcher_BackPack	Watcher Pack	accessory	accessory backpack docking equipment tier-3	3	85
5911	1001234	Flolin_BackPack_FlowerDrone_I	Florindale Flower Bomb Pack	dev	accessory backpack dev docking equipment tier-3	3	85
5912	1001530	Desert_BackPack_I	Desert Pack	accessory	accessory backpack equipment tier-1	1	85
5913	1001422	Gregor_OneHandShield	Khaled Shield	shield	docking equipment extractable important no-sell preorder quest shield special tier-2 weapon	2	1
5914	1473348912	WellsKnight_PlateArmor_Armor	Grotevant Plate Armor	body-armor	armor body-armor equipment extractable important no-sell preorder quest special tier-2	2	1
5915	1000303	WellsKnight_PlateArmor_Cloak	Grotevant Cloak	cloak	armor cloak equipment extractable important no-sell preorder quest special tier-2	2	1
5916	2094675372	WellsKnight_PlateArmor_Gloves	Grotevant Plate Gloves	gloves	armor equipment extractable gloves important no-sell preorder quest special tier-2	2	1
5917	697368607	WellsKnight_Plate_Boots	Grotevant Plate Boots	boots	armor boots equipment extractable important no-sell preorder quest special tier-2	2	1
5918	1955057078	WellsKnight_PlateArmor_Helm	Grotevant Plate Helm	helm	armor docking equipment extractable helm important no-sell preorder quest special tier-2	2	1
5919	1000521	Kliff_PlateArmor_Helm	Kairos Plate Helm	helm	armor equipment extractable helm important no-sell preorder quest special tier-2	2	1
5920	1000524	Kliff_PlateArmor_Armor	Kairos Plate Armor	body-armor	armor body-armor equipment extractable important no-sell preorder quest special tier-2	2	1
5921	1000546	Kliff_PlateArmor_Cloak	Kairos Cloak	cloak	armor cloak equipment extractable important no-sell preorder quest special tier-2	2	1
5922	1000560	Kliff_PlateArmor_Gloves	Kairos Plate Gloves	gloves	armor equipment extractable gloves important no-sell preorder quest special tier-2	2	1
5923	1000567	Kliff_Plate_Boots	Kairos Plate Boots	boots	armor boots equipment extractable important no-sell preorder quest special tier-2	2	1
5924	13604	Legendary_SkullKnight_OneHandShield	Balgran Shield	shield	docking equipment extractable important no-sell preorder quest shield special tier-2 weapon	2	1
5925	1512009	Kritha_HorseArmor_Helm	Exclaire Champron	mount-gear	equipment important mount-gear no-sell preorder quest special tier-2	2	1
5926	1562354751	Marni_HorseArmor_Armor	Exclaire Barding	mount-gear	equipment important mount-gear no-sell preorder quest special tier-2	2	1
5927	1513009	Kritha_HorseArmor_Saddle	Exclaire Saddle	mount-gear	equipment important mount-gear no-sell preorder quest special tier-2	2	1
5928	1000591	HorseShoe_HorseArmor_Stirrup_V	Exclaire Stirrups	mount-gear	equipment important mount-gear no-sell preorder quest special tier-2	2	1
5929	300023	Light_Arrowhead_Leader_OneHandBow	Tormented Soul Bow	weapon	bow docking equipment extractable important no-sell npc-weapon-pool preorder quest ranged special tier-2 weapon	2	1
5930	1000082	Troopers_TwoHandSpear	Derictus Spear	weapon	equipment extractable important no-sell npc-weapon-pool preorder quest spear special tier-2 two-hand weapon	2	1
5931	1000083	Verheim_TwoHandSword	Sielos Longsword	weapon	equipment extractable important longsword no-sell npc-weapon-pool preorder quest special tier-2 two-hand weapon	2	1
5932	1512001	Troopers_HorseArmor_Helm	Hyperion Champron	mount-gear	equipment important mount-gear no-sell preorder quest special tier-2	2	1
5933	1511001	Troopers_HorseArmor_Armor	Hyperion Barding	mount-gear	equipment important mount-gear no-sell preorder quest special tier-2	2	1
5934	1513001	Troopers_HorseArmor_Saddle	Hyperion Saddle	mount-gear	equipment important mount-gear no-sell preorder quest special tier-2	2	1
5935	1514001	Troopers_HorseArmor_Stirrup	Hyperion Stirrups	mount-gear	equipment important mount-gear no-sell preorder quest special tier-2	2	1
5936	10044	Gold_Plating_Lantern	Shroud Lantern	tool	docking equipment important lantern no-sell preorder special tier-0 tool	0	1
5937	1002555	Twich_Earring	Purple Scout Earring	earring	accessory earring equipment extractable important no-sell platform-bonus preorder special tier-1	1	1
5938	1003188	Twich_Necklace	Purple Scout Necklace	necklace	accessory equipment extractable important necklace no-sell platform-bonus preorder special tier-1	1	1
5939	1003189	Twich_Ring	Purple Scout Ring	ring	accessory equipment extractable important no-sell platform-bonus preorder ring special tier-1	1	1
5940	1003190	Twich_Lantern	Purple Scout Lantern	tool	docking equipment important lantern no-sell platform-bonus preorder special tier-0 tool	0	1
5941	1003191	Twich_Leather_Helm	Purple Scout Hat	helm	armor equipment extractable helm important no-sell platform-bonus preorder quest special tier-1	1	1
5942	1003192	Twich_Fabric_Armor	Purple Scout Armor	body-armor	armor body-armor equipment extractable important no-sell platform-bonus preorder quest special tier-1	1	1
5943	1003193	Twich_Fabric_Cloak	Purple Scout Cloak	cloak	armor cloak equipment extractable important no-sell platform-bonus preorder quest special tier-1	1	1
5944	1003194	Twich_OneHandShield	Purple Scout Shield	shield	docking equipment extractable important no-sell platform-bonus preorder quest shield special tier-1 weapon	1	1
5945	1003195	Twich_HorseArmor_Helm	Purple Scout Champron	mount-gear	equipment important mount-gear no-sell platform-bonus preorder quest special tier-2	2	1
5946	1003196	Twich_HorseArmor_Saddle	Purple Scout Saddle	mount-gear	equipment important mount-gear no-sell platform-bonus preorder quest special tier-2	2	1
5947	1003197	Twich_HorseArmor_Stirrup	Purple Scout Stirrups	mount-gear	equipment important mount-gear no-sell platform-bonus preorder quest special tier-2	2	1
5948	1003198	Bilibili_Earring	Blue Scout Earring	earring	accessory earring equipment extractable important no-sell platform-bonus preorder special tier-1	1	1
5949	1003199	Bilibili_Necklace	Blue Scout Necklace	necklace	accessory equipment extractable important necklace no-sell platform-bonus preorder special tier-1	1	1
5950	1003200	Bilibili_Ring	Blue Scout Ring	ring	accessory equipment extractable important no-sell platform-bonus preorder ring special tier-1	1	1
5951	1003201	Bilibili_Lantern	Blue Scout Lantern	tool	docking equipment important lantern no-sell platform-bonus preorder special tier-0 tool	0	1
5952	1003202	Bilibili_Leather_Helm	Blue Scout Hat	helm	armor equipment extractable helm important no-sell platform-bonus preorder quest special tier-1	1	1
5953	1003203	Bilibili_Fabric_Armor	Blue Scout Armor	body-armor	armor body-armor equipment extractable important no-sell platform-bonus preorder quest special tier-1	1	1
5954	1003204	Bilibili_Fabric_Cloak	Blue Scout Cloak	cloak	armor cloak equipment extractable important no-sell platform-bonus preorder quest special tier-1	1	1
5955	1003205	Bilibili_OneHandShield	Blue Scout Shield	shield	docking equipment extractable important no-sell platform-bonus preorder quest shield special tier-1 weapon	1	1
5956	1003206	Bilibili_HorseArmor_Helm	Blue Scout Champron	mount-gear	equipment important mount-gear no-sell platform-bonus preorder quest special tier-2	2	1
5957	1003207	Bilibili_HorseArmor_Saddle	Blue Scout Saddle	mount-gear	equipment important mount-gear no-sell platform-bonus preorder quest special tier-2	2	1
5958	1003208	Bilibili_HorseArmor_Stirrup	Blue Scout Stirrups	mount-gear	equipment important mount-gear no-sell platform-bonus preorder quest special tier-2	2	1
5959	1001166	Greymane_Nobility_Degree_I	Greymane Signet	ring	accessory contribution-reward equipment extractable important ring tier-5	5	
5960	1001118	Hernand_Nobility_Degree_I	Hernandian Signet	ring	accessory contribution-reward equipment extractable important ring tier-5	5	
5961	1000251	Pailune_Nobility_Degree_I	Pailunese Signet	ring	accessory contribution-reward equipment extractable important ring tier-5	5	
5962	1001167	Demeniss_Nobility_Degree_I	Demenissian Signet	ring	accessory contribution-reward equipment extractable important ring tier-5	5	
5963	1001168	Delesyian_Nobility_Degree_I	Delesyian Signet	ring	accessory contribution-reward equipment extractable important ring tier-5	5	
5964	1003754	Tashkalpan_Nobility_Degree_I	Tashkalpian Signet	ring	accessory contribution-reward equipment extractable important ring tier-5	5	
5965	1003916	Greyfur_Fabric_Armor_CI	Greymane Cloth Armor	body-armor	armor body-armor cloth contribution-reward equipment extractable important tier-2	2	
5966	113665	Mondian_Leather_Armor	Greymane Light Armor	body-armor	armor body-armor cloth contribution-reward equipment extractable important tier-2	2	
5967	1001143	Greyfur_Fabric_Armor_III	Devan's Cloth Armor	body-armor	armor body-armor cloth contribution-reward equipment extractable important tier-2	2	
5968	1004818	Valnos_Leather_Armor	Valnos Leather Armor	body-armor	armor body-armor contribution-reward equipment extractable important leather tier-2	2	
5969	1004820	Mardain_Leather_Armor	Mardain Leather Armor	body-armor	armor body-armor contribution-reward equipment extractable important leather tier-2	2	
5970	1003928	Demian_Greyfur_Fabric_Cloak_I	Greymane Cloth Cloak	cloak	armor cloak contribution-reward equipment extractable important tier-4	4	
5971	1005446	Demian_Greyfur_Fabric_Cloak_II	Greymane Cloth Cloak	cloak	armor cloak contribution-reward equipment extractable important tier-4	4	
5972	1004564	Demian_Greyfur_Fabric_Gloves	Honorary Greymane Cloth Gloves	gloves	armor cloth contribution-reward equipment extractable gloves important tier-4	4	
5973	101002	Keredig_PlateArmor_Helm	Bolton Plate Helm	helm	armor contribution-reward docking equipment extractable helm important plate tier-2	2	
5974	111165	Bolton_PlateArmor_Armor	Bolton Plate Armor	body-armor	armor body-armor contribution-reward equipment extractable important plate tier-3	3	
5975	1000308	Bolton_PlateArmor_Cloak	Bolton Plate Cloak	cloak	armor cloak contribution-reward equipment extractable important tier-3	3	
5976	1001120	Hernand_Cloak	Hernandian Noble's Cloak	cloak	armor cloak contribution-reward equipment extractable important tier-3	3	
5977	9102	Hernand_GuardCaptain_Fabric_Armor	Hernandian Honor Guard Armor	body-armor	armor body-armor cloth contribution-reward equipment extractable important tier-3	3	
5978	12409	Hernand_GuardCaptain_Leather_Gloves	Hernandian Honor Guard Gloves	gloves	armor contribution-reward equipment extractable gloves important leather tier-3	3	
5979	12308	Hernand_GuardCaptain_Leather_Boots	Hernandian Honor Guard Boots	boots	armor boots contribution-reward equipment extractable important leather tier-3	3	
5980	1000272	Hernand_GuardCaptain_Fabric_Cloak	Hernandian Honor Guard Cloak	cloak	armor cloak contribution-reward equipment extractable important tier-3	3	
5981	1511010	Hernand_HorseArmor_Armor	Hernandian Barding	mount-gear	contribution-reward equipment important mount-gear tier-3	3	
5982	1000556	Hernand_Contribution_Flag	Hernandian Contribution Banner Pike	weapon	banner contribution-reward equipment extractable important pike tier-1 two-hand weapon	1	
5983	1001119	Hernand_Crown	Hernandian Circlet	eyewear	accessory contribution-reward equipment eyewear important quest tier-5	5	
5984	1000632	Calphade_Contribution_Flag	Calphadean Contribution Banner Pike	weapon	banner contribution-reward equipment extractable important pike tier-1 two-hand weapon	1	
5985	1000337	Optionary_Scholar_Stone_cloak	Scholastone Cloak	cloak	armor cloak contribution-reward equipment extractable important tier-1	1	
5986	103112	Huroi_Leather_Helm	Scholastone Cap	helm	armor contribution-reward equipment extractable helm important leather tier-1	1	
5987	12310	Huroi_Leather_Boots	Scholastone Boots	boots	armor boots contribution-reward equipment extractable important leather tier-1	1	
5988	104169	Abidon_Fabric_Helm	Pailunese Hat	helm	armor cloth contribution-reward equipment extractable helm important tier-2	2	
5989	114600	Lunosier_Fabric_Armor	Pailunese Attire	body-armor	armor body-armor cloth contribution-reward equipment extractable important tier-2	2	
5990	1000277	Lunosier_Fabric_Cloak	Pailunese Cloak	cloak	armor cloak contribution-reward equipment extractable important tier-2	2	
5991	14306	Lutis_PlateArmor_Gloves	Pailunese Gloves	gloves	armor contribution-reward equipment extractable gloves important plate tier-2	2	
5992	134011	Lutis_Leather_Boots	Pailunese Boots	boots	armor boots contribution-reward equipment extractable important leather tier-1	1	
5993	1511007	Berkei_HorseArmor_Armor	Berkei Barding	mount-gear	contribution-reward equipment important mount-gear tier-3	3	
5994	1000178	Pailune_Contribution_Flag	Pailunese Contribution Banner Pike	weapon	banner contribution-reward equipment extractable important pike tier-1 two-hand weapon	1	
5995	101054	Checia_PlateArmor_Helm	Chelcia Plate Helm	helm	armor contribution-reward docking equipment extractable helm important plate tier-2	2	
5996	2101035	Maint_PlateArmor_Helm	Demeniss Ceremonial Plate Helm	helm	armor contribution-reward docking equipment extractable helm important plate tier-2	2	
5997	114629	Demeniss_PlateArmor_Armor	Chelcia Plate Armor	body-armor	armor body-armor contribution-reward equipment extractable important plate tier-3	3	
5998	1163804	Optionary_Demeniss_Soldier_Armor	Demeniss Ceremonial Plate Armor	body-armor	armor body-armor contribution-reward equipment extractable important plate tier-3	3	
5999	111147	Dallabici_PlateArmor_Armor	Demeniss Honor Armor	body-armor	armor body-armor contribution-reward equipment extractable important plate tier-1	1	
6000	1000307	Demeniss_PlateArmor_Cloak	Chelcia Plate Cloak	cloak	armor cloak contribution-reward equipment extractable important tier-3	3	
6001	1001124	Demeniss_Cloak	Demenissian Noble's Cloak	cloak	armor cloak contribution-reward equipment extractable important tier-3	3	
6002	1000323	Optionary_Demeniss_Soldier_Cloak	Demeniss Ceremonial Cloak	cloak	armor cloak contribution-reward equipment extractable important tier-3	3	
6003	1511012	Demeniss_HorseArmor_Armor	Demenissian Barding	mount-gear	contribution-reward equipment important mount-gear tier-3	3	
6004	1000688	Demeniss_Contribution_Flag	Demenissian Contribution Banner Pike	weapon	banner contribution-reward equipment extractable important pike tier-1 two-hand weapon	1	
6005	1001123	Demeniss_Crown	Demenissian Circlet	eyewear	accessory contribution-reward equipment eyewear important quest tier-5	5	
6006	1003673	Demeniss_Cross_Necklace	Demeniss Cathedral Necklace	necklace	accessory equipment extractable important necklace tier-3	3	
6007	1003672	Demeniss_Cross_Ring	Demeniss Cathedral Ring	ring	accessory equipment extractable important ring tier-3	3	
6008	2114057	Kintun_ChainMail_Armor	Mortain Chain Mail	body-armor	armor body-armor contribution-reward equipment extractable important plate tier-2	2	
6009	111210	Delesian_Friend_PlateArmor_Armor	Armor of Loyal Friendship	body-armor	armor body-armor contribution-reward equipment extractable important plate tier-1	1	
6010	1001126	Delesyian_Cloak	Delesyian Noble's Cloak	cloak	armor cloak contribution-reward equipment extractable important tier-3	3	
6011	1000317	Delesian_Friend_PlateArmor_Cloak	Cloak of Loyal Friendship	cloak	armor cloak contribution-reward equipment extractable important tier-1	1	
6012	103035	Tesslit_Leather_Helm	Helm of Loyal Friendship	helm	armor contribution-reward equipment extractable helm important leather tier-3	3	
6013	1511008	Delesian_HorseArmor_Armor	Delesyian Barding	mount-gear	contribution-reward equipment important mount-gear tier-3	3	
6014	1000770	Delesyian_Contribution_Flag	Delesyian Contribution Banner Pike	weapon	banner contribution-reward equipment extractable important pike tier-1 two-hand weapon	1	
6015	1001125	Delesyian_Crown	Delesyian Circlet	eyewear	accessory contribution-reward equipment eyewear important quest tier-5	5	
6016	104184	Dragon_Knight_Commander_PlateArmor_Helm	Dragon Flame Helm	helm	armor contribution-reward docking equipment extractable helm important plate tier-3	3	
6017	112078	Dragon_Knight_Commander_ChainMail_Armor	Dragon Flame Armor	body-armor	armor body-armor contribution-reward equipment extractable important plate tier-3	3	
6018	1000286	Dragon_Knight_Commander_ChainMail_Cloak	Dragon Flame Cloak	cloak	armor cloak contribution-reward equipment extractable important tier-3	3	
6019	1511006	Desert_HorseArmor_Armor	Sahareum Barding	mount-gear	contribution-reward equipment important mount-gear tier-3	3	
6020	1001804	Tashkalp_Contribution_Flag	Tommasoan Contribution Banner Pike	weapon	banner contribution-reward equipment extractable important pike tier-1 two-hand weapon	1	
6021	2101037	Lacsha_PlateArmor_Helm	Sahazhad Plate Helm	helm	armor contribution-reward equipment extractable helm important plate tier-3	3	
6022	111255	Sazahan_PlateArmor_Armor	Sahazhad Plate Armor	body-armor	armor body-armor contribution-reward docking equipment extractable important plate tier-3	3	
6023	1000314	Sazahan_PlateArmor_Cloak	Sahazhad Plate Cloak	cloak	armor cloak contribution-reward equipment extractable important tier-3	3	
6024	1001128	Varnia_Cloak	Varnian Noble's Cloak	cloak	armor cloak contribution-reward equipment extractable important tier-3	3	
6025	1001772	Varnia_Contribution_Flag	Varnian Contribution Banner Pike	weapon	banner contribution-reward equipment extractable important pike tier-1 two-hand weapon	1	
6026	1001127	Varnia_Crown	Varnian Circlet	eyewear	accessory contribution-reward equipment eyewear important quest tier-5	5	
6027	250999	Specialty_Cigar_TwoHandAxe		dev	dev greataxe tier-5	5	2760
6028	1000267	LightSaber_TwoHandSword		dev	dev longsword tier-1	1	327
6029	1000675	Wolf_Test_OneHandSword		dev	dev sword tier-0	0	87
6030	1000019	TestTwoHandAxe		dev	dev greataxe tier-1	1	340
6031	1001071	TestShield		dev	dev shield tier-5	5	1510
6032	13800	Lance_OneHandLance		dev	dev spear tier-3	3	1264
6033	210998	Dev_Specialty_Crudell_OneHandAxe		dev	axe dev tier-5	5	1800
6034	200997	TestSword		dev	dev sword tier-1	1	87
6035	200998	Specialty_Mercenary_OneHandSword		dev	dev sword tier-5	5	1170
6036	200999	Specialty_Dragon_Slayer_OneHandSword		dev	dev sword tier-5	5	1170
6037	1001788	Test_OneHandAxe		dev	axe dev tier-1	1	180
6038	1003285	Test_OneHandMace		dev	dev mace tier-1	1	152
6039	1001301	MastKey_Gloves		dev	dev docking gloves tier-5	5	3927
6040	620911	Dev_Growth_Ring_I		dev	dev no-sell ring tier-1	1	1
6041	620912	Dev_Growth_Ring_II		dev	dev no-sell ring tier-1	1	1
6042	620913	Dev_Growth_Ring_III		dev	dev no-sell ring tier-1	1	1
6043	620914	Dev_Growth_Ring_IV		dev	dev no-sell ring tier-1	1	1
6044	620915	Dev_Growth_Ring_V		dev	dev no-sell ring tier-1	1	1
6045	620916	Dev_Growth_Ring_VI		dev	dev no-sell ring tier-1	1	1
6046	620917	Dev_Growth_Ring_VII		dev	dev no-sell ring tier-1	1	1
6047	620918	Dev_Growth_Ring_VIII		dev	dev no-sell ring tier-1	1	1
6048	620919	Dev_Growth_Ring_IX		dev	dev no-sell ring tier-1	1	1
6049	620920	Dev_Growth_Ring_X		dev	dev no-sell ring tier-1	1	1
6050	1000269	Dev_Speed_Ring		dev	dev no-sell ring tier-1	1	1
6051	620997	Dev_Red_Dragon_Ring_Str_HP		dev	dev no-sell ring tier-1	1	1
6052	620998	Dev_Red_Dragon_Ring_Def_HP		dev	dev no-sell ring tier-1	1	1
6053	620999	Dev_Red_Dragon_Ring_MP_Stamina		dev	dev no-sell ring tier-1	1	1
6054	621000	Dev_Red_Dragon_Ring_Immune		dev	dev no-sell ring tier-1	1	1
6055	1001106	TestNeck_1_1		dev	dev necklace tier-5	5	2500
6056	1001107	TestNeck_1_2		dev	dev necklace tier-5	5	2500
6057	1001108	TestNeck_2_1		dev	dev necklace tier-5	5	2500
6058	1001109	TestNeck_2_2		dev	dev necklace tier-5	5	2500
6059	1001110	TestNeck_3_1		dev	dev necklace tier-5	5	2500
6060	1001111	TestNeck_3_2		dev	dev necklace tier-5	5	2500
6061	1001112	TestNeck_4_1		dev	dev necklace tier-5	5	2500
6062	1001113	TestNeck_4_2		dev	dev necklace tier-5	5	2500
6063	1001114	TestNeck_5_1		dev	dev necklace tier-5	5	2500
6064	1001115	TestNeck_5_2		dev	dev necklace tier-5	5	2500
6065	1001116	TestNeck_5_3		dev	dev necklace tier-5	5	2500
6066	1001072	Testarmor		dev	body-armor dev tier-5	5	2910
6067	1000923	Douglas_Leather_Armor_T5_QA		dev	body-armor dev tier-5	5	1740
6068	1000924	Deerking_Leather_Armor_T4_QA		dev	body-armor dev tier-4	4	1218
6069	1000909	Tychaon_Fabric_Armor_T5_QA		dev	body-armor dev tier-5	5	1230
6070	1000911	Scalaphynion_Fabric_Armor_T4_QA		dev	body-armor dev tier-4	4	861
6071	1000910	Tychaon_Fabric_Cloak_T5_QA		dev	cloak dev tier-5	5	1230
6072	1000912	Scalaphynion_Fabric_Cloak_T4_QA		dev	cloak dev tier-4	4	861
6073	1000913	Heisellen_Fabric_Cloak_T1_QA		dev	cloak dev tier-1	1	123
6074	111996	Dev_Red_Dragon_Yann_Leather_Armor		dev	body-armor dev tier-1	1	255
6075	111997	Dev_Red_Dragon_Oongka_Leather_Armor		dev	body-armor dev tier-1	1	255
6076	111999	Dev_Red_Dragon_Kliff_Leather_Armor		dev	body-armor dev tier-1	1	255
6077	1002492	Demian_Fabric_Cloak_V		dev	cloak dev extractable tier-4	4	861
6078	1001257	Socket_Test_Gloves		dev	dev docking gloves tier-4	4	427
6079	1000925	Douglas_Leather_Gloves_T5_QA		dev	dev gloves tier-5	5	610
6080	1000926	Legendary_Deer_Leather_Gloves_T4_QA		dev	dev gloves tier-4	4	427
6081	1000914	Reeddevil_Fabric_Gloves_T5_QA		dev	dev gloves tier-5	5	440
6082	1000915	Tarif_Fabric_Gloves_T4_QA		dev	dev gloves tier-4	4	308
6083	1000916	Tarif_Fabric_Gloves_T3_QA		dev	dev gloves tier-3	3	176
6084	1000917	Hanbok_Fabric_Gloves_T1_QA		dev	dev gloves tier-1	1	44
6085	1002718	Restraint_Rope_Fabric_Gloves_I		dev	dev gloves tier-1	1	44
6086	1000927	Bainian_Leather_Boots_T5_QA		dev	boots dev tier-5	5	520
6087	1000928	Ludvic_Leather_Boots_T4_QA		dev	boots dev tier-4	4	364
6088	1000918	Reeddevil_Fabric_Boots_T5_QA		dev	boots dev tier-5	5	370
6089	1000919	Tarif_Fabric_Boots_T4_QA		dev	boots dev tier-4	4	259
6090	1000920	Tarif_Fabric_Boots_T3_QA		dev	boots dev tier-3	3	148
6091	1000907	Abidon_Fabric_Helm_T5_QA		dev	dev helm tier-5	5	560
6092	1000908	Scalaphynion_Fabric_Helm_T4_QA		dev	dev helm tier-4	4	392
6093	1000921	Deer_King_Leather_Helm_T4_QA		dev	dev helm tier-4	4	546
6094	1000922	Tesslit_Leather_Helm_T2_QA		dev	dev helm tier-2	2	156
6095	620993	Dev_Red_Dragon_HorseArmor_Helm		dev	dev mount-gear tier-4	4	1510
6096	620995	Dev_Red_Dragon_HorseArmor_Stirrup		dev	dev mount-gear tier-5	5	5056
6097	620996	Dev_Red_Dragon_HorseArmor_Armor		dev	dev mount-gear tier-4	4	5150
6098	620994	Dev_Red_Dragon_HorseArmor_Saddle		dev	dev mount-gear tier-5	5	2340
6099	1000261	WarRobot_Body_01	A.T.A.G. Plating Mk I	vehicle-part	atag equipment no-discard no-sell tier-5 vehicle-part	5	1000
6100	1001094	WarRobot_Body_02	A.T.A.G. Plating Mk II	vehicle-part	atag equipment no-discard no-sell tier-5 vehicle-part	5	3000
6101	1000758	WarRobot_Body_03	A.T.A.G. Plating Mk III	vehicle-part	atag equipment no-discard no-sell tier-5 vehicle-part	5	5000
6102	1000475	WarRobot_Backpack_01	A.T.A.G. Thrusterpack Mk I	vehicle-part	atag equipment no-discard no-sell tier-5 vehicle-part	5	1000
6103	1001095	WarRobot_Backpack_02	A.T.A.G. Thrusterpack Mk II	vehicle-part	atag equipment no-discard no-sell tier-5 vehicle-part	5	3000
6104	1001068	WarRobot_Backpack_03	A.T.A.G. Thrusterpack Mk III	vehicle-part	atag equipment no-discard no-sell tier-5 vehicle-part	5	5000
6105	1001429	WarRobot_Foot_01	A.T.A.G. Boots Mk I	vehicle-part	atag equipment no-discard no-sell tier-5 vehicle-part	5	1000
6106	1001096	WarRobot_Foot_02	A.T.A.G. Boots Mk II	vehicle-part	atag equipment no-discard no-sell tier-5 vehicle-part	5	3000
6107	1000855	WarRobot_Foot_03	A.T.A.G. Boots Mk III	vehicle-part	atag equipment no-discard no-sell tier-5 vehicle-part	5	5000
6108	1002744	WarRobot_Fist_01	A.T.A.G. Fist	vehicle-part	atag equipment no-discard no-sell tier-5 vehicle-part	5	3500
6109	1002743	WarRobot_Cannon_01	A.T.A.G. Cannon	vehicle-part	atag equipment no-discard no-sell tier-5 vehicle-part	5	3500
6110	1002503	WarRobot_Laser_01	A.T.A.G. Laser	vehicle-part	atag equipment no-discard no-sell tier-5 vehicle-part	5	3500
6111	1001923	WarRobot_RepairTool_01_L	A.T.A.G. Pincers	vehicle-part	atag equipment no-discard no-sell tier-5 vehicle-part	5	3500
6112	1002745	WarRobot_Gatling_01	A.T.A.G. Machine Gun	vehicle-part	atag equipment no-discard no-sell tier-5 vehicle-part	5	3500
6113	1002501	WarRobot_FlameThrower_01	A.T.A.G. Flamespitter	vehicle-part	atag docking equipment no-discard no-sell tier-5 vehicle-part	5	3500
6114	1002099	WarRobot_RepairTool_01_R	A.T.A.G. Welder	vehicle-part	atag equipment no-discard no-sell tier-5 vehicle-part	5	3500
6115	1002269	Dragon_Armor_01	Abyssal Dragon Armor	mount-gear	equipment mount-gear no-discard no-sell tier-5 vehicle-part	5	10000
6116	1511009	Kritha_HorseArmor_Armor	Calphadean Barding	mount-gear	equipment mount-gear tier-2	2	821
6117	1511011	Orjekel_HorseArmor_Armor	Varnian Barding	mount-gear	equipment mount-gear tier-2	2	821
6118	1002121	Wells_HorseArmor_Armor	Wells Military Barding	mount-gear	equipment mount-gear tier-4	4	5150
6119	1002078	Hagmundt_HorseArmor_Armor	Hagmund Barding	mount-gear	equipment mount-gear tier-5	5	8500
6120	1511015	Wagon_HorseArmor_Armor	Wagon Barding	mount-gear	equipment mount-gear tier-1	1	174
6121	1000773	Wagon_HorseArmor_Armor_II	Wagon Barding II	mount-gear	equipment mount-gear tier-1	1	174
6122	1511013	Demeniss_Soldier_HorseArmor_Armor	Demenissian Soldier's Cloth Barding	mount-gear	equipment mount-gear tier-1	1	153
6123	1511014	Hernand_Soldier_HorseArmor_Armor	Hernandian Soldier's Cloth Barding	mount-gear	equipment mount-gear tier-1	1	153
6124	1001938	Delesian_Soldier_HorseArmor_Armor	Delesyian Soldier's Cloth Barding	mount-gear	equipment mount-gear tier-1	1	153
6125	1002850	Grenvar_HorseArmor_Armor	Grenbar Cloth Barding	mount-gear	equipment mount-gear tier-2	2	343
6126	1002851	Cernos_HorseArmor_Armor	Cernos Barding	mount-gear	equipment mount-gear tier-3	3	693
6127	1512006	Desert_HorseArmor_Helm	Sahareum Champron	mount-gear	equipment mount-gear tier-1	1	106
6128	1512012	Demeniss_HorseArmor_Helm	Demenissian Champron	mount-gear	equipment mount-gear tier-2	2	103
6129	1512011	Orjekel_HorseArmor_Helm	Varnian Champron	mount-gear	equipment mount-gear tier-2	2	103
6130	1002806	Varken_HorseArmor_Helm	Varken Champron	mount-gear	equipment mount-gear tier-2	2	260
6131	1512010	Hernand_HorseArmor_Helm	Hernandian Champron	mount-gear	equipment mount-gear tier-3	3	366
6132	1001419	Rosvar_HorseArmor_Helm	Rosbar Champron	mount-gear	equipment mount-gear tier-3	3	366
6133	1000427	Bellac_HorseArmor_Helm	Velok Champron	mount-gear	equipment mount-gear tier-3	3	366
6134	64382088	Marni_HorseArmor_Helm	Wells Military Champron	mount-gear	equipment mount-gear tier-4	4	1510
6135	1512007	Berkei_HorseArmor_Helm	Berkei Champron	mount-gear	equipment mount-gear tier-4	4	1510
6136	1512008	Delesian_HorseArmor_Helm	Delesyian Champron	mount-gear	equipment mount-gear tier-5	5	7167
6137	1002197	Hagmundt_HorseArmor_Helm	Hagmund Champron	mount-gear	equipment mount-gear tier-5	5	7167
6138	1513000	Old_HorseArmor_Saddle	Shabby Horse Saddle	mount-gear	equipment mount-gear tier-1	1	168
6139	1001812	Troopers_HorseArmor_Saddle_I	Wells Military Saddle	mount-gear	equipment mount-gear tier-2	2	290
6140	1513011	Orjekel_HorseArmor_Saddle	Varnian Saddle	mount-gear	equipment mount-gear tier-2	2	386
6141	1001070	Delmar_HorseArmor_Saddle	Delmar Saddle	mount-gear	equipment mount-gear tier-2	2	386
6142	1513006	Desert_HorseArmor_Saddle	Sahareum Saddle	mount-gear	equipment mount-gear tier-3	3	776
6143	1001098	Servano_HorseArmor_Saddle	Servano Saddle	mount-gear	equipment mount-gear tier-3	3	776
6144	1513007	Berkei_HorseArmor_Saddle	Berkei Saddle	mount-gear	equipment mount-gear tier-4	4	1873
6145	1513010	Hernand_HorseArmor_Saddle	Hernandian Saddle	mount-gear	equipment mount-gear tier-4	4	673
6146	1001761	Branik_HorseArmor_Saddle	Branique Saddle	mount-gear	equipment mount-gear tier-4	4	673
6147	1513008	Delesian_HorseArmor_Saddle	Delesyian Saddle	mount-gear	equipment mount-gear tier-5	5	5020
6148	1513012	Demeniss_HorseArmor_Saddle	Demenissian Saddle	mount-gear	equipment mount-gear tier-5	5	2340
6149	1002173	Hagmundt_HorseArmor_Saddle	Hagmund Saddle	mount-gear	equipment mount-gear tier-5	5	2340
6150	1003288	HorseShoe_HorseArmor_Shabby_horseshoe_II	Shabby Horseshoes	mount-gear	equipment mount-gear tier-1	1	43
6151	1000592	HorseShoe_HorseArmor_Shoe_I	Ironstone Horseshoes	mount-gear	equipment mount-gear tier-1	1	43
6152	1003287	HorseShoe_HorseArmor_Brass_horseshoe_II	Bronze Horseshoes	mount-gear	equipment mount-gear tier-2	2	86
6153	1515001	HorseShoe_HorseArmor_Shoe	Silver Iron Horseshoes	mount-gear	equipment mount-gear tier-2	2	86
6154	1003655	HorseShoe_HorseArmor_Steel_Horseshoe_II	Steel Horseshoes	mount-gear	equipment mount-gear tier-3	3	273
6155	1003656	HorseShoe_HorseArmor_Silvermoon_Horseshoe_II	Silvermoon Horseshoes	mount-gear	equipment mount-gear tier-3	3	273
6156	1000593	HorseShoe_HorseArmor_Shoe_II	Bow Knot Horseshoes	mount-gear	equipment mount-gear tier-4	4	1220
6157	1000594	HorseShoe_HorseArmor_Shoe_III	Steelheart Horseshoes	mount-gear	equipment mount-gear tier-4	4	1220
6158	1003289	HorseShoe_HorseArmor_Clover_Horseshoe_II	Four-Leaf Horseshoes	mount-gear	equipment mount-gear tier-5	5	5410
6159	1000586	HorseShoe_HorseArmor_Stirrup	Crude Stirrups	mount-gear	equipment mount-gear tier-1	1	186
6160	1000590	HorseShoe_HorseArmor_Stirrup_IV	Fine Leather Stirrups	mount-gear	equipment mount-gear tier-1	1	137
6161	1514006	Desert_HorseArmor_Stirrup	Sahareum Stirrups	mount-gear	equipment mount-gear tier-2	2	286
6162	1514009	Kritha_HorseArmor_Stirrup	Calphadean Stirrups	mount-gear	equipment mount-gear tier-2	2	361
6163	1514011	Orjekel_HorseArmor_Stirrup	Varnian Stirrups	mount-gear	equipment mount-gear tier-2	2	361
6164	1514012	Demeniss_HorseArmor_Stirrup	Demenissian Stirrups	mount-gear	equipment mount-gear tier-2	2	361
6165	1000481	Marni_HorseArmor_Stirrup	Marni Stirrups	mount-gear	equipment mount-gear tier-3	3	967
6166	1000587	HorseShoe_HorseArmor_Stirrup_I	Wells Military Stirrups	mount-gear	equipment mount-gear tier-3	3	967
6167	1514010	Hernand_HorseArmor_Stirrup	Hernandian Stirrups	mount-gear	equipment mount-gear tier-3	3	967
6168	1002770	HorseShoe_HorseArmor_marquel_Stirrup	Marcello Stirrups	mount-gear	equipment mount-gear tier-3	3	967
6169	1514008	Delesian_HorseArmor_Stirrup	Delesyian Stirrups	mount-gear	equipment mount-gear tier-4	4	1551
6170	1514007	Berkei_HorseArmor_Stirrup	Berkei Stirrups	mount-gear	equipment mount-gear tier-4	4	1551
6171	1000589	HorseShoe_HorseArmor_Stirrup_III	Gilded Stirrups	mount-gear	equipment mount-gear tier-4	4	1551
6172	1000588	HorseShoe_HorseArmor_Stirrup_II	Decorative Dragon Head Stirrups	mount-gear	equipment mount-gear tier-5	5	5056
6173	1004406	Warthog_Armor	Warthog Saddle	mount-gear	equipment mount-gear tier-0	0	250
6174	1004397	Bear_Armor	Bear Saddle	mount-gear	equipment mount-gear tier-0	0	300
6175	1004398	Wolf_Armor	Wolf Saddle	mount-gear	equipment mount-gear tier-0	0	210
6176	1004399	GiantIguana_Armor	Giant Iguana Saddle	mount-gear	equipment mount-gear tier-0	0	240
6177	1004400	carmabirdsaurus_Armor	Raptor Saddle	mount-gear	equipment mount-gear tier-0	0	170
6178	1004401	KuKubird_Armor	Kuku Bird Hatchling Saddle	mount-gear	equipment kuku-gear mount-gear tier-0	0	3800
6179	1004402	KuKubird_Armor_I	Kuku Bird Saddle	mount-gear	equipment kuku-gear mount-gear tier-0	0	2800
6180	1004431	KuKubird_Helm	Kuku Bird Eggshell	mount-gear	equipment kuku-gear mount-gear tier-0	0	386
6181	1004403	deer_Armor	Deer Saddle	mount-gear	equipment mount-gear tier-0	0	150
6182	1004404	AlpineIbex_Armor	Ibex Saddle	mount-gear	equipment mount-gear tier-0	0	180
6183	1004405	Camel_Armor	Embroidered Camel Saddle	mount-gear	equipment mount-gear tier-0	0	2800
6184	1004446	wyvern_Armor	Wyvern Saddle	mount-gear	equipment mount-gear tier-0	0	4300
6185	53016	Item_Kuku_Pot	Kuku Pot	kuku-pot	important knowledge kuku-gear kuku-pot no-sell tier-0	0	1
6186	1002182	Item_Kuku_Pot_02	Enhanced Kuku Pot	kuku-pot	important kuku-gear kuku-pot no-sell tier-0	0	1
6187	1002132	Item_KuKu_Small_ATAG	Small Kuku A.T.A.G.	kuku-pot	kuku-gear kuku-pot no-discard no-sell tier-0	0	1
6188	1000374	KuKu_Pot_TwoHandSpear	Kuku Spear	weapon	docking equipment important kuku-gear no-sell npc-weapon-pool spear tier-4 two-hand weapon	4	1
6189	1002175	KuKu_Lightning_TwoHandSpear	Kuku Lightning Spear	weapon	docking equipment extractable important kuku-gear no-sell npc-weapon-pool spear tier-4 two-hand weapon	4	1
6190	1002176	KuKu_Fire_staff_spear_TwoHandSpear	Kuku Flame Spear	weapon	docking equipment extractable important kuku-gear no-sell npc-weapon-pool spear tier-4 two-hand weapon	4	1
6191	1001953	KuKu_Bismuth_TwoHandSpear	Kuku Bismuth Spear	weapon	docking equipment extractable important kuku-gear no-sell npc-weapon-pool spear tier-4 two-hand weapon	4	1
6192	1002177	KuKu_Wind_TwoHandSpear	Kuku Propeller Spear	weapon	docking equipment extractable important kuku-gear no-sell npc-weapon-pool spear tier-4 two-hand weapon	4	1
6193	1002178	KuKu_EMP_TwoHandSpear	Kuku Disruptor Spear	weapon	docking equipment extractable important kuku-gear no-sell npc-weapon-pool spear tier-4 two-hand weapon	4	1
6194	1002179	Kuku_YamatoCannon_TwoHandSpear	Kuku Laser Cannon Spear	weapon	docking equipment extractable important kuku-gear no-sell npc-weapon-pool spear tier-4 two-hand weapon	4	1
6195	1001299	JumpUp_Boots	Kuku Breeze-Step Boots	boots	armor boots docking equipment extractable important kuku-gear no-sell tier-4	4	1
6196	1000316	Riesi_Boots_Upgrade	Kuku Rishi's Boots	boots	armor boots docking equipment extractable important kuku-gear no-sell tier-5	5	1
6197	1002284	Marni_Laser_Helm_Upgrade	Kuku Marni Laser Helm	helm	armor docking equipment extractable helm important kuku-gear no-sell tier-4	4	1
6198	1002285	Titan_PlateArmor_Armor_Upgrade	Kuku Lightning-Resistant Armor	body-armor	armor body-armor docking equipment extractable important kuku-gear no-sell tier-5	5	1
6199	1002286	Paphneil_PlateArmor_Armor_Upgrade	Kuku Flame-Resistant Armor	body-armor	armor body-armor docking equipment extractable important kuku-gear no-sell tier-5	5	1
6200	1002287	king_LostPeople_PlateArmor_Armor_Upgrade	Kuku Ice-Resistant Armor	body-armor	armor body-armor docking equipment extractable important kuku-gear no-sell tier-5	5	1
6201	1002130	Kuku_Pot_BackPack	Kuku Pack	accessory	accessory backpack docking equipment important kuku-gear no-sell tier-1	1	1
6202	1002136	Kuku_EMP_Enhance_BackPack	Enhanced Kuku Disruptor	accessory	accessory backpack docking equipment important kuku-gear no-sell tier-3	3	1
6203	1002137	Kuku_Drone_Backpack	Kuku Watcher Pack	accessory	accessory backpack docking equipment important kuku-gear no-sell tier-3	3	1
6204	1001435	Oongka_Rocket_BackPack	Kuku Rocket Pack	accessory	accessory backpack docking equipment important kuku-gear no-sell tier-2	2	1
6205	1000975	Oongka_Rocket_Helm	Kuku Rocket Helmet - Equipped by Default	accessory	accessory backpack docking equipment hidden-equip important kuku-gear no-sell tier-1	1	1
6206	1000528	Plant_Collect_BackPack	Kuku Gardening Pack	accessory	accessory backpack docking equipment important kuku-gear no-sell tier-3	3	1
6207	1000845	Insect_Collect_BackPack	Kuku Insect Gatherer's Pack	accessory	accessory backpack docking equipment important kuku-gear no-sell tier-3	3	1
6208	1002180	Kuku_FlameThrower	Kuku Flamespitter	accessory	accessory backpack docking equipment important kuku-gear no-sell thrower tier-3	3	1
6209	1002181	Kuku_IceThrower	Kuku Frostspitter	accessory	accessory backpack docking equipment important kuku-gear no-sell thrower tier-3	3	1
6210	1003259	Kuku_LightningThrower	Kuku Boltspitter	accessory	accessory backpack docking equipment important kuku-gear no-sell thrower tier-3	3	1
6211	1000424	KuKu_Golden999K	Kuku Transmission 999K Pack	accessory	accessory backpack equipment important kuku-gear no-sell tier-3	3	1
6212	1001091	Dragon_Armor_Material	Abyssal Fusion	treasure	important kuku-gear no-sell tier-0 treasure wild	0	1
6213	1000760	PetArmor_Musket_Helm_Cat	Uniform Cat Hat	pet-gear	equipment pet-gear tier-0	0	240
6214	1000118	PetArmor_backpack_Helm_Cat	Peddler Cat Hat	pet-gear	equipment pet-gear tier-0	0	240
6215	1000006	PetArmor_Plate_Helm_Cat	Cat Plate Helm	pet-gear	equipment pet-gear tier-0	0	240
6216	1003924	PetArmor_Marni_Helm	Cat Visionette	pet-gear	equipment pet-gear tier-0	0	1000
6217	1000757	PetArmor_Musket_Armor_Cat	Uniform Cat Outfit	pet-gear	equipment pet-gear tier-0	0	240
6218	1000768	PetArmor_backpack_Armor_Cat	Peddler Cat Outfit	pet-gear	equipment pet-gear tier-0	0	240
6219	1000014	PetArmor_Plate_Armor_Cat	Cat Plate Armor	pet-gear	equipment pet-gear tier-0	0	240
6220	1003925	PetArmor_Marni_Armor	Cat Visionette Neckerchief	pet-gear	equipment pet-gear tier-0	0	800
6221	1003929	Pet_Bond_Amulet	Sigil of Bonding	pet-gear	equipment pet-gear tier-0	0	800
6222	1002048	PetArmor_Plate_Helm_Dog	Puppy Plate Helm	pet-gear	equipment pet-gear tier-0	0	240
6223	1001437	PetArmor_Rescue_Armor_Dog	Rescue Puppy Outfit	pet-gear	equipment pet-gear tier-0	0	240
6224	1002049	PetArmor_Plate_Armor_Dog	Puppy Plate Armor	pet-gear	equipment pet-gear tier-0	0	240
6225	1004287	Pet_Attackable_Amulet	Sigil of Valor	pet-gear	equipment pet-gear tier-0	0	800
6226	1004315	Pet_Huntable_Amulet	Hunter's Sigil	pet-gear	equipment pet-gear tier-0	0	800
6227	1004516	PetArmor_Helm_Cucubirdbaby	Small Kuku Bird Eggshell	pet-gear	equipment pet-gear tier-0	0	240
6228	1004502	PetArmor_Fabric_Helm_WyvernBaby	Small Wyvern Aviator Hat	pet-gear	equipment pet-gear tier-0	0	1903
6229	950002	Equip_Felling_Axe	Logging Axe	tool	equipment extractable knowledge tier-0 tool	0	29
6230	1000155	Equip_Felling_Axe_I	Fine Logging Axe	tool	equipment extractable knowledge tier-0 tool	0	29
6231	1000737	Equip_Felling_Axe_II	Olvald's Logging Axe	tool	equipment extractable knowledge tier-0 tool	0	1320
6232	950003	Equip_Shovel	Shovel	tool	equipment extractable knowledge tier-0 tool	0	26
6233	950004	Equip_Pickaxe	Pickaxe	tool	equipment extractable knowledge tier-0 tool	0	31
6234	1001683	Equip_Pickaxe_I	Fine Pickaxe	tool	equipment extractable knowledge tier-0 tool	0	31
6235	1002599	Equip_Pickaxe_II	Bernor's Pickaxe	tool	equipment extractable knowledge tier-0 tool	0	1210
6236	950005	Equip_Iron_Chain	Pitchfork	tool	equipment extractable knowledge tier-0 tool	0	23
6237	950006	Equip_Rake	Rake	tool	equipment extractable knowledge tier-0 tool	0	25
6238	1000149	Equip_WoodRake	Wooden Rake	tool	equipment extractable knowledge tier-0 tool	0	27
6239	1002093	Equip_TriRake	Wooden Pitchfork	tool	equipment extractable knowledge tier-0 tool	0	28
6240	950007	Equip_Hoe	Hoe	tool	equipment extractable knowledge tier-0 tool	0	20
6241	950008	Equip_Large_Agricultural_Sickle	Large Farming Scythe	tool	equipment extractable knowledge tier-0 tool	0	43
6242	1002094	Equip_Large_Agricultural_Sickle_1	Large Farming Rake Scythe	tool	equipment extractable knowledge tier-0 tool	0	45
6243	950010	Equip_Work_Hammer	Mallet	tool	equipment extractable knowledge tier-0 tool	0	26
6244	11001	FishingRod	Fishing Rod	tool	docking equipment knowledge tier-0 tool	0	15
6245	1000639	FishingRod_II	Fine Fishing Rod	tool	docking equipment knowledge tier-0 tool	0	3000
6246	1000640	FishingRod_III	Pororin Fishing Rod	tool	docking equipment knowledge tier-0 tool	0	5000
6247	1000088	ItemCatch_FishingRod	The Claw	tool	docking equipment knowledge tier-0 tool	0	185
6248	950001	Equip_Broom	Broom	tool	equipment extractable knowledge tier-0 tool	0	58
6249	1003848	Equip_Sturdy_Broom	Sturdy Broom	tool	equipment knowledge tier-0 tool	0	85
6250	10026	Lantern	Lantern	tool	docking equipment lantern tier-0 tool	0	10
6251	10043	Light_Of_Giant_Lantern	Shiny Blue Sea Lantern	tool	docking equipment lantern tier-0 tool	0	240
6252	10045	DeerKing_Lantern	Fancy Flame-Patterned Lantern	tool	docking equipment lantern tier-0 tool	0	240
6253	10046	RedNose_Lantern	Dark Fog Lantern	tool	docking equipment lantern tier-0 tool	0	240
6254	10047	Mjordin_Lantern	Flame Lantern	tool	docking equipment lantern tier-0 tool	0	240
6255	1001849	Wood_Lantern	Wooden Lantern	tool	docking equipment lantern tier-0 tool	0	240
6256	1000858	FireFly_Lantern	Firefly Lantern	tool	docking equipment lantern tier-0 tool	0	240
6257	1345841793	Pot_Head	Jar	tool	goods npc-tool tier-0 tool	0	98
6258	200014	Torch	Torch	tool	goods npc-tool tier-0 tool torch	0	85
6259	950013	Equip_Drum	Small Drum	tool	goods npc-tool tier-0 tool	0	85
6260	950012	Equip_Trumpet	Trumpet	tool	goods npc-tool tier-0 tool	0	98
6261	607613578	BucketHeavy	Heavy Bucket	tool	goods npc-tool tier-0 tool	0	15
6262	1375302422	FlatBasket	Wide Basket	tool	goods npc-tool tier-0 tool	0	15
6263	1504916963	PriestWand_Big	Solumen Priest's Big Staff	tool	goods npc-tool tier-0 tool	0	98
6264	1000967	PriestWand_Big_III	Varnian Priest's Big Staff	tool	goods npc-tool tier-0 tool	0	98
6265	1000691	Equip_Stick	Walking Cane	tool	goods npc-tool tier-0 tool	0	98
6266	757125333	Crutch	Crutch	tool	goods npc-tool tier-0 tool	0	15
6267	950009	Equip_Saw	Saw	tool	goods npc-tool tier-0 tool	0	34
6268	1004549	Witch_WingFan_01	Desert Journey Fan	tool	fan goods npc-tool tier-1 tool	1	1300
6269	1004550	Witch_WingFan_02	Fan of Proposal	tool	fan goods npc-tool tier-1 tool	1	1412
6270	1004551	Witch_WingFan_03	Fan of Spring Memories	tool	fan goods npc-tool tier-1 tool	1	1247
6271	1004552	Witch_WingFan_04	Fan of Coastal Life	tool	fan goods npc-tool tier-1 tool	1	1326
6272	1004553	Witch_WingFan_05	Fan of Demeniss Landscape	tool	fan goods npc-tool tier-1 tool	1	1567
6273	1004554	Witch_WingFan_06	Fan of Marital Dignity	tool	fan goods npc-tool tier-1 tool	1	1234
6274	1004555	Witch_WingFan_07	Fan of Leisure	tool	fan goods npc-tool tier-1 tool	1	1115
6275	1004556	Witch_WingFan_08	Fan of Bitter Love	tool	fan goods npc-tool tier-1 tool	1	1843
6276	1004557	Witch_WingFan_09	Fan of Secret Garden	tool	fan goods npc-tool tier-1 tool	1	1241
6277	1004558	Witch_WingFan_10	Fan of Noble Lady's Rest	tool	fan goods npc-tool tier-1 tool	1	1357
6278	410008	Angry_Wave_Ring_Drill	Furious Waves Gauntlet	weapon	equipment fist one-hand tier-4 weapon	4	4860
6279	410009	Ironfist_Boss_Knuckle	Iron Fists Gauntlet	weapon	equipment fist one-hand tier-4 weapon	4	4860
6280	1001523	Item_Fist_Kliff	Ordinary Gloves	weapon	fist no-sell tier-1 weapon	1	1
6281	1003687	Item_Fist_Damian	Ordinary Gloves	weapon	fist no-sell tier-1 weapon	1	1
6282	1003688	Item_Fist_Oongka	Ordinary Gloves	weapon	fist no-sell tier-1 weapon	1	1
6283	1001294	Mining_Drill	Mining Knuckledrill	weapon	docking drill equipment extractable npc-weapon-pool one-hand tier-2 weapon	2	324
6284	1000171	Demeniss_Chainsaw	Demenissian Chainsaw	weapon	chainsaw docking equipment extractable npc-weapon-pool one-hand tier-3 weapon	3	196
6285	410004	Giant_Copper_Drill	Copper Knuckledrill	weapon	drill equipment npc-weapon-pool one-hand tier-3 weapon	3	196
6286	1000022	Diver_Steel_Drill	Diver's Machine Knuckledrill	weapon	drill equipment npc-weapon-pool one-hand tier-2 weapon	2	324
6287	410011	Muscan_Ghost_Fist	Muskan's Upper Body Clone	dev	dev equipment fist no-sell one-hand tier-1 weapon	1	1
6288	410012	Muscan_Ghost_Fist_I	Muskan's Lower Body Clone	dev	dev equipment fist no-sell one-hand tier-1 weapon	1	1
6289	12600	Legendary_CaptainGoblin_OneHandAxe	Double-Headed Axe of Greed	weapon	axe docking equipment extractable important npc-weapon-pool one-hand tier-5 weapon	5	1800
6290	210029	Rhias_OneHandAxe	Rhias's Axe	weapon	axe docking equipment extractable npc-weapon-pool one-hand tier-4 weapon	4	1260
6291	210057	Gainarre_OneHandAxe	Leofric Double-Headed Axe	weapon	axe docking equipment extractable npc-weapon-pool one-hand tier-4 weapon	4	1260
6292	210059	Tainsel_OneHandAxe	Black Iron Axe	weapon	axe docking equipment extractable npc-weapon-pool one-hand tier-4 weapon	4	1260
6293	210077	Parachu_OneHandAxe	Parashu Axe	weapon	axe docking equipment extractable npc-weapon-pool one-hand tier-3 weapon	3	720
6294	210079	Gahlatain_OneHandAxe	Ring of the Earth	weapon	axe docking equipment extractable npc-weapon-pool one-hand tier-3 weapon	3	720
6295	210035	Diancia_OneHandAxe	Kylus Axe	weapon	axe docking equipment extractable npc-weapon-pool one-hand tier-3 weapon	3	720
6296	210045	Tardik_OneHandAxe	Tardik Axe	weapon	axe docking equipment extractable npc-weapon-pool one-hand tier-3 weapon	3	720
6297	210051	Delonde_OneHandAxe	Delonde Axe	weapon	axe docking equipment extractable npc-weapon-pool one-hand tier-3 weapon	3	720
6298	210075	Tirone_OneHandAxe	Crow Brothers Axe	weapon	axe docking equipment extractable npc-weapon-pool one-hand tier-3 weapon	3	720
6299	210009	Erkeney_OneHandAxe	Lanford Axe	weapon	axe docking equipment extractable npc-weapon-pool one-hand tier-3 weapon	3	720
6300	210011	Lanpheldt_OneHandAxe	Lambert Axe	weapon	axe docking equipment extractable npc-weapon-pool one-hand tier-2 weapon	2	360
6301	210013	Harkias_OneHandAxe	Gilliam Axe	weapon	axe docking equipment extractable npc-weapon-pool one-hand tier-2 weapon	2	360
6302	210023	Maeve_OneHandAxe	Maeve Axe	weapon	axe docking equipment extractable npc-weapon-pool one-hand tier-2 weapon	2	360
6303	210071	Crudell_OneHandAxe	Timberham Axe	weapon	axe docking equipment extractable npc-weapon-pool one-hand tier-1 weapon	1	180
6304	210003	Bekker_OneHandAxe	Bekker Axe	weapon	axe docking equipment extractable npc-weapon-pool one-hand tier-1 weapon	1	180
6305	210080	Big_Horn_Tiger_OneHandAxe	Silverwolf Axe	weapon	axe docking equipment extractable important no-sell npc-weapon-pool one-hand tier-3 weapon	3	1
6306	1578535467	Legendary_GoldStar_OneHandCannon	Golden Fire	weapon	blaster equipment extractable important npc-weapon-pool ranged tier-5 weapon	5	1620
6307	9502	Legendary_MarniDragon_OneHandCannon	Mechanical Clockwork Blaster	weapon	blaster equipment extractable important npc-weapon-pool ranged tier-5 weapon	5	1620
6308	9508	DragonSlayerLeader_OneHandCannon	Wyvern Blaster	weapon	blaster equipment extractable important npc-weapon-pool ranged tier-4 weapon	4	1134
6309	410002	Volcanic_OneHandCannon	Volcanic Blaster	weapon	blaster equipment extractable important npc-weapon-pool ranged tier-4 weapon	4	1134
6310	1001039	Legendary_Abyss_OneHandCannon	Sior Blaster	weapon	blaster equipment extractable important npc-weapon-pool ranged tier-5 weapon	5	1620
6311	9501	Legendary_MarniTank_OneHandCannon	Marni Tank Blaster	weapon	blaster equipment extractable important npc-weapon-pool ranged tier-4 weapon	4	1134
6312	9507	Legendary_Marni_OneHandCannon	Blaster No. 8	weapon	blaster equipment extractable important npc-weapon-pool ranged tier-4 weapon	4	1134
6313	1675016614	ReinforcedSteel_OneHandCannon	Reinforced Steel Blaster	weapon	blaster equipment extractable npc-weapon-pool ranged tier-3 weapon	3	648
6314	1675016613	Steel_OneHandCannon	Steel Blaster	weapon	blaster equipment extractable npc-weapon-pool ranged tier-2 weapon	2	324
6315	1675016612	Orc_OneHandCannon	Orc Blaster	weapon	blaster equipment extractable important no-sell npc-weapon-pool ranged tier-1 weapon	1	1
6316	12900	Legendary_Shakatu_OneHandDagger	Goblin King's Treasure Dagger	weapon	dagger equipment extractable important npc-weapon-pool tier-5 weapon	5	910
6317	1000756	Legendary_Kings_OneHandDagger	King's Dagger	weapon	dagger equipment extractable important npc-weapon-pool tier-5 weapon	5	910
6318	231000	Dragon_OneHandDagger	Aeserion Dagger	weapon	dagger equipment extractable important npc-weapon-pool tier-5 weapon	5	910
6319	230063	DarkLeader_OneHandDagger	Dagger of Dark Pursuit	weapon	dagger equipment extractable npc-weapon-pool tier-4 weapon	4	637
6320	230059	Charphnir_OneHandDagger	Alabaster Dagger	weapon	dagger equipment extractable npc-weapon-pool tier-3 weapon	3	364
6321	230065	Durion_OneHandDagger	Crow Brothers Dagger	weapon	dagger equipment extractable npc-weapon-pool tier-3 weapon	3	364
6322	230073	Ceremonial_OneHandDagger	Ator's Finger	weapon	dagger equipment extractable npc-weapon-pool tier-3 weapon	3	364
6323	230901	Batz_OneHandDagger	Kylus Dagger	weapon	dagger equipment extractable npc-weapon-pool tier-3 weapon	3	364
6324	230003	Noname_OneHandDagger	Varnian Dagger	weapon	dagger equipment extractable npc-weapon-pool tier-2 weapon	2	182
6325	230905	Rikisis_OneHandDagger	Sydmon Dagger	weapon	dagger equipment extractable npc-weapon-pool tier-2 weapon	2	182
6326	230909	Dukesan_OneHandDagger	Delesyian Dagger	weapon	dagger equipment extractable npc-weapon-pool tier-2 weapon	2	182
6327	230911	Riurian_OneHandDagger	Dekarr Dagger	weapon	dagger equipment extractable npc-weapon-pool tier-2 weapon	2	182
6328	230917	Aurio_OneHandDagger	Pailunese Riteblade	weapon	dagger equipment extractable npc-weapon-pool tier-1 weapon	1	91
6329	230029	Rusty_Hagwood_OneHandDagger	Bekker Dagger	weapon	dagger equipment extractable npc-weapon-pool tier-1 weapon	1	91
6330	1001136	Bastion_OneHandMace	Mace of Ambition	weapon	docking equipment extractable important mace npc-weapon-pool one-hand tier-4 weapon	4	1064
6331	1000237	Silver_Armor_OneHandMace	Mace of Betrayal	weapon	docking equipment extractable important mace npc-weapon-pool one-hand tier-3 weapon	3	608
6332	13201	Legendary_MarniRegion_OneHandMace	Marni Devotee's Mace	weapon	docking equipment extractable important mace npc-weapon-pool one-hand tier-5 weapon	5	1520
6333	13202	Legendary_StephenBleed_OneHandMace	Mace of Resolve	weapon	docking equipment extractable important mace npc-weapon-pool one-hand tier-5 weapon	5	1520
6334	220002	Kadel_OneHandMace	Kadel Mace	weapon	docking equipment extractable mace npc-weapon-pool one-hand tier-5 weapon	5	1520
6335	221000	Dragon_OneHandMace	Aeserion Mace	weapon	docking equipment extractable important mace npc-weapon-pool one-hand tier-5 weapon	5	1520
6336	220006	Maeve_OneHandMace	Marching Baton	weapon	docking equipment extractable mace npc-weapon-pool one-hand tier-4 weapon	4	1064
6337	220008	Lyfellen_OneHandMace	Frozen Soul	weapon	docking equipment extractable mace npc-weapon-pool one-hand tier-4 weapon	4	1064
6338	1000184	Triden_OneHandMace	Artisan's Hand	weapon	docking equipment extractable mace npc-weapon-pool one-hand tier-4 weapon	4	1064
6339	1000238	AbyssReward_Desert_OneHandMace	Desert Hammer	weapon	docking equipment extractable mace npc-weapon-pool one-hand tier-4 weapon	4	1064
6340	1000460	Drakhan_OneHandMace	Drakhan Hammer	weapon	docking equipment extractable mace npc-weapon-pool one-hand tier-4 weapon	4	1064
6341	220012	Orc_Warrior_OneHandMace	Octarr's Legacy	weapon	docking equipment extractable mace npc-weapon-pool one-hand tier-3 weapon	3	608
6342	13200	Hexe_Soldier_OneHandMace	Mace of the Fleeting	weapon	docking equipment extractable mace npc-weapon-pool one-hand tier-1 weapon	1	608
6343	220004	Kordaav_OneHandMace	Kordaav Mace	weapon	docking equipment extractable mace npc-weapon-pool one-hand tier-3 weapon	3	608
6344	220007	Trosdern_OneHandMace	Lanford Mace	weapon	docking equipment extractable mace npc-weapon-pool one-hand tier-3 weapon	3	608
6345	220021	Tyrendhal_OneHandMace	Alabaster Mace	weapon	docking equipment extractable mace npc-weapon-pool one-hand tier-3 weapon	3	608
6346	1000465	Bourgogne_OneHandMace	Sorcerer's Massage Stick	weapon	docking equipment extractable mace npc-weapon-pool one-hand tier-3 weapon	3	608
6347	1001063	Goorba_OneHandMace	Saltroad Mace	weapon	docking equipment extractable mace npc-weapon-pool one-hand tier-3 weapon	3	608
6348	1001146	Cecilia_Kokes_OneHandMace	Acorn Mace	weapon	docking equipment extractable mace npc-weapon-pool one-hand tier-3 weapon	3	608
6349	1001148	Turden_OneHandMace	The Grove's Thorn	weapon	docking equipment extractable mace npc-weapon-pool one-hand tier-3 weapon	3	608
6350	1001149	Archsyan_OneHandMace	Odeck Wooden Club Mace	weapon	docking equipment extractable mace npc-weapon-pool one-hand tier-3 weapon	3	608
6351	1001150	Pailoon_OneHandMace	Savage Woodland Spirit Killer	weapon	docking equipment extractable mace npc-weapon-pool one-hand tier-3 weapon	3	608
6352	1000461	Argen_OneHandMace	Lanford Hammer	weapon	docking equipment extractable mace npc-weapon-pool one-hand tier-3 weapon	3	608
6353	220023	Nairaden_OneHandMace	Iris Mace	weapon	docking equipment extractable mace npc-weapon-pool one-hand tier-2 weapon	2	304
6354	220018	Biryghton_OneHandMace	Wells Mace	weapon	docking equipment extractable mace npc-weapon-pool one-hand tier-2 weapon	2	304
6355	220019	Fontergear_OneHandMace	Bonepit Mace	weapon	docking equipment extractable mace npc-weapon-pool one-hand tier-2 weapon	2	304
6356	1000050	Archaia_OneHandMace	Spine of the Earth	weapon	docking equipment extractable mace npc-weapon-pool one-hand tier-2 weapon	2	304
6357	1000490	Pieren_OneHandMace	Sydmon Hammer	weapon	docking equipment extractable mace npc-weapon-pool one-hand tier-2 weapon	2	304
6358	1000494	Tyguis_OneHandMace	Entwined Red Thread Hammer	weapon	docking equipment extractable mace npc-weapon-pool one-hand tier-2 weapon	2	304
6359	1000511	Philaphy_OneHandMace	Thalwynd Hammer	weapon	docking equipment extractable mace npc-weapon-pool one-hand tier-2 weapon	2	304
6360	1000512	Slarke_OneHandMace	Dekarr Hammer	weapon	docking equipment extractable mace npc-weapon-pool one-hand tier-2 weapon	2	304
6361	220014	Bergam_OneHandMace	Rogue's Mace	weapon	docking equipment extractable mace npc-weapon-pool one-hand tier-1 weapon	1	152
6362	220022	Scarfle_OneHandMace	Balton Mace	weapon	docking equipment extractable mace npc-weapon-pool one-hand tier-1 weapon	1	152
6363	1000049	Vigil_OneHandMace	Crude Club	weapon	docking equipment extractable mace npc-weapon-pool one-hand tier-1 weapon	1	152
6364	1000513	Balton_OneHandMace	Balton Hammer	weapon	docking equipment extractable mace npc-weapon-pool one-hand tier-1 weapon	1	152
6365	1000515	Bellaon_OneHandMace	Bekker Hammer	weapon	docking equipment extractable mace npc-weapon-pool one-hand tier-1 weapon	1	152
6366	13500	Legendary_Caliburn_OneHandRapier	Royal Oath	weapon	equipment extractable important one-hand rapier tier-5 weapon	5	1530
6367	201009	Apenzel_OneHandRapier	Fallen Kingdom's Rapier	weapon	equipment extractable important one-hand rapier tier-5 weapon	5	1530
6368	1003776	Star_OneHandRapier	Sword of Starlight	weapon	equipment extractable important one-hand rapier tier-5 weapon	5	1530
6369	201005	Leone_OneHandRapier	Leonne Rapier	weapon	equipment extractable one-hand rapier tier-4 weapon	4	1071
6370	201019	Liberry_OneHandRapier	Liberre Rapier	weapon	equipment extractable one-hand rapier tier-4 weapon	4	1071
6371	201006	Renarto_OneHandRapier	Brass Rose Rapier	weapon	equipment extractable one-hand rapier tier-4 weapon	4	1071
6372	201007	Ariete_OneHandRapier	Fallen Noble's Rapier	weapon	equipment extractable one-hand rapier tier-4 weapon	4	1071
6373	201008	Volono_OneHandRapier	Volono Rapier	weapon	equipment extractable one-hand rapier tier-3 weapon	3	612
6374	201010	Marozzo_OneHandRapier	Elemore Rapier	weapon	equipment extractable one-hand rapier tier-3 weapon	3	612
6375	201014	Sestio_OneHandRapier	Rapier of Amity	weapon	equipment extractable one-hand rapier tier-3 weapon	3	612
6376	201003	Vueh_OneHandRapier	Inquisitor's Rapier	weapon	equipment extractable one-hand rapier tier-3 weapon	3	612
6377	201011	Volta_OneHandRapier	Dueling Rapier	weapon	equipment extractable one-hand rapier tier-2 weapon	2	306
6378	201012	Mynein_OneHandRapier	Gilliam Rapier	weapon	equipment extractable one-hand rapier tier-2 weapon	2	306
6379	201013	Delphoir_OneHandRapier	Lambert Rapier	weapon	equipment extractable one-hand rapier tier-2 weapon	2	306
6380	201004	Tironet_OneHandRapier	Grace Rapier	weapon	equipment extractable one-hand rapier tier-1 weapon	1	153
6381	201015	Euler_OneHandRapier	Elenore Rapier	weapon	equipment extractable one-hand rapier tier-1 weapon	1	153
6382	200901	Demian_OneHandRapier	White Wind Rapier	weapon	equipment extractable important no-sell one-hand rapier tier-2 weapon	2	1
6383	13605	Legendary_MarniTank_OneHandShield	Delesyian Ornamental Shield	shield	docking equipment extractable important shield tier-5 weapon	5	1510
6384	290026	Deer_King_Metal_OneHandShield	Staglord's Shield	shield	docking equipment extractable important shield tier-4 weapon	4	1057
6385	1001211	Bastion_OneHandShield	Black Sun	shield	docking equipment extractable important shield tier-4 weapon	4	1057
6386	1000266	Ancient_Shield	Ancient Shield	shield	docking equipment extractable important shield tier-5 weapon	5	1510
6387	1000394	Demeniss_Guard_Shield	Demeniss Royal Guard Shield	shield	docking equipment extractable important shield tier-5 weapon	5	1510
6388	1001064	Damian_OneHandShield_VII	Shield of Radiance	shield	docking equipment extractable shield tier-5 weapon	5	1510
6389	290020	Dark_King_Metal_OneHandShield	Mirror of Night	shield	docking equipment extractable shield tier-4 weapon	4	1057
6390	13901	Crafting_WhiteHorn_OneHandShield	Frostbone Shield	shield	docking equipment extractable shield tier-4 weapon	4	1057
6391	1001246	Gold_Armor_OneHandShield	Golden Shield	shield	docking equipment extractable important shield tier-4 weapon	4	1057
6392	1001027	Damian_OneHandShield_VIII	Golden Kerria Shield	shield	docking equipment extractable shield tier-4 weapon	4	1057
6393	1000657	Damian_OneHandShield_VI	Artisan's Ornamented Shield	shield	docking equipment extractable shield tier-4 weapon	4	1057
6394	1000027	Kitee_OneHandShield	Kite Shield	shield	docking equipment extractable shield tier-3 weapon	3	604
6395	1000183	Mercenary_OneHandShield	Freesword's Shield	shield	docking equipment extractable shield tier-3 weapon	3	604
6396	13600	Hexe_Soldier_OneHandShield	Shell of the Fleeting	shield	docking equipment extractable shield tier-3 weapon	3	604
6397	1001073	Desert_Abyss_Wraith_OneHandShield	Twisted Thorns	shield	docking equipment extractable shield tier-3 weapon	3	604
6398	290023	Acquirs_Wood_OneHandShield	Rising Arrow Shield	shield	docking equipment extractable shield tier-3 weapon	3	604
6399	290090	Derbid_Wood_OneHandShield	Tardik Shield	shield	docking equipment extractable shield tier-3 weapon	3	604
6400	290091	Dimphelt_Wood_OneHandShield	Dewhaven Shield	shield	docking equipment extractable shield tier-3 weapon	3	604
6401	1002842	CrimsonFlame_OneHandShield	Blazing Shield	shield	docking equipment extractable shield tier-3 weapon	3	604
6402	1002844	BlackOath_OneHandShield	Black Oath Shield	shield	docking equipment extractable shield tier-3 weapon	3	604
6403	1002847	Oathring_OneHandShield	Oath Ring Shield	shield	docking equipment extractable important shield tier-3 weapon	3	604
6404	1000090	Rattan_Wood_OneHandShield	Rattan Shield	shield	docking equipment extractable shield tier-3 weapon	3	604
6405	1000242	Ribentain_Priest_OneHandShield	Saint's Blessing	shield	docking equipment extractable shield tier-3 weapon	3	604
6406	1000395	Damian_OneHandShield_IV	Demenissian Silver-Decorated Shield	shield	docking equipment extractable shield tier-3 weapon	3	604
6407	290014	Rush_Storm_Wood_OneHandShield	Iris Shield	shield	docking equipment extractable shield tier-3 weapon	3	604
6408	290114	Demeniss_Soldier_Kitee_Metal_OneHandShield_I	Demenissian Shield of Valor	shield	docking equipment extractable shield tier-3 weapon	3	604
6409	290115	Demeniss_Soldier_Kitee_Metal_OneHandShield_II	Demenissian Shield of Loyalty	shield	docking equipment extractable shield tier-3 weapon	3	604
6410	290116	Demeniss_Soldier_Kitee_Metal_OneHandShield_III	Demenissian Shield of Obedience	shield	docking equipment extractable shield tier-3 weapon	3	604
6411	290113	Kite_Metal_OneHandShield	Shield of a Blossoming Spring Day	shield	docking equipment extractable shield tier-2 weapon	2	302
6412	290017	Diskio_Metal_OneHandShield	Sydmon Round Shield	shield	docking equipment extractable shield tier-2 weapon	2	302
6413	290057	Tarrdik_Wood_OneHandShield	Dekarr Shield	shield	docking equipment extractable shield tier-2 weapon	2	302
6414	1002846	Patrol_OneHandShield	Odeck Hardwood Shield	shield	docking equipment extractable shield tier-2 weapon	2	302
6415	290058	Caviden_Wood_OneHandShield	Sydmon Kite Shield	shield	docking equipment extractable shield tier-2 weapon	2	302
6416	1000498	PlainsGuard_OneHandShield	Musket Shield	shield	docking equipment extractable shield tier-2 weapon	2	302
6417	1000499	RoyalGuard_OneHandShield	Royal Guard Shield	shield	docking equipment extractable shield tier-2 weapon	2	302
6418	1000252	Gilded_OneHandShield	Gilded Shield	shield	docking equipment extractable shield tier-2 weapon	2	302
6419	1163043	Old_Wood_OneHandShield	Bekker Shield	shield	docking equipment extractable shield tier-1 weapon	1	151
6420	290001	ReiGhis_Wood_OneHandShield	Balton Shield	shield	docking equipment extractable shield tier-1 weapon	1	151
6421	1000500	FrontierMilitia_OneHandShield	Flame Knights Shield	shield	docking equipment extractable shield tier-1 weapon	1	151
6422	1000519	CapitalPatrol_OneHandShield	City Guard's Shield	shield	docking equipment extractable shield tier-1 weapon	1	151
6423	1000631	EasternWanderer_OneHandShield	Eastern Wanderer's Shield	shield	docking equipment extractable shield tier-1 weapon	1	151
6424	1001147	Wood_OneHandShield	Grey Wolf Wooden Shield	shield	docking equipment extractable important no-sell shield tier-1 weapon	1	1
6425	1000683	Damian_OneHandShield	Demenissian Gold-Decorated Shield	shield	docking equipment extractable important no-sell shield tier-2 weapon	2	1
6426	1000462	Minigame_OneHandShield	Competition Shield	shield	docking extractable minigame shield tier-1 weapon	1	151
6427	1000578	Old_Kliff_OneHandSword	Fated Shadow	weapon	docking equipment extractable important npc-weapon-pool one-hand sword tier-5 weapon	5	1170
6428	13810	Legendary_WhiteHorn_OneHandSword	Chillfallen Sword	weapon	docking equipment extractable important npc-weapon-pool one-hand sword tier-5 weapon	5	1170
6429	1001055	Magnet_OneHandSword	Red Needle	weapon	docking equipment extractable important npc-weapon-pool one-hand sword tier-5 weapon	5	1170
6430	200922	Deer_King_OneHandSword	Survivor's Solitude	weapon	docking equipment extractable important npc-weapon-pool one-hand sword tier-4 weapon	4	609
6431	200072	Mjordin_OneHandSword	Melted Ambition	weapon	docking equipment extractable important npc-weapon-pool one-hand sword tier-4 weapon	4	609
6432	1001210	GoldArmor_OneHandSword	Sword of Greed	weapon	docking equipment extractable important npc-weapon-pool one-hand sword tier-4 weapon	4	609
6433	1001295	Ziane_OneHandSword	Wolf's Fang	weapon	docking equipment extractable important npc-weapon-pool one-hand sword tier-3 weapon	3	348
6434	200917	Spada_OneHandSword	Spada Sword	weapon	docking equipment extractable important npc-weapon-pool one-hand sword tier-3 weapon	3	348
6435	200924	SoulKnight_OneHandSword	Shackle of Might	weapon	docking equipment extractable important npc-weapon-pool one-hand sword tier-3 weapon	3	348
6436	1000738	Taoria_OneHandSword	Tauria Curved Sword	weapon	docking equipment extractable important npc-weapon-pool one-hand sword tier-3 weapon	3	348
6437	200902	AbyssReward_Reeddevil_OneHandSword	Hollow Visage	weapon	docking equipment extractable important npc-weapon-pool one-hand sword tier-3 weapon	3	348
6438	1000742	Ludvig_OneHandSword	Red Rage	weapon	docking equipment extractable important npc-weapon-pool one-hand sword tier-3 weapon	3	348
6439	1001019	Gias_OneHandSword	Savage Sawblade	weapon	docking equipment extractable important npc-weapon-pool one-hand sword tier-3 weapon	3	348
6440	1001524	Golden_OneHandSword	Golden Sword	weapon	docking equipment extractable important npc-weapon-pool one-hand sword tier-3 weapon	3	10000
6441	200914	AbyssReward_Mysterm_OneHandSword	Sword of the Lord	weapon	docking equipment extractable important npc-weapon-pool one-hand sword tier-2 weapon	2	174
6442	1000747	Goblin_Boss_OneHandSword	Lightningblade of Greed	weapon	docking equipment extractable important npc-weapon-pool one-hand sword tier-2 weapon	2	174
6443	13811	Legendary_Dragon_OneHandSword	Aeserion Sword	weapon	docking equipment extractable important npc-weapon-pool one-hand sword tier-5 weapon	5	1170
6444	200052	Knight_King_OneHandSword	Knightlord's Sword	weapon	docking equipment extractable important npc-weapon-pool one-hand sword tier-5 weapon	5	1170
6445	200919	Archria_OneHandSword	Acria Sword	weapon	docking equipment extractable important npc-weapon-pool one-hand sword tier-5 weapon	5	1170
6446	13809	Legendary_DragonSlayer_OneHandSword	Nazk Sword	weapon	docking equipment extractable important npc-weapon-pool one-hand sword tier-4 weapon	4	609
6447	200078	AbyssReward_Peltree_OneHandSword	Peltree Sword	weapon	docking equipment extractable npc-weapon-pool one-hand sword tier-4 weapon	4	609
6448	200051	LongBeak_OneHandSword	Varnian Sword	weapon	docking equipment extractable npc-weapon-pool one-hand sword tier-4 weapon	4	609
6449	200921	Archrika_OneHandSword	Legionary's Gladius	weapon	docking equipment extractable npc-weapon-pool one-hand sword tier-4 weapon	4	609
6450	13812	Hexe_Soldier_OneHandSword	Sword of the Fleeting	weapon	docking equipment extractable npc-weapon-pool one-hand sword tier-3 weapon	3	348
6451	200001	Cigar_OneHandSword	Grey Wolf's Sword	weapon	docking equipment extractable npc-weapon-pool one-hand sword tier-3 weapon	3	348
6452	200049	Bekker_OneHandSword	Alabaster Curved Sword	weapon	docking equipment extractable npc-weapon-pool one-hand sword tier-3 weapon	3	348
6453	200077	Rusty_Hunter_OneHandSword	Volono Sword	weapon	docking equipment extractable npc-weapon-pool one-hand sword tier-3 weapon	3	348
6454	200053	Ehshian_OneHandSword	Fallen Kingdom's Sword	weapon	docking equipment extractable npc-weapon-pool one-hand sword tier-2 weapon	2	174
6455	200024	Sidmon_OneHandSword	Sydmon Sword	weapon	docking equipment extractable npc-weapon-pool one-hand sword tier-2 weapon	2	174
6456	200035	Silien_OneHandSword	Wells Sword	weapon	docking equipment extractable npc-weapon-pool one-hand sword tier-2 weapon	2	174
6457	200904	Leeksia_OneHandSword	Dekarr Sword	weapon	docking equipment extractable npc-weapon-pool one-hand sword tier-2 weapon	2	174
6458	200021	Leinstead_OneHandSword	Glenmore Sword	weapon	docking equipment extractable npc-weapon-pool one-hand sword tier-1 weapon	1	87
6459	1003849	Wood_Branch_01	Tree Branch	weapon	docking equipment npc-weapon-pool one-hand sword tier-1 weapon	1	2
6460	1004464	Wood_Branch_01_II	Sprout Branch	weapon	docking equipment npc-weapon-pool one-hand sword tier-1 weapon	1	4
6461	1004465	Wood_Branch_01_III	Sapling Branch	weapon	docking equipment npc-weapon-pool one-hand sword tier-1 weapon	1	8
6462	1004466	Wood_Branch_01_IV	Perennial Branch	weapon	docking equipment npc-weapon-pool one-hand sword tier-1 weapon	1	16
6463	1004467	Wood_Branch_01_V	Mature Tree Branch	weapon	docking equipment npc-weapon-pool one-hand sword tier-1 weapon	1	32
6464	1004468	Wood_Branch_01_VI	Giant Tree Branch	weapon	docking equipment npc-weapon-pool one-hand sword tier-1 weapon	1	64
6465	1004469	Wood_Branch_01_VII	Ancient Tree Branch	weapon	docking equipment npc-weapon-pool one-hand sword tier-1 weapon	1	128
6466	1004470	Wood_Branch_01_VIII	Spirit Tree Branch	weapon	docking equipment npc-weapon-pool one-hand sword tier-1 weapon	1	256
6467	1004471	Wood_Branch_01_IX	Sacred Tree Branch	weapon	docking equipment npc-weapon-pool one-hand sword tier-1 weapon	1	512
6468	1004472	Wood_Branch_01_X	World Tree Branch	weapon	docking equipment npc-weapon-pool one-hand sword tier-1 weapon	1	1024
6469	1003850	Wood_Branch_02	Sturdy Tree Branch	weapon	docking equipment npc-weapon-pool one-hand sword tier-1 weapon	1	2
6470	1004473	Wood_Branch_02_II	Sturdy Sprout Branch	weapon	docking equipment npc-weapon-pool one-hand sword tier-1 weapon	1	4
6471	1004474	Wood_Branch_02_III	Sturdy Sapling Branch	weapon	docking equipment npc-weapon-pool one-hand sword tier-1 weapon	1	8
6472	1004475	Wood_Branch_02_IV	Sturdy Perennial Branch	weapon	docking equipment npc-weapon-pool one-hand sword tier-1 weapon	1	16
6473	1004476	Wood_Branch_02_V	Sturdy Mature Tree Branch	weapon	docking equipment npc-weapon-pool one-hand sword tier-1 weapon	1	32
6474	1004477	Wood_Branch_02_VI	Sturdy Giant Tree Branch	weapon	docking equipment npc-weapon-pool one-hand sword tier-1 weapon	1	64
6475	1004478	Wood_Branch_02_VII	Sturdy Ancient Tree Branch	weapon	docking equipment npc-weapon-pool one-hand sword tier-1 weapon	1	128
6476	1004479	Wood_Branch_02_VIII	Sturdy Spirit Tree Branch	weapon	docking equipment npc-weapon-pool one-hand sword tier-1 weapon	1	256
6477	1004480	Wood_Branch_02_IX	Sturdy Sacred Tree Branch	weapon	docking equipment npc-weapon-pool one-hand sword tier-1 weapon	1	512
6478	1004481	Wood_Branch_02_X	Sturdy World Tree Branch	weapon	docking equipment npc-weapon-pool one-hand sword tier-1 weapon	1	1024
6479	1003908	Bamboo_Branch_01	Bamboo Stalk	weapon	docking equipment npc-weapon-pool one-hand sword tier-1 weapon	1	2
6480	1004482	Bamboo_Branch_01_II	Bamboo Shoot	weapon	docking equipment npc-weapon-pool one-hand sword tier-1 weapon	1	4
6481	1004483	Bamboo_Branch_01_III	Bamboo Sapling Stalk	weapon	docking equipment npc-weapon-pool one-hand sword tier-1 weapon	1	8
6482	1004484	Bamboo_Branch_01_IV	Perennial Bamboo Stalk	weapon	docking equipment npc-weapon-pool one-hand sword tier-1 weapon	1	16
6483	1004485	Bamboo_Branch_01_V	Mature Bamboo Stalk	weapon	docking equipment npc-weapon-pool one-hand sword tier-1 weapon	1	32
6484	1004486	Bamboo_Branch_01_VI	Giant Bamboo Stalk	weapon	docking equipment npc-weapon-pool one-hand sword tier-1 weapon	1	64
6485	1004487	Bamboo_Branch_01_VII	Ancient Bamboo Stalk	weapon	docking equipment npc-weapon-pool one-hand sword tier-1 weapon	1	128
6486	1004488	Bamboo_Branch_01_VIII	Spirit Bamboo Stalk	weapon	docking equipment npc-weapon-pool one-hand sword tier-1 weapon	1	256
6487	1004489	Bamboo_Branch_01_IX	Sacred Bamboo Stalk	weapon	docking equipment npc-weapon-pool one-hand sword tier-1 weapon	1	512
6488	1004490	Bamboo_Branch_01_X	World Bamboo Stalk	weapon	docking equipment npc-weapon-pool one-hand sword tier-1 weapon	1	1024
6489	1004108	Bamboo_Branch_02	Sturdy Bamboo Stalk	weapon	docking equipment npc-weapon-pool one-hand sword tier-1 weapon	1	2
6490	1004491	Bamboo_Branch_02_II	Sturdy Bamboo Shoot	weapon	docking equipment npc-weapon-pool one-hand sword tier-1 weapon	1	4
6491	1004492	Bamboo_Branch_02_III	Sturdy Bamboo Sapling Stalk	weapon	docking equipment npc-weapon-pool one-hand sword tier-1 weapon	1	8
6492	1004493	Bamboo_Branch_02_IV	Sturdy Perennial Bamboo Stalk	weapon	docking equipment npc-weapon-pool one-hand sword tier-1 weapon	1	16
6493	1004494	Bamboo_Branch_02_V	Sturdy Mature Bamboo Stalk	weapon	docking equipment npc-weapon-pool one-hand sword tier-1 weapon	1	32
6494	1004495	Bamboo_Branch_02_VI	Sturdy Giant Bamboo Stalk	weapon	docking equipment npc-weapon-pool one-hand sword tier-1 weapon	1	64
6495	1004496	Bamboo_Branch_02_VII	Sturdy Ancient Bamboo Stalk	weapon	docking equipment npc-weapon-pool one-hand sword tier-1 weapon	1	128
6496	1004497	Bamboo_Branch_02_VIII	Sturdy Spirit Bamboo Stalk	weapon	docking equipment npc-weapon-pool one-hand sword tier-1 weapon	1	256
6497	1004498	Bamboo_Branch_02_IX	Sturdy Sacred Bamboo Stalk	weapon	docking equipment npc-weapon-pool one-hand sword tier-1 weapon	1	512
6498	1004499	Bamboo_Branch_02_X	Sturdy World Bamboo Stalk	weapon	docking equipment npc-weapon-pool one-hand sword tier-1 weapon	1	1024
6499	1163042	Wolf_OneHandSword	Sword of the Wolf	weapon	docking equipment extractable important no-sell npc-weapon-pool one-hand sword tier-1 weapon	1	1
6500	1000260	Soulknight_Sprit_OneHandSword	Specter Sword	dev	dev docking sword tier-1 weapon	1	87
6501	1000491	Ghost_TwohandSword	Invisible Longsword	dev	dev longsword no-sell tier-1 weapon	1	1
6502	1003244	Minigame_OneHandSword	Competition Sword	weapon	docking extractable minigame sword tier-2 weapon	2	174
6503	1000761	Silver_Armor_OneHandTowerShield	Shield of Betrayal	shield	docking equipment extractable important large-shield shield tier-3 weapon	3	684
6504	1001427	Legendary_Soulknight_OneHandTowerShield	Shield of Sacrifice	shield	docking equipment extractable important large-shield shield tier-3 weapon	3	684
6505	1001428	Soulknight_Sprit_OneHandTowerShield	Shield of the Phantom	shield	docking equipment extractable important shield tier-1 weapon	1	171
6506	1000182	AbyssReward_Kutum_TowerShield	Kutum Shield	shield	docking equipment extractable important large-shield shield tier-5 weapon	5	1710
6507	290503	Lipsort_OneHandTowerShield	Lifsoth Large Shield	shield	docking equipment extractable large-shield shield tier-4 weapon	4	1197
6508	290997	Hard_Thorn_OneHandTowerShield	Legion Spearmen's Large Shield	shield	docking equipment extractable large-shield shield tier-4 weapon	4	1197
6509	290508	Lucan_OneHandTowerShield	Lucon Large Shield	shield	docking equipment extractable large-shield shield tier-4 weapon	4	1197
6510	290509	Ronied_OneHandTowerShield	Rhonid Large Shield	shield	docking equipment extractable large-shield shield tier-4 weapon	4	1197
6511	290511	Recle_OneHandTowerShield	Rekel Large Shield	shield	docking equipment extractable large-shield shield tier-4 weapon	4	1197
6512	290531	Light_Thorn_OneHandTowerShield	Rekel Large Spiked Shield	shield	docking equipment extractable large-shield shield tier-4 weapon	4	1197
6513	1000086	Stephan_Bleed_Metal_OneHandTowerShield	Shield of Conviction	shield	docking equipment extractable important large-shield shield tier-4 weapon	4	1197
6514	1001417	North_Warrior_OneHandTowerShield	North Wind Shield	shield	docking equipment extractable important large-shield shield tier-4 weapon	4	1197
6515	290533	Demeniss_Soldier_OneHandTowerShield	Demenissian Soldier's Large Shield	shield	docking equipment extractable large-shield shield tier-3 weapon	3	684
6516	290515	Taos_OneHandTowerShield	Lanford Large Shield	shield	docking equipment extractable large-shield shield tier-3 weapon	3	684
6517	290516	Gelhouke_OneHandTowerShield	The Laughing Marionette Shield	shield	docking equipment extractable large-shield shield tier-3 weapon	3	684
6518	290526	Dealinger_OneHandTowerShield	Mass-Produced Large Rekel Shield	shield	docking equipment extractable large-shield shield tier-3 weapon	3	684
6519	290504	Tardik_OneHandTowerShield	Reinforced Warspike Large Shield	shield	docking equipment extractable large-shield shield tier-2 weapon	2	342
6520	290502	Pavis_OneHandTowerShield	Gilliam Large Shield	shield	docking equipment extractable large-shield shield tier-2 weapon	2	342
6521	290506	Berkhia_OneHandTowerShield	Thalwynd Large Shield	shield	docking equipment extractable large-shield shield tier-2 weapon	2	342
6522	290532	Artisan_Thorn_OneHandTowerShield	Thorny Warspike Large Shield	shield	docking equipment extractable large-shield shield tier-2 weapon	2	342
6523	1000253	Gilded_OneHandTowerShield	Large Gilded Shield	shield	docking equipment extractable large-shield shield tier-2 weapon	2	342
6524	290523	Tulio_OneHandTowerShield	Bekker Large Shield	shield	docking equipment extractable large-shield shield tier-1 weapon	1	171
6525	290510	Monita_OneHandTowerShield	Balton Large Shield	shield	docking equipment extractable large-shield shield tier-1 weapon	1	171
6526	301001	Robinhood_OneHandBow	Crimson Warden's Bow	weapon	bow docking equipment extractable important npc-weapon-pool ranged tier-4 weapon	4	1512
6527	12702	Legendary_Korea_OneHandBow	Noble Man's Bow	weapon	bow docking equipment extractable important npc-weapon-pool ranged tier-5 weapon	5	2160
6528	12701	AbyssReward_HolyEcho_OneHandBow	Divine Echoes Bow	weapon	bow docking equipment extractable important npc-weapon-pool ranged tier-5 weapon	5	2160
6529	301000	Dragon_OneHandBow	Aeserion Bow	weapon	bow docking equipment extractable important npc-weapon-pool ranged tier-5 weapon	5	2160
6530	300001	Tardik_OneHandBow	Golden-Knotted Ancestral Bow	weapon	bow docking equipment extractable important npc-weapon-pool ranged tier-4 weapon	4	1512
6531	300018	Baredin_OneHandBow	Tommasoan Bow	weapon	bow docking equipment extractable npc-weapon-pool ranged tier-4 weapon	4	1512
6532	1000766	EntHunter_OneHandBow	Shadowleaf Bow	weapon	bow docking equipment extractable npc-weapon-pool ranged tier-3 weapon	3	864
6533	300004	Berkhia_OneHandBow	Twilight Messengers' Bow	weapon	bow docking equipment extractable npc-weapon-pool ranged tier-3 weapon	3	864
6534	300012	Aurellian_OneHandBow	Tardik Bow	weapon	bow docking equipment extractable npc-weapon-pool ranged tier-3 weapon	3	864
6535	300013	Vellian_OneHandBow	Kylus Bow	weapon	bow docking equipment extractable npc-weapon-pool ranged tier-3 weapon	3	864
6536	1000796	Hexe_Archer_OneHandBow	Bow of the Fleeting	weapon	bow docking equipment extractable npc-weapon-pool ranged tier-3 weapon	3	864
6537	300014	Khanoa_OneHandBow	Sydmon Bow	weapon	bow docking equipment extractable npc-weapon-pool ranged tier-2 weapon	2	432
6538	300015	Mestio_OneHandBow	Bloodsteel Bow	weapon	bow docking equipment extractable npc-weapon-pool ranged tier-2 weapon	2	432
6539	300019	Nerdhal_OneHandBow	Warspike Bow	weapon	bow docking equipment extractable npc-weapon-pool ranged tier-2 weapon	2	432
6540	300002	Pieti_OneHandBow	Dekarr Bow	weapon	bow docking equipment extractable npc-weapon-pool ranged tier-2 weapon	2	432
6541	300050	Mercernary_OneHandBow	White Wood Bow	weapon	bow docking equipment extractable npc-weapon-pool ranged tier-1 weapon	1	432
6542	300003	Paunah_OneHandBow	Bekker Bow	weapon	bow docking equipment extractable npc-weapon-pool ranged tier-1 weapon	1	432
6543	1003265	GreyWolf_OneHandBow	Grey Wolf Bow	weapon	bow docking equipment extractable important no-sell npc-weapon-pool ranged tier-1 weapon	1	1
6544	1003245	Minigame_OneHandBow	Competition Wooden Bow	weapon	bow docking extractable minigame tier-2 weapon	2	432
6545	320001	Hyde_OneHandCrossBow	Hyde Crossbow	weapon	crossbow equipment ranged tier-2 weapon	2	432
6546	320002	South_Wanderer_Troll_OneHandCrossBow	Southern Wandering Troll's Crossbow	weapon	crossbow equipment ranged tier-1 weapon	1	216
6547	13304	Legendary_DemenisMusket_OneHandMusket	Demenissian Hero's Musket	weapon	equipment extractable important musket npc-weapon-pool ranged tier-5 weapon	5	2530
6548	280019	Gustav_OneHandMusket	Gustav Musket	weapon	equipment extractable important musket npc-weapon-pool ranged tier-4 weapon	4	1771
6549	280005	Turacon_OneHandMusket	Leofric Musket	weapon	equipment extractable important musket npc-weapon-pool ranged tier-4 weapon	4	1771
6550	13301	AbyssReward_MarniMusket	Marni Musket	weapon	equipment extractable important musket npc-weapon-pool ranged tier-4 weapon	4	1771
6551	280001	Huntington_OneHandMusket	Arlen Musket	weapon	equipment extractable musket npc-weapon-pool ranged tier-3 weapon	3	1012
6552	280017	Rhystizer_OneHandMusket	Helms Musket	weapon	equipment extractable musket npc-weapon-pool ranged tier-3 weapon	3	1012
6553	280003	Aequor_OneHandMusket	Delesyian Musket	weapon	equipment extractable musket npc-weapon-pool ranged tier-2 weapon	2	506
6554	280018	Argatah_OneHandMusket	Pailunese Musket	weapon	equipment extractable musket npc-weapon-pool ranged tier-2 weapon	2	506
6555	280004	Torretlan_OneHandMusket	Wells Musket	weapon	equipment extractable musket npc-weapon-pool ranged tier-2 weapon	2	506
6556	280002	Lopelun_OneHandMusket	Bekker Musket	weapon	equipment extractable musket npc-weapon-pool ranged tier-1 weapon	1	253
6557	1003246	Minigame_OneHandMusket	Competition Musket	weapon	extractable minigame musket tier-2 weapon	2	506
6558	270013	Caliburn_Tolerance_OneHandPistol	Caliburn's Mercy Pistol	weapon	equipment extractable important pistol ranged tier-5 weapon	5	2470
6559	270011	Alida_Restraint_OneHandPistol	Shadow of the Past Pistol	weapon	equipment extractable pistol ranged tier-4 weapon	4	1729
6560	270004	Vilancia_OneHandPistol	Vilancia Pistol	weapon	equipment extractable pistol ranged tier-3 weapon	3	988
6561	270002	Jemel_OneHandPistol	Jemel Pistol	weapon	equipment extractable pistol ranged tier-2 weapon	2	494
6562	270001	Rosemand_OneHandPistol	Rosemond Pistol	weapon	equipment extractable pistol ranged tier-1 weapon	1	247
6563	270003	Falcone_OneHandPistol	Falconne Pistol	weapon	equipment extractable pistol ranged tier-1 weapon	1	247
6564	1001747	Damian_OneHandPistol	Spencer Pistol	weapon	equipment extractable important no-sell pistol ranged tier-2 weapon	2	1
6565	370007	Dein_OneHandShotgun	Dane Shotgun	weapon	equipment extractable important npc-weapon-pool ranged shotgun tier-2 weapon	2	506
6566	370001	Kliff_OneHandShotgun	Pailunese Shotgun	weapon	equipment extractable npc-weapon-pool ranged shotgun tier-3 weapon	3	1012
6567	370002	Alida_OneHandShotgun	Dewhaven Shotgun	weapon	equipment extractable npc-weapon-pool ranged shotgun tier-3 weapon	3	1012
6568	1002293	Trumpet_OneHandShotgun	Trumpet Shotgun	weapon	equipment extractable npc-weapon-pool ranged shotgun tier-3 weapon	3	1012
6569	370005	Toddbern_OneHandShotgun	Delesyian Shotgun	weapon	equipment extractable npc-weapon-pool ranged shotgun tier-2 weapon	2	506
6570	370006	Walter_OneHandShotgun	Bleed Shotgun	weapon	equipment extractable npc-weapon-pool ranged shotgun tier-2 weapon	2	506
6571	370003	Mortimer_OneHandShotgun	Mortimer Shotgun	weapon	equipment extractable npc-weapon-pool ranged shotgun tier-1 weapon	1	253
6572	370004	Methilbalm_OneHandShotgun	Metilbahm Shotgun	weapon	equipment extractable npc-weapon-pool ranged shotgun tier-1 weapon	1	150
6573	15200	Rhinard_TwoHandCannon_I	Finest Rhinard Cannon	weapon	cannon equipment extractable npc-weapon-pool ranged tier-4 weapon	4	1869
6574	15202	Cheonja_Chongtong_TwoHandCannon_I	Alpha Barrel Cannon	weapon	cannon equipment extractable npc-weapon-pool ranged tier-3 weapon	3	1068
6575	15204	ByeorSeungja_Chongtong_TwoHandCannon_I	Gamma Barrel Cannon	weapon	cannon equipment extractable npc-weapon-pool ranged tier-3 weapon	3	1068
6576	1002118	Bismuth_TwoHandCannon_I	Bismuth Cannon	weapon	cannon equipment extractable npc-weapon-pool ranged tier-3 weapon	3	1068
6577	330001	Rhinard_TwoHandCannon	Rhinard Cannon	weapon	cannon equipment extractable npc-weapon-pool ranged tier-1 weapon	1	267
6578	1002261	Paralyze_OneHandSword	Sword of Wayward Woods	weapon	docking equipment npc-weapon-pool one-hand special sword tier-3 weapon	3	496
6579	1000103	HoneyComb_OneHandMace	Beehive Club	weapon	docking equipment mace npc-weapon-pool one-hand special tier-3 weapon	3	496
6580	1001062	Marni_MachineKnight_TwoHandSword	Electro-Mecha Longsword	weapon	docking equipment extractable important longsword npc-weapon-pool tier-3 two-hand weapon	3	1300
6581	1002741	Ligtning_TwoHandHammer_I	Lightning Greathammer	weapon	docking equipment greathammer npc-weapon-pool tier-3 two-hand weapon	3	1300
6582	1001163	Lightning_TwoHandSpear	Lightning Spear	weapon	docking equipment npc-weapon-pool spear special tier-1 two-hand weapon	1	1300
6583	1000957	Marni_MachineKnight_TwoHandSpear	Electro-Mecha Spear	weapon	docking equipment extractable important npc-weapon-pool spear special tier-4 two-hand weapon	4	2212
6584	1001188	Soul_TwoHandSpear	Soul Spear	weapon	docking equipment extractable important npc-weapon-pool spear special tier-3 two-hand weapon	3	1300
6585	1001251	Bismuth_TwoHandSpear	Bismuth Spear	weapon	docking equipment npc-weapon-pool spear special tier-1 two-hand weapon	1	1300
6586	1000451	Fire_staff_spear_TwoHandSpear	Flame Spear	weapon	docking equipment npc-weapon-pool spear special tier-1 two-hand weapon	1	1300
6587	1000176	Flame_staff_spear_TwoHandSpear	Blazing Spear	weapon	docking equipment npc-weapon-pool spear special tier-3 two-hand weapon	3	1300
6588	1001193	Wind_TwoHandSpear	Propeller Spear	weapon	docking equipment npc-weapon-pool spear special tier-1 two-hand weapon	1	1300
6589	1001212	EMP_TwoHandSpear	Disruptor Spear	weapon	docking equipment npc-weapon-pool spear special tier-1 two-hand weapon	1	1300
6590	1001183	YamatoCannon_TwoHandSpear	Laser Cannon Spear	weapon	docking equipment npc-weapon-pool spear special tier-1 two-hand weapon	1	1300
6591	290021	AbyssReward_Drake_Metal_OneHandShield	Drake Shield	shield	docking equipment extractable important shield special tier-4 weapon	4	3780
6592	1000201	LakeGolem_OnehandShield	Runewalker Shield	shield	docking equipment extractable important shield special tier-4 weapon	4	1057
6593	1001192	Wind_Power_OneHandShield	Gale Shield	shield	docking equipment shield special tier-2 weapon	2	1260
6594	1001305	Gun_OneHandShield	Shotgun Shield	shield	docking equipment shield special tier-2 weapon	2	1260
6595	1000125	Sound_OneHandShield	Shield of Ringing	shield	docking equipment shield special tier-2 weapon	2	3780
6596	1001152	Air_OneHandCannon	Air Blaster	weapon	blaster equipment npc-weapon-pool ranged special tier-4 weapon	4	1620
6597	1000156	Witch_WingFan	Eastern Witch's Fan	weapon	docking equipment extractable fan important one-hand special tier-1 weapon	1	1620
6598	1001196	Equip_Magic_Scythe	Magic Scythe	weapon	docking equipment special tier-0 tool weapon	0	1020
6599	1004608	Animal_Spirit	Animal Spirit	shield	animal-spirit docking extractable shield tier-4	4	10
6600	330002	FlameThrower	Electromagnetic Flamespitter	accessory	accessory backpack docking equipment thrower tier-3	3	2000
6601	330003	IceThrower	Electromagnetic Frostspitter	accessory	accessory backpack docking equipment thrower tier-3	3	2000
6602	1000553	LightningThrower	Electromagnetic Boltspitter	accessory	accessory backpack docking equipment thrower tier-3	3	2000
6603	430001	Poison_Stick	Soporific Blowpipe	weapon	blowpipe equipment important ranged tier-2 weapon	2	576
6604	1000379	DarknessKing_TwoHandAlebard	Vow of the Dead King	weapon	equipment extractable halberd important npc-weapon-pool tier-5 two-hand weapon	5	3180
6605	265011	Luon_TwoHandAlebard	Golden Vanguard	weapon	equipment extractable halberd important npc-weapon-pool tier-3 two-hand weapon	3	1272
6606	1000239	Forgotten_General_TwoHandAlebard	Awakened Spirit	weapon	equipment extractable halberd important npc-weapon-pool tier-3 two-hand weapon	3	1272
6607	15000	Dragon_TwoHandAlebard	Aeserion Halberd	weapon	equipment extractable halberd important npc-weapon-pool tier-5 two-hand weapon	5	3180
6608	265010	Trinodd_TwoHandAlebard	Celeste Halberd	weapon	equipment extractable halberd npc-weapon-pool tier-4 two-hand weapon	4	2226
6609	265002	Kamsen_TwoHandAlebard	Alabaster Halberd	weapon	equipment extractable halberd npc-weapon-pool tier-3 two-hand weapon	3	1272
6610	265003	Hleinmers_TwoHandAlebard	Iris Halberd	weapon	equipment extractable halberd npc-weapon-pool tier-3 two-hand weapon	3	1272
6611	265004	Diencia_TwoHandAlebard	Lambert Halberd	weapon	equipment extractable halberd npc-weapon-pool tier-3 two-hand weapon	3	1272
6612	265005	Khadion_TwoHandAlebard	Gilliam Halberd	weapon	equipment extractable halberd npc-weapon-pool tier-2 two-hand weapon	2	636
6613	265006	Kiehrius_TwoHandAlebard	Bonepit Halberd	weapon	equipment extractable halberd npc-weapon-pool tier-2 two-hand weapon	2	636
6614	265007	Taitolan_TwoHandAlebard	Freesword Halberd	weapon	equipment extractable halberd npc-weapon-pool tier-1 two-hand weapon	1	318
6615	265008	Tregllin_TwoHandAlebard	Bekker Halberd	weapon	equipment extractable halberd npc-weapon-pool tier-1 two-hand weapon	1	318
6616	265001	Hegeh_TwoHandAlebard	Marauder's Halberd	weapon	equipment extractable halberd npc-weapon-pool tier-1 two-hand weapon	1	318
6617	15100	Legendary_AncientGuardian_TwoHandAxe	Earthsplitter	weapon	equipment extractable greataxe important npc-weapon-pool tier-5 two-hand weapon	5	2760
6618	1001669	WhiteBear_TwoHandAxe	Split Tooth	weapon	equipment extractable greataxe important npc-weapon-pool tier-4 two-hand weapon	4	1932
6619	14706	Legendary_BridieGu_TwoHandGiantAxe	Wheel of the Last Toll	weapon	equipment extractable greataxe important npc-weapon-pool tier-3 two-hand weapon	3	1104
6620	251000	Dragon_TwoHandAxe	Aeserion Greataxe	weapon	equipment extractable greataxe important npc-weapon-pool tier-5 two-hand weapon	5	2760
6621	250028	Cigrymon_TwoHandAxe	Sigremon Greataxe	weapon	equipment extractable greataxe npc-weapon-pool tier-5 two-hand weapon	5	2760
6622	250014	Lyfellen_TwoHandAxe	Incomplete Masterpiece	weapon	equipment extractable greataxe npc-weapon-pool tier-4 two-hand weapon	4	1932
6623	250019	Khadiac_TwoHandAxe	Troll Hook Greataxe	weapon	equipment extractable greataxe npc-weapon-pool tier-4 two-hand weapon	4	1932
6624	250015	Bhran_TwoHandAxe	Tardik Greataxe	weapon	equipment extractable greataxe npc-weapon-pool tier-3 two-hand weapon	3	1104
6625	250016	Diencia_TwoHandAxe	Iris Greataxe	weapon	equipment extractable greataxe npc-weapon-pool tier-3 two-hand weapon	3	1104
6626	250020	Brudandi_TwoHandAxe	Kylus Greataxe	weapon	equipment extractable greataxe npc-weapon-pool tier-3 two-hand weapon	3	1104
6627	250017	Giant_ReiGhis_TwoHandGiantAxe	Gorthak Greataxe	weapon	equipment extractable greataxe npc-weapon-pool tier-3 two-hand weapon	3	1104
6628	500001	Huge_TwoHandGiantAxe	Inquisitor's Greataxe	weapon	equipment extractable greataxe npc-weapon-pool tier-3 two-hand weapon	3	1104
6629	250024	Viranche_TwoHandAxe	Horseshoe-Blade Greataxe	weapon	equipment extractable greataxe npc-weapon-pool tier-2 two-hand weapon	2	552
6630	250025	Torphel_TwoHandAxe	Hellhounds Chopping Axe	weapon	equipment extractable greataxe npc-weapon-pool tier-2 two-hand weapon	2	552
6631	250026	Teaghbed_TwoHandAxe	Pailunese Logging Axe	weapon	equipment extractable greataxe npc-weapon-pool tier-2 two-hand weapon	2	552
6632	250021	Raxion_TwoHandAxe	Bonepit Greataxe	weapon	equipment extractable greataxe npc-weapon-pool tier-2 two-hand weapon	2	552
6633	500005	Giant_Warriors_TwoHandGiantAxe	Patterned Stone Greataxe	weapon	equipment extractable greataxe npc-weapon-pool tier-2 two-hand weapon	2	552
6634	250994	Rusty_Deadwid_TwoHandAxe	Bekker Greataxe	weapon	equipment extractable greataxe npc-weapon-pool tier-1 two-hand weapon	1	276
6635	250022	Bhetert_TwoHandAxe	Fan-Blade Greataxe	weapon	equipment extractable greataxe npc-weapon-pool tier-1 two-hand weapon	1	276
6636	250995	Rusty_Cigar_TwoHandAxe	Dekarr Greataxe	weapon	equipment extractable greataxe important no-sell npc-weapon-pool tier-2 two-hand weapon	2	1
6637	15500	Legendary_CrimsonScorpion_TwoHandHammer	Rune-Engraved Rock	weapon	equipment extractable greathammer important npc-weapon-pool tier-3 two-hand weapon	3	1120
6638	400002	Flame_SwordMan_TwoHandHammer	Greathammer of Fire	weapon	equipment extractable greathammer important npc-weapon-pool tier-5 two-hand weapon	5	2800
6639	14703	AbyssReward_Dragon_TwoHandGiantHammer	Aeserion Greathammer	weapon	equipment extractable greathammer important npc-weapon-pool tier-5 two-hand weapon	5	4320
6640	400001	Eestyon_TwoHandHammer	Golden Dragon's Claw	weapon	equipment extractable greathammer npc-weapon-pool tier-4 two-hand weapon	4	1960
6641	1000729	MiddleBoss_GoldenArmor_TwoHandHammer_I	Golden Greathammer	weapon	equipment extractable greathammer important npc-weapon-pool tier-4 two-hand weapon	4	1960
6642	400003	Kramer_TwoHandHammer	Helms Greathammer	weapon	equipment extractable greathammer npc-weapon-pool tier-3 two-hand weapon	3	1120
6643	400004	Tortriden_TwoHandHammer	Lanford Greathammer	weapon	equipment extractable greathammer npc-weapon-pool tier-3 two-hand weapon	3	1120
6644	400005	Turcadian_TwoHandHammer	Bonepit Greathammer	weapon	equipment extractable greathammer npc-weapon-pool tier-2 two-hand weapon	2	560
6645	400000	Rusty_TwoHandHammer	Bekker Greathammer	weapon	equipment extractable greathammer npc-weapon-pool tier-1 two-hand weapon	1	280
6646	16001	Legendary_Tarandus_TwoHandedWarHamme	Ashen Execution	weapon	equipment extractable important npc-weapon-pool tier-4 two-hand warhammer weapon	4	2331
6647	1000637	Drunk_BlackBears_TwoHandedWarHamme	Roar of the Black Bear	weapon	equipment extractable important npc-weapon-pool tier-4 two-hand warhammer weapon	4	2331
6648	16003	Legendary_Solid_Bringer_TwoHandedWarHamme	Sanguine Knell	weapon	equipment extractable important npc-weapon-pool tier-4 two-hand warhammer weapon	4	2331
6649	1000843	DarkLeader_TwoHandWarHammer	Guidance of Dark Pursuit	weapon	equipment extractable important npc-weapon-pool tier-4 two-hand warhammer weapon	4	2331
6650	1001208	Mask_Liberator_TwoHandedWarHammer	Oblivion of the Past	weapon	equipment extractable important npc-weapon-pool tier-4 two-hand warhammer weapon	4	2331
6651	1001207	WhiteCrow_Witch_TwoHandedWarHammer	Crow Whisperer	weapon	equipment extractable important npc-weapon-pool tier-4 two-hand warhammer weapon	4	2331
6652	1001202	Legendary_Antumbra_TwoHandedWarHammer	Antumbra's Eye	weapon	equipment extractable important npc-weapon-pool tier-5 two-hand warhammer weapon	5	3330
6653	261000	Dragon_TwoHandedWarHammer	Aeserion Warhammer	weapon	equipment extractable important npc-weapon-pool tier-5 two-hand warhammer weapon	5	3330
6654	1001203	Pietisus_TwoHandedWarHammer	Dark Worshiper's Staff	weapon	equipment extractable npc-weapon-pool tier-4 two-hand warhammer weapon	4	2331
6655	260008	Namarc_TwoHandedWarHammer	Saltroad Warhammer	weapon	equipment extractable npc-weapon-pool tier-3 two-hand warhammer weapon	3	1332
6656	260019	Khadion_TwoHandedWarHammer	Arlen Warhammer	weapon	equipment extractable npc-weapon-pool tier-3 two-hand warhammer weapon	3	1332
6657	260028	Fiburrou_TwoHandedWarHammer	Iris Warhammer	weapon	equipment extractable npc-weapon-pool tier-3 two-hand warhammer weapon	3	1332
6658	260030	GreenOrc_TwoHandedWarHammer	Gorthak Warhammer	weapon	equipment extractable npc-weapon-pool tier-3 two-hand warhammer weapon	3	1332
6659	1000844	Tynion_TwoHandWarHammer	Crow Brothers Warhammer	weapon	equipment extractable important npc-weapon-pool tier-3 two-hand warhammer weapon	3	1332
6660	1001204	Deshret_Ceremonial_TwoHandedWarHammer	Ceremonial Warhammer	weapon	equipment extractable npc-weapon-pool tier-3 two-hand warhammer weapon	3	1332
6661	1001205	ForestFairy_TwoHandedWarHammer	Shadowleaf Soul Branch	weapon	equipment extractable npc-weapon-pool tier-3 two-hand warhammer weapon	3	1332
6662	260026	Tyrandah_TwoHandedWarHammer	Tardik Warhammer	weapon	equipment extractable npc-weapon-pool tier-3 two-hand warhammer weapon	3	1332
6663	260013	Hegeh_TwoHandedWarHammer	Bonepit Warhammer	weapon	equipment extractable npc-weapon-pool tier-2 two-hand warhammer weapon	2	666
6664	260015	Hleinmers_TwoHandedWarHammer	Cactus Warhammer	weapon	equipment extractable npc-weapon-pool tier-2 two-hand warhammer weapon	2	666
6665	260020	Kali_TwoHandedWarHammer	Zargan Warhammer	weapon	equipment extractable npc-weapon-pool tier-2 two-hand warhammer weapon	2	666
6666	260014	Satyr_TwoHandedWarHammer	Thalwynd Warhammer	weapon	equipment extractable npc-weapon-pool tier-2 two-hand warhammer weapon	2	666
6667	260018	Diencia_TwoHandedWarHammer	Arlem Warhammer	weapon	equipment extractable npc-weapon-pool tier-1 two-hand warhammer weapon	1	333
6668	1001209	Shaman_TwoHandedWarHammer	Shaman's Staff	weapon	equipment extractable npc-weapon-pool tier-1 two-hand warhammer weapon	1	333
6669	260007	Arsard_TwoHandedWarHammer	Bekker Warhammer	weapon	equipment extractable npc-weapon-pool tier-1 two-hand warhammer weapon	1	333
6670	15701	AbyssReward_Titan_TwoHandSpear	Reckoning	weapon	equipment extractable important npc-weapon-pool spear tier-5 two-hand weapon	5	3160
6671	310028	DarkLeader_TwoHandGiantSpear	Thorn of Dark Pursuit	weapon	docking equipment extractable important npc-weapon-pool spear tier-4 two-hand weapon	4	2212
6672	15703	Legendary_OwenCraber_TwoHandGiantSpear	Frostfang	weapon	docking equipment extractable important npc-weapon-pool spear tier-4 two-hand weapon	4	2212
6673	1002123	Wells_TwoHandGiantSpear	Elite Vanguard	weapon	docking equipment extractable important npc-weapon-pool spear tier-4 two-hand weapon	4	2212
6674	15702	Legendary_Moonhead_TwoHandGiantSpear	Grasping Moon	weapon	docking equipment extractable important npc-weapon-pool spear tier-3 two-hand weapon	3	1264
6675	15706	Legendary_Moonhead_01_TwoHandGiantSpear	Diverging Moon	weapon	docking equipment extractable important npc-weapon-pool spear tier-3 two-hand weapon	3	1264
6676	15707	Legendary_Moonhead_02_TwoHandGiantSpear	Circling Moon	weapon	docking equipment extractable important npc-weapon-pool spear tier-3 two-hand weapon	3	1264
6677	15700	Legendary_Dragon_TwoHandGiantSpear	Aeserion Spear	weapon	equipment extractable important npc-weapon-pool spear tier-5 two-hand weapon	5	3160
6678	1001200	Tartis_TwoHandSpear	Sorcerer's Staff	weapon	equipment extractable npc-weapon-pool spear tier-4 two-hand weapon	4	2212
6679	310035	Limerhen_TwoHandSpear	Traitor's Spear	weapon	equipment extractable important npc-weapon-pool spear tier-4 two-hand weapon	4	2212
6680	15704	Hexe_Warrior_TwoHandSpear	Spear of the Fleeting	weapon	equipment extractable npc-weapon-pool spear tier-3 two-hand weapon	3	1264
6681	310009	Judge_TwoHandSpear	Alfonso Spear	weapon	equipment extractable npc-weapon-pool spear tier-3 two-hand weapon	3	1264
6682	310012	Khadiac_TwoHandSpear	Kylus Spear	weapon	equipment extractable npc-weapon-pool spear tier-3 two-hand weapon	3	1264
6683	310013	Kylidden_TwoHandSpear	Alabaster Spear	weapon	equipment extractable npc-weapon-pool spear tier-3 two-hand weapon	3	1264
6684	310023	Argtisan_TwoHandSpear	Cog Destroyer Spear	weapon	equipment extractable npc-weapon-pool spear tier-3 two-hand weapon	3	1264
6685	310031	North_Warrior_TwoHandSpear	North Wind Trident	weapon	equipment extractable npc-weapon-pool spear tier-3 two-hand weapon	3	1264
6686	1005302	ScrapQueen_Goblin_TwoHandSpear	Harkan's Spear	weapon	docking equipment npc-weapon-pool spear tier-3 two-hand weapon	3	1264
6687	310024	Kydalern_TwoHandSpear	Spear of Righteousness	weapon	equipment extractable npc-weapon-pool spear tier-3 two-hand weapon	3	1264
6688	310025	Jerrphin_TwoHandSpear	Valgash's Incomplete Work	weapon	equipment extractable npc-weapon-pool spear tier-3 two-hand weapon	3	1264
6689	310039	Hexe_Soldier_TwoHandSpear	Staff of the Fleeting	weapon	equipment extractable npc-weapon-pool spear tier-3 two-hand weapon	3	1264
6690	1000106	Silver_Vizione_Stand_TwoHandSpear	Silver Visione Stand	weapon	equipment extractable npc-weapon-pool spear tier-3 two-hand weapon	3	1264
6691	310008	Kephilray_TwoHandSpear	Sydmon Spear	weapon	equipment extractable npc-weapon-pool spear tier-2 two-hand weapon	2	632
6692	1000245	Ribentain_Priest_TwoHandSpear	Reventine Priest's Spear	weapon	equipment extractable npc-weapon-pool spear tier-2 two-hand weapon	2	632
6693	1000328	Tomaso_Soldiers_TwoHandSpear	Tommaso Guard's Dagger-Tipped Spear	weapon	equipment extractable npc-weapon-pool spear tier-2 two-hand weapon	2	632
6694	1000366	Gladiator_Stigma_TwoHandSpear	Slave Gladiator Branding Spear	weapon	equipment extractable npc-weapon-pool spear tier-2 two-hand weapon	2	632
6695	310018	Kamperdian_TwoHandSpear	Warspike Spear	weapon	equipment extractable npc-weapon-pool spear tier-1 two-hand weapon	1	316
6696	1001201	Troom_TwoHandSpear	Ancient Wood Pole	weapon	equipment extractable npc-weapon-pool spear tier-1 two-hand weapon	1	316
6697	1002124	Bamboo_TwoHandSpear	Bamboo Spear	weapon	equipment extractable npc-weapon-pool spear tier-1 two-hand weapon	1	316
6698	1003247	Minigame_TwoHandSpear	Competition Spear	weapon	extractable minigame spear tier-1 weapon	1	316
6699	1001830	Hernand_Flag_I	Small Hernandian Banner Pike	weapon	banner equipment pike tier-1 two-hand weapon	1	316
6700	1000250	Calphade_Flag_I	Small Calphadean Banner Pike	weapon	banner equipment pike tier-1 two-hand weapon	1	316
6701	52020	Demeniss_Flag_II	Small Demenissian Banner Pike	weapon	banner equipment pike tier-1 two-hand weapon	1	316
6702	52021	Dellesian_Flag_I	Small Delesyian Banner Pike	weapon	banner equipment pike tier-1 two-hand weapon	1	316
6703	1001820	pailloon_Flag_I	Small Pailunese Banner Pike	weapon	banner equipment pike tier-1 two-hand weapon	1	316
6704	1001822	tommaso_Flag_I	Small Tommaso Banner Pike	weapon	banner equipment pike tier-1 two-hand weapon	1	316
6705	1001823	barnia_Flag_I	Small Varnian Banner Pike	weapon	banner equipment pike tier-1 two-hand weapon	1	316
6706	52025	fort_Flag_I	Small Dusksongs Banner Pike	weapon	banner equipment pike tier-1 two-hand weapon	1	316
6707	52026	fort_Flag_II	Small Faceless Banner Pike	weapon	banner equipment pike tier-1 two-hand weapon	1	316
6708	1001824	fort_Flag_III	Small Twilight Messengers Banner Pike	weapon	banner equipment pike tier-1 two-hand weapon	1	316
6709	1001825	Orc_Flag_I	Small Ironflame Orcs Banner Pike	weapon	banner equipment pike tier-1 two-hand weapon	1	316
6710	1001826	marni_Flag_I	Small Marni Banner Pike	weapon	banner equipment pike tier-1 two-hand weapon	1	316
6711	1001821	Wyvern_Flag_I	Small Wyvernflames Banner Pike	weapon	banner equipment pike tier-1 two-hand weapon	1	316
6712	1003326	graymane_Flag_II	Small Greymane Banner Pike	weapon	banner equipment pike tier-1 two-hand weapon	1	316
6713	1001088	Caliburn_Flag_I	Small Caliburn's Banner Pike	weapon	banner equipment pike tier-1 two-hand weapon	1	316
6714	1001831	demenissnobility_Flag_I	Small Demenissian Noble's Banner	weapon	banner equipment pike tier-1 two-hand weapon	1	316
6715	1001832	demenissnobility_Flag_II	Small Demenissian Noble's Banner	weapon	banner equipment pike tier-1 two-hand weapon	1	316
6716	1001833	demenissnobility_Flag_III	Small Demenissian Noble's Banner	weapon	banner equipment pike tier-1 two-hand weapon	1	316
6717	1001827	dragonkiller_Flag_I	Small Flame Knights Banner Pike	weapon	banner equipment pike tier-1 two-hand weapon	1	316
6718	1003322	Dewhaven_Flag_I	Small Dewhaven Banner Pike	weapon	banner equipment pike tier-1 two-hand weapon	1	316
6719	1003328	silence_Flag_I	Small Heavy Silence Banner Pike	weapon	banner equipment pike tier-1 two-hand weapon	1	316
6720	52029	Wells_Flag_I	Small Wells Banner Pike	weapon	banner equipment pike tier-1 two-hand weapon	1	316
6721	52033	Hound_Flag_I	Small Hellhounds Banner Pike	weapon	banner equipment pike tier-1 two-hand weapon	1	316
6722	52023	Blackbear_Flag_I	Small Black Bears Banner Pike	weapon	banner equipment pike tier-1 two-hand weapon	1	316
6723	1001829	deerking_Flag_I	Small Staglord Banner Pike	weapon	banner equipment pike tier-1 two-hand weapon	1	316
6724	1001084	Storm_Cliff_Flag_I	Small Dancing Catfish Pirates' Banner Pike	weapon	banner equipment pike tier-1 two-hand weapon	1	316
6725	1003327	musket_Flag_I	Small Musket of Demeniss Banner Pike	weapon	banner equipment pike tier-1 two-hand weapon	1	316
6726	52031	Arrow_Flag_I	The Blinding Arrows Small Banner Pike	weapon	banner equipment pike tier-1 two-hand weapon	1	316
6727	1001818	Fort_Flag_02	Small Halberd of Carnage's Banner Pike	weapon	banner equipment pike tier-1 two-hand weapon	1	316
6728	1001828	Bleed_Flag_II	Small Bleed Bandits Banner Pike	weapon	banner equipment pike tier-1 two-hand weapon	1	316
6729	1003165	Blackbear_Flag_II	Medium Black Bears Banner Pike	weapon	banner equipment pike tier-1 two-hand weapon	1	316
6730	1003166	Bleed_Flag_III	Medium Bleed Bandits Banner Pike	weapon	banner equipment pike tier-1 two-hand weapon	1	316
6731	1003167	Caliburn_Flag_II	Medium Caliburn's Banner Pike	weapon	banner equipment pike tier-1 two-hand weapon	1	316
6732	1003168	Calphade_Flag_II	Medium Calphadean Banner Pike	weapon	banner equipment pike tier-1 two-hand weapon	1	316
6733	1003169	deerking_Flag_II	Medium Staglord Banner Pike	weapon	banner equipment pike tier-1 two-hand weapon	1	316
6734	1003170	Dellesian_Flag_II	Medium Delesyian Banner Pike	weapon	banner equipment pike tier-1 two-hand weapon	1	316
6735	1002158	Demeniss_Flag_III	Medium Demenissian Banner Pike	weapon	banner equipment pike tier-1 two-hand weapon	1	316
6736	1003323	demenissnobility_Flag_IV	Medium Demenissian Noble's Banner Pike	weapon	banner equipment pike tier-1 two-hand weapon	1	316
6737	1003324	demenissnobility_Flag_V	Medium Demenissian Noble's Banner Pike	weapon	banner equipment pike tier-1 two-hand weapon	1	316
6738	1003325	demenissnobility_Flag_VI	Medium Demenissian Noble's Banner Pike	weapon	banner equipment pike tier-1 two-hand weapon	1	316
6739	1003171	Dewhaven_Flag_II	Medium Dewhaven Banner Pike	weapon	banner equipment pike tier-1 two-hand weapon	1	316
6740	1003337	fort_Flag_IV	Medium Dusksongs Banner Pike	weapon	banner equipment pike tier-1 two-hand weapon	1	316
6741	1003338	fort_Flag_V	Medium Faceless Banner Pike	weapon	banner equipment pike tier-1 two-hand weapon	1	316
6742	1003339	Orc_Flag_II	Medium Ironflame Orcs Banner Pike	weapon	banner equipment pike tier-1 two-hand weapon	1	316
6743	1003340	graymane_Flag_III	Medium Greymane Banner Pike	weapon	banner equipment pike tier-1 two-hand weapon	1	316
6744	1003341	Hound_Flag_II	Medium Hellhounds Banner Pike	weapon	banner equipment pike tier-1 two-hand weapon	1	316
6745	1003342	Hernand_Flag_II	Medium Hernandian Banner Pike	weapon	banner equipment pike tier-1 two-hand weapon	1	316
6746	1003343	marni_Flag_II	Medium Marni Banner Pike	weapon	banner equipment pike tier-1 two-hand weapon	1	316
6747	1003344	musket_Flag_II	Medium Musket of Demeniss Banner Pike	weapon	banner equipment pike tier-1 two-hand weapon	1	316
6748	1003345	pailloon_Flag_II	Medium Pailunese Banner Pike	weapon	banner equipment pike tier-1 two-hand weapon	1	316
6749	1003346	Storm_Cliff_Flag_II	Medium Dancing Catfish Pirates' Banner Pike	weapon	banner equipment pike tier-1 two-hand weapon	1	316
6750	1003347	silence_Flag_II	Medium Heavy Silence Banner Pike	weapon	banner equipment pike tier-1 two-hand weapon	1	316
6751	1003348	Arrow_Flag_II	The Blinding Arrows Medium Banner Pike	weapon	banner equipment pike tier-1 two-hand weapon	1	316
6752	1003349	Fort_Flag_03	Medium Halberd of Carnage's Banner Pike	weapon	banner equipment pike tier-1 two-hand weapon	1	316
6753	1003350	tommaso_Flag_II	Medium Tommaso Banner Pike	weapon	banner equipment pike tier-1 two-hand weapon	1	316
6754	1003351	fort_Flag_VI	Medium Twilight Messengers Banner Pike	weapon	banner equipment pike tier-1 two-hand weapon	1	316
6755	1003352	barnia_Flag_II	Medium Varnian Banner Pike	weapon	banner equipment pike tier-1 two-hand weapon	1	316
6756	1003353	Wells_Flag_II	Medium Wells Banner Pike	weapon	banner equipment pike tier-1 two-hand weapon	1	316
6757	1003354	Wyvern_Flag_II	Medium Wyvernflames Banner Pike	weapon	banner equipment pike tier-1 two-hand weapon	1	316
6758	1003355	dragonkiller_Flag_II	Medium Flame Knights Banner Pike	weapon	banner equipment pike tier-1 two-hand weapon	1	316
6759	52011	Common_Flag_I	Double-Sided Banner Pike	weapon	banner equipment pike tier-1 two-hand weapon	1	316
6760	52012	Common_Flag_II	Small Banner Pike	weapon	banner equipment pike tier-1 two-hand weapon	1	316
6761	1001083	Shield_Flag_IV	Damaged Medium Calphadean Banner Pike	weapon	banner equipment pike tier-1 two-hand weapon	1	316
6762	1001834	graymane_Flag_I	Tiny Greymane Banner Pike	weapon	banner equipment pike tier-1 two-hand weapon	1	316
6763	254143257	Delesyian_Flag	Small Delesyian Banner Pike	weapon	banner equipment pike tier-1 two-hand weapon	1	316
6764	380501	Demeniss_Flag	Small Demenissian Banner Pike	weapon	banner equipment pike tier-1 two-hand weapon	1	316
6765	380504	Royal_Hunting_Ground_Flag_III	Small Royal Hunting Ground Banner Pike	weapon	banner equipment pike tier-1 two-hand weapon	1	316
6766	380506	Drunk_BlackBears_Flag	Small Black Bears Banner Pike	weapon	banner equipment pike tier-1 two-hand weapon	1	316
6767	1000124	Militia_Flag	Small Militia Banner Pike	weapon	banner equipment pike tier-1 two-hand weapon	1	316
6768	1000439	Caliburn_Flag	Small Caliburn's Banner Pike	weapon	banner equipment pike tier-1 two-hand weapon	1	316
6769	1000440	Wells_Brigade_Flag	Small Wells Brigade Banner Pike	weapon	banner equipment pike tier-1 two-hand weapon	1	316
6770	1000442	UnyieldingShields_Flag	Small Calphadean Banner Pike	weapon	banner equipment pike tier-1 two-hand weapon	1	316
6771	1000258	Anti_Caliburn_Picket	Anti-Caliburn Signboard	weapon	banner equipment pike tier-1 two-hand weapon	1	316
6772	1004111	Antumbra_Picket	Antumbra Sign	weapon	banner equipment pike tier-1 two-hand weapon	1	316
6773	1000795	Storm_Cliff_Flag	Small Dancing Catfish Pirates' Banner Pike	weapon	banner equipment pike tier-1 two-hand weapon	1	316
6774	1001925	Blackbear_Flag_IV	Black Bears Banner Pike with Tassel	weapon	banner equipment pike tier-1 two-hand weapon	1	316
6775	1004829	Common_Flag_III	Small Banner Pike	weapon	banner equipment pike tier-1 two-hand weapon	1	316
6776	15901	AbyssReward_Skull_Knight_TwoHandSword	Frozen Anguish	weapon	equipment extractable important longsword npc-weapon-pool tier-5 two-hand weapon	5	3270
6777	15903	Awaken_Caliburn_TwoHandSword	Twisted Verdict	weapon	equipment extractable important longsword npc-weapon-pool tier-5 two-hand weapon	5	3270
6778	14705	Legendary_Antumbra_TwoHandGiantBastard	Darkbringer	weapon	equipment extractable important longsword npc-weapon-pool tier-5 two-hand weapon	5	3270
6779	240029	DarkLeader_TwoHandSword	Vessel of Dark Pursuit	weapon	equipment extractable important longsword npc-weapon-pool tier-4 two-hand weapon	4	2289
6780	1000545	Regglin_Boss_TwoHandSword	Bringer of Balance	weapon	equipment extractable important longsword npc-weapon-pool tier-4 two-hand weapon	4	2289
6781	240030	Caliburn_TwoHandSword	Righteous Verdict	weapon	equipment extractable important longsword npc-weapon-pool tier-4 two-hand weapon	4	2289
6782	240042	Ignir_TwoHandSword	Ignir	weapon	equipment extractable important longsword npc-weapon-pool tier-3 two-hand weapon	3	1308
6783	15902	HemondBindel_TwoHandSword	Hound	weapon	equipment extractable important longsword npc-weapon-pool tier-2 two-hand weapon	2	654
6784	241000	Dragon_TwoHandSword	Aeserion Longsword	weapon	equipment extractable important longsword npc-weapon-pool tier-5 two-hand weapon	5	3270
6785	240016	Beastman_TwoHandSword	Savage Longsword	weapon	equipment extractable longsword npc-weapon-pool tier-4 two-hand weapon	4	2289
6786	240043	Delesian_Friend_Boss_TwoHandSword	Delesyian Longsword	weapon	equipment extractable important longsword npc-weapon-pool tier-4 two-hand weapon	4	2289
6787	1000080	Hwando_TwoHandSword	Hwando	weapon	equipment extractable important longsword npc-weapon-pool tier-4 two-hand weapon	4	2289
6788	241002	Invisible_TwoHandGiantBastard	Dandelion Longsword	weapon	equipment extractable longsword npc-weapon-pool tier-4 two-hand weapon	4	2289
6789	1002102	Serdin_Giant_TwoHandGiantBastard	Serdin Greatsword	weapon	docking equipment extractable greatsword npc-weapon-pool tier-4 two-hand weapon	4	3024
6790	1002106	Verak_Giant_TwoHandGiantBastard	Verak Greatsword	weapon	docking equipment extractable greatsword npc-weapon-pool tier-4 two-hand weapon	4	3024
6791	240023	Khadion_TwoHandSword	Iris Longsword	weapon	equipment extractable longsword npc-weapon-pool tier-3 two-hand weapon	3	1308
6792	240001	Stugrub_TwoHandSword	Tardik Longsword	weapon	equipment extractable longsword npc-weapon-pool tier-3 two-hand weapon	3	1308
6793	240019	Gregrick_TwoHandSword	Dewhaven Longsword	weapon	equipment extractable longsword npc-weapon-pool tier-3 two-hand weapon	3	1308
6794	1002103	Parvel_Giant_TwoHandGiantBastard	Parvel Greatsword	weapon	docking equipment extractable greatsword npc-weapon-pool tier-3 two-hand weapon	3	1728
6795	1002104	Arven_Giant_TwoHandGiantBastard	Arben Greatsword	weapon	docking equipment extractable greatsword npc-weapon-pool tier-3 two-hand weapon	3	1728
6796	1002105	Lusek_Giant_TwoHandGiantBastard	Lusec Greatsword	weapon	docking equipment extractable greatsword npc-weapon-pool tier-3 two-hand weapon	3	1728
6797	240020	Kiehrius_TwoHandSword	Thalwynd Longsword	weapon	equipment extractable longsword npc-weapon-pool tier-2 two-hand weapon	2	654
6798	240034	Wanderer_Mercenary_TwoHandSword	Sydmon Longsword	weapon	equipment extractable longsword npc-weapon-pool tier-2 two-hand weapon	2	654
6799	240026	Rayhorn_TwoHandSword	Rhett's Longsword	weapon	equipment extractable longsword npc-weapon-pool tier-2 two-hand weapon	2	230
6800	240031	Tynion_Giant_TwoHandGiantBastard	Absolute Justice Greatsword	weapon	docking equipment extractable greatsword npc-weapon-pool tier-2 two-hand weapon	2	864
6801	240018	Reckleeman_TwoHandSword	Balton Longsword	weapon	equipment extractable longsword npc-weapon-pool tier-1 two-hand weapon	1	327
6802	1002710	Dev_QA0	[QA] Profiling (Hernand)	dev	dev no-sell stackable tier-0	0	1
6803	1002711	Dev_QA1	[QA] Profiling (Hernand-Demeniss 60)	dev	dev no-sell stackable tier-0	0	1
6804	1002716	Dev_QA2	[QA] Profiling (Hernand-Demeniss 20)	dev	dev no-sell stackable tier-0	0	1
6805	1002717	Dev_QA3	[QA] Profiling (Hernand-Demeniss 2.5)	dev	dev no-sell stackable tier-0	0	1
6806	1003209	Dev_QA_demtodel_walk	[QA] Profiling (Demeniss-Delesyia 2.5)	dev	dev no-sell stackable tier-0	0	1
6807	1003210	Dev_QA_demtodel_run	[QA] Profiling (Demeniss-Delesyia 20)	dev	dev no-sell stackable tier-0	0	1
6808	1000023	Dev_QA_hertopail_walk	[QA] Profiling (Hernand-Pailune 2.5)	dev	dev no-sell stackable tier-0	0	1
6809	1002184	Dev_QA_hertopail_run	[QA] Profiling (Hernand-Pailune 20)	dev	dev no-sell stackable tier-0	0	1
6810	1003643	Dev_QA_demtovar_walk	[QA] Profiling (Demeniss-Varnia 2.5)	dev	dev no-sell stackable tier-0	0	1
6811	1003649	Dev_QA_demtovar_run	[QA] Profiling (Demeniss-Varnia 20)	dev	dev no-sell stackable tier-0	0	1
6812	1000854	Dev_QA_her_loop	[QA] Repeated movement within Hernand (Speed 15)	dev	dev no-sell stackable tier-0	0	1
