prefab	kind	item_key	name	src	breaks	yields	driven	pickup	statepick
cd_ancient_altarstone_01_01	stone	Stone_Quarry	Stone	name	0		0	0	0
cd_bigtree_02_birch_paper_parts01	wood		Wood	name	0		0	0	0
cd_bigtree_02_burn_parts01	wood		Cd bigtree 02 burn parts01	name	0		0	0	0
cd_bigtree_02_oak_parts01	wood		Cd bigtree 02 oak parts01	name	0		0	0	0
cd_bigtree_02_pail_parts01	wood		Cd bigtree 02 pail parts01	name	0		0	0	0
cd_bigtree_02_parts01	wood		Cd bigtree 02 parts01	name	0		0	0	0
cd_bigtree_02_pine_parts01	wood		Cd bigtree 02 pine parts01	name	0		0	0	0
cd_box_mushroom_02	container		Cd box mushroom	tag	1	Songyi_Mushroom	0	0	0
cd_box_mushroom_04	plant		Cd box mushroom	name	1		0	0	0
cd_cd_fabric_deco_carpet_08	container	Collection_Prop_Tool_0011	Pile of Cloth	tag	0		0	0	0
cd_cd_fabric_deco_carpet_10	container	Collection_Prop_Tool_0010	Pile of Clothing Materials	tag	0		0	0	0
cd_ex_dpf_fishbasket_03	container		Cd ex dpf fishbasket	tag	1	Food_Dried_Fish	0	0	0
cd_ex_dpf_flowerbasket_01	container	Collection_Prop_FlowerPot_0002	Flower Basket	tag	0		0	0	0
cd_ex_dpf_flowerbasket_02	container	Collection_Prop_FlowerPot_0003	Daisy Flower Basket	tag	0		0	0	0
cd_ex_dpf_flowerbasket_03	container	Collection_Prop_FlowerPot_0004	Yellow Blue-Eyed Grass Basket	tag	0		0	0	0
cd_ex_dpf_flowerhang_01	plant		Cd ex dpf flowerhang	name	0		0	0	0
cd_ex_dpf_flowerhang_02	plant		Cd ex dpf flowerhang	name	0		0	0	0
cd_ex_dpf_flowerhang_03	plant		Cd ex dpf flowerhang	name	0		0	0	0
cd_ex_dpf_flowerhang_04	plant		Cd ex dpf flowerhang	name	0		0	0	0
cd_ex_dpf_flowerpot_09	container	Collection_Prop_FlowerPot_0005	Red Rose Flower Pot	tag	0		0	0	0
cd_ex_dpf_flowerpot_09a	container	Collection_Prop_FlowerPot_0006	Yellow Rose Flower Pot	tag	0		0	0	0
cd_ex_dpf_flowerpot_10	container	Collection_Prop_FlowerPot_0007	Alocasia Pot	tag	0		0	0	0
cd_ex_dpf_flowerpot_11	container	Collection_Prop_FlowerPot_0008	Colorful Gerbera Pot	tag	0		0	0	0
cd_ex_dpf_flowerpot_12	container	Collection_Prop_FlowerPot_0009	Violet Flower Pot	tag	0		0	0	0
cd_ex_dpf_flowerpot_13	container	Collection_Prop_FlowerPot_0010	Purple Gerbera Flower Pot	tag	0		0	0	0
cd_ex_dpf_flowerpot_14	container	Collection_Prop_FlowerPot_0011	Dark Brown Gerbera Flower Pot	tag	0		0	0	0
cd_ex_dpf_flowerpot_15	container	Collection_Prop_FlowerPot_0012	Light Brown Gerbera Flower Pot	tag	0		0	0	0
cd_ex_dpf_flowerpot_16_housing	plant		Cd ex dpf flowerpot 16 housing	name	0		0	0	0
cd_ex_dpf_flowerpot_21_housing	plant		Cd ex dpf flowerpot 21 housing	name	0		0	0	0
cd_ex_dpf_flowerpot_23_housing	plant		Cd ex dpf flowerpot 23 housing	name	0		0	0	0
cd_ex_dpf_flowerpot_23_index02	container	Collection_Prop_FlowerPot_0032	Red Flower Pot	tag	0		0	0	0
cd_ex_dpf_flowerpot_24_housing	plant		Cd ex dpf flowerpot 24 housing	name	0		0	0	0
cd_ex_dpf_flowerpot_26	container	Collection_Prop_FlowerPot_0013	Flower-Shaped Marigold Pot	tag	0		0	0	0
cd_ex_dpf_flowerpot_27	container	Collection_Prop_FlowerPot_0014	Chalice Flower Pot	tag	0		0	0	0
cd_ex_dpf_flowerpot_29	container	Collection_Prop_FlowerPot_0015	White Flower-Shaped Marigold Pot	tag	0		0	0	0
cd_ex_dpf_flowerpot_35	container	Collection_Prop_FlowerPot_0020	Leafy Pot	tag	0		0	0	0
cd_ex_dpf_flowerpot_37_housing	plant		Cd ex dpf flowerpot 37 housing	name	0		0	0	0
cd_ex_dpf_flowerpot_38	container	Collection_Prop_FlowerPot_0023	Purple Cactus Pot	tag	0		0	0	0
cd_ex_dpf_flowerpot_40	container	Collection_Prop_FlowerPot_0025	Purple Flower-Shaped Cactus Pot	tag	0		0	0	0
cd_ex_dpf_flowerpot_42	container	Collection_Prop_FlowerPot_0027	Chalice Bush Pot	tag	0		0	0	0
cd_ex_dpf_flowerpot_44	container	Collection_Prop_FlowerPot_0029	Flower-Decorated Cactus Pot	tag	0		0	0	0
cd_ex_dpf_flowerpot_57	container	Collection_Prop_FlowerPot_0031	Small Plant Pot	tag	0		0	0	0
cd_ex_dpf_flowerpot_61_housing	plant		Cd ex dpf flowerpot 61 housing	name	0		0	0	0
cd_gimmick_ct_mushroom_hericium_wood_brokentree_01_parts01	plant		Plant	tag	0	Ssari_Mushroom	0	0	0
cd_gimmick_ct_mushroom_phellinus_wood_brokentree_01_parts01	plant		Plant	tag	0	Songyi_Mushroom	0	0	0
cd_gimmick_ct_mushroom_shiitake_wood_brokentree_01_parts01	plant		Plant	tag	0	Pyogo_Mushroom	0	0	0
cd_gimmick_ct_poisonmushroom_wood_brokentree_01_parts01	plant		Plant	tag	0	Umbrella_Mushroom	0	0	0
cd_gimmick_item_flowers_01	plant		Item flowers	name	0		0	0	0
cd_gimmick_puzzle_kweiden_tombstone_part_01	stone		Kwe tombstone part	name	0		0	0	0
cd_gimmick_puzzle_kweiden_tombstone_part_02	stone		Kwe tombstone part	name	0		0	0	0
cd_gimmick_puzzle_kweiden_tombstone_part_03	stone		Kwe tombstone part	name	0		0	0	0
cd_in_dpfo_cup_legendanimal_0001	pickup		Cd in dpfo cup legendanimal	tag	0		0	0	0
cd_in_dpfo_goldbar_01	pickup		Cd in dpfo goldbar	tag	0	GoldBar_Fake	0	0	0
cd_in_dpfo_meat_chicken_01	pickup		Item collect hang meat	folder	0	Roast_Chicken	0	1	0
cd_in_dpfo_meat_pork_01	pickup		Item collect hang meat	folder	0	Freshly_Grilled_Bird	0	1	0
cd_in_dpfo_meat_pork_03	pickup		Item collect hang meat	folder	0	Grilled_Meat	0	1	0
cd_in_dpfo_steak_01	pickup		Item collect hang meat	folder	0	Grilled_Meat_Fish	0	1	0
cd_in_dpfo_steak_01a	pickup		Item collect hang meat	folder	0	Meat_Sanjeok	0	1	0
cd_in_dpfo_steak_01a_01	pickup		Item collect hang meat	folder	0	Grilled_Meat	0	1	0
cd_in_dpfo_steak_01b	pickup		Item collect hang meat	folder	0	Meat_Fish_Sanjeok	0	1	0
cd_in_dpfo_steak_01c	pickup		Item collect hang meat	folder	0	Meat_Fish_Sanjeok	0	1	0
cd_in_dpfo_steak_01c_01	pickup		Item collect hang meat	folder	0	Freshly_Grilled_Bird	0	1	0
cd_in_food_chicken_01	pickup		Item collect hang meat	folder	0	Roast_Chicken	0	1	0
cd_in_food_meat_01	pickup		Item collect hang meat	folder	0	Freshly_Grilled_Crab	0	1	0
cd_nature_wood_broken_tree_11	wood		Cd nature wood broken tree	name	0		0	0	0
cd_nature_wood_broken_tree_11_burn	wood		Wood	name	0		0	0	0
cd_nature_wood_broken_tree_11_hexe	wood		Wood	name	0		0	0	0
cd_nature_wood_broken_tree_11_i1	wood		Cd nature wood broken tree 11 i1	name	0		0	0	0
cd_nature_wood_broken_tree_11_i10	wood		Wood	name	0		0	0	0
cd_nature_wood_broken_tree_11_i11	wood		Wood	name	0		0	0	0
cd_nature_wood_broken_tree_11_i3	wood		Cd nature wood broken tree 11 i3	name	0		0	0	0
cd_nature_wood_broken_tree_11_i6	wood		Cd nature wood broken tree 11 i6	name	0		0	0	0
cd_nature_wood_broken_tree_11_index01	wood		Wood	name	0		0	0	0
cd_nature_wood_broken_tree_11_pine	wood		Wood	name	0		0	0	0
cd_nature_wood_broken_tree_12_burn_parts01	wood		Wood	name	0		0	0	0
cd_nature_wood_broken_tree_12_i1_parts01	wood		Wood	name	0		0	0	0
cd_nature_wood_broken_tree_12_oak_parts01	wood		Wood	name	0		0	0	0
cd_nature_wood_broken_tree_12_pai_parts01	wood		Wood	name	0		0	0	0
cd_nature_wood_broken_tree_12_parts01	wood		Wood	name	0		0	0	0
cd_nature_wood_oldtree_01_01	wood		Cd nature wood oldtree 01	name	1		0	0	0
cd_nature_wood_oldtree_01_01_index01	wood		Wood	name	1		0	0	0
cd_nature_wood_oldtree_01_01_pine	wood		Wood	name	1		0	0	0
cd_preset_shop_npctable_stonestore_01	stone		Shop npctable stonestore	name	0		0	0	0
gimmick_abyss_artifact_0001	pickup		Abyss artifact	tag	0		0	0	0
gimmick_abyss_ator_dungeon_blackstone_01	stone		Abyss ator dungeon blackstone	name	0		0	0	0
gimmick_abyss_ator_dungeon_blackstone_02	stone		Abyss ator dungeon blackstone	name	0		0	0	0
gimmick_abyss_effect_umbra_floatingstone_01	stone		Abyss effect umbra floatingstone	name	0		0	0	0
gimmick_abyss_fit_height_pillar_0001_standstone_parts01	stone		Stone	name	0		0	0	0
gimmick_abyss_standstone_01	stone		Abyss standstone	name	0		0	0	0
gimmick_abyss_standstone_01_part_02	stone		Abyss standstone 01 part	name	0		0	0	0
gimmick_abyss_standstone_01_part_02_index01	stone		Stone	name	0		0	0	0
gimmick_abyss_standstone_02	stone		Abyss standstone	name	0		0	0	0
gimmick_abyss_standstone_03	stone		Abyss standstone	name	0		0	0	0
gimmick_abyss_stone_01	stone	Stone_Quarry	Stone	name	1		0	0	0
gimmick_abyss_stone_01_parts_0003	stone		Abyss stone 01 parts	name	0		0	0	0
gimmick_abyss_stone_01a	stone		Abyss stone 01a	name	0		0	0	0
gimmick_abyss_stone_01a_parts_0001	stone		Abyss stone 01a part	name	0		0	0	0
gimmick_abyss_stone_01a_parts_0002	stone		Abyss stone 01a part	name	0		0	0	0
gimmick_abyss_tree_0001	wood		Abyss tree	name	0		0	0	0
gimmick_abyss_umbra_stone_0001	stone	Stone_Quarry	Stone	name	1		0	0	0
gimmick_abyss_umbra_stone_0001_index01	stone	Stone_Quarry	Stone	name	1		0	0	0
gimmick_abyss_umbra_stone_0002	stone	Stone_Quarry	Stone	name	1		0	0	0
gimmick_abyss_umbra_stone_0002_index01	stone	Stone_Quarry	Stone	name	1		0	0	0
gimmick_abyss_umbra_stone_0003	stone	Stone_Quarry	Stone	name	1		0	0	0
gimmick_abyss_umbra_stone_0003_index01	stone	Stone_Quarry	Stone	name	1		0	0	0
gimmick_abyss_umbra_stone_0004	stone	Stone_Quarry	Stone	name	1		0	0	0
gimmick_abyss_umbra_stone_0004_index01	stone	Stone_Quarry	Stone	name	1		0	0	0
gimmick_abyss_umbra_stone_0005	stone	Stone_Quarry	Stone	name	1		0	0	0
gimmick_abyss_umbra_stone_0005_index01	stone	Stone_Quarry	Stone	name	1		0	0	0
gimmick_abyss_umbra_stone_0006	stone	Stone_Quarry	Stone	name	1		0	0	0
gimmick_abyss_umbra_stone_0006_index01	stone	Stone_Quarry	Stone	name	1		0	0	0
gimmick_abyss_umbra_stone_0007	stone	Stone_Quarry	Stone	name	1		0	0	0
gimmick_abyss_umbra_stone_0007_index01	stone	Stone_Quarry	Stone	name	1		0	0	0
gimmick_abyss_umbra_stone_0008	stone	Stone_Quarry	Stone	name	1		0	0	0
gimmick_abyss_umbra_stone_0008_index01	stone	Stone_Quarry	Stone	name	1		0	0	0
gimmick_abyss_umbra_stone_0009	stone	Stone_Quarry	Stone	name	1		0	0	0
gimmick_abyss_umbra_stone_0009_index01	stone	Stone_Quarry	Stone	name	1		0	0	0
gimmick_abyss_umbra_stone_0010	stone	Stone_Quarry	Stone	name	1		0	0	0
gimmick_abyss_umbra_stone_0010_index01	stone	Stone_Quarry	Stone	name	1		0	0	0
gimmick_abyss_umbra_stone_0011	stone	Stone_Quarry	Stone	name	1		0	0	0
gimmick_abyss_umbra_stone_0011_index01	stone	Stone_Quarry	Stone	name	1		0	0	0
gimmick_abyss_umbra_stoneset_0001	stone		Abyss umbra stoneset	name	1		0	0	0
gimmick_abyss_umbra_stoneset_0001_index01	stone		Stone	name	1		0	0	0
gimmick_abyss_umbra_stoneset_0002	stone		Abyss umbra stoneset	name	1		0	0	0
gimmick_abyss_umbra_stoneset_0002_index01	stone		Stone	name	1		0	0	0
gimmick_abyss_umbra_stoneset_0003	stone		Abyss umbra stoneset	name	1		0	0	0
gimmick_abyss_umbra_stoneset_0003_index01	stone		Stone	name	1		0	0	0
gimmick_abyss_umbra_stoneset_0004	stone		Abyss umbra stoneset	name	1		0	0	0
gimmick_abyss_umbra_stoneset_0004_index01	stone		Stone	name	1		0	0	0
gimmick_abyss_umbra_stoneset_0005	stone		Abyss umbra stoneset	name	1		0	0	0
gimmick_abyss_umbra_stoneset_0005_index01	stone		Stone	name	1		0	0	0
gimmick_abyss_umbra_stoneset_0006	stone		Abyss umbra stoneset	name	1		0	0	0
gimmick_abyss_umbra_stoneset_0006_index01	stone		Stone	name	1		0	0	0
gimmick_abyss_umbra_stoneset_0007	stone		Abyss umbra stoneset	name	1		0	0	0
gimmick_abyss_umbra_stoneset_0007_index01	stone		Stone	name	1		0	0	0
gimmick_abyss_umbra_stoneset_0008	stone		Abyss umbra stoneset	name	1		0	0	0
gimmick_abyss_umbra_stoneset_0008_index01	stone		Stone	name	1		0	0	0
gimmick_abyss_umbra_stoneset_0009	stone		Abyss umbra stoneset	name	1		0	0	0
gimmick_abyss_umbra_stoneset_0009_index01	stone		Stone	name	1		0	0	0
gimmick_abyss_umbra_stoneset_0010	stone		Abyss umbra stoneset	name	1		0	0	0
gimmick_abyss_umbra_stoneset_0010_index01	stone		Stone	name	1		0	0	0
gimmick_abyss_umbra_stoneset_0011	stone		Abyss umbra stoneset	name	1		0	0	0
gimmick_abyss_umbra_stoneset_0011_index01	stone		Stone	name	1		0	0	0
gimmick_abyss_umbra_stoneset_0012	stone		Abyss umbra stoneset	name	1		0	0	0
gimmick_abyss_umbra_stoneset_0012_index01	stone		Stone	name	1		0	0	0
gimmick_abyss_umbra_stoneset_square_0001	stone		Abyss umbra stoneset square	name	1		0	0	0
gimmick_abyss_umbra_stoneset_square_0002	stone		Abyss umbra stoneset square	name	1		0	0	0
gimmick_abyss_umbra_stoneset_square_0003	stone		Abyss umbra stoneset square	name	1		0	0	0
gimmick_abyss_umbra_stoneset_square_0004	stone		Abyss umbra stoneset square	name	1		0	0	0
gimmick_abyss_umbra_stoneset_square_0005	stone		Abyss umbra stoneset square	name	1		0	0	0
gimmick_abyss_umbra_stoneset_square_0006	stone		Abyss umbra stoneset square	name	1		0	0	0
gimmick_abyssgrass_01	plant		Abyssgrass	name	0		0	0	0
gimmick_abyssgrass_02	plant		Abyssgrass	name	0		0	0	0
gimmick_abyssgrass_03	plant		Abyssgrass	name	0		0	0	0
gimmick_abyssgrass_04	plant		Abyssgrass	name	0		0	0	0
gimmick_abyssgrass_legendarywolf	plant		Abyssgrass legendarywolf	name	0		0	0	0
gimmick_abyssone_catch_box_01	container		Abyssone catch box	tag	0		0	0	0
gimmick_aka_quarry_bigstone_01	ore		Aka quarry bigstone	tag	0		0	0	0
gimmick_aka_quarry_bigstone_02	ore		Aka quarry bigstone	tag	0		0	0	0
gimmick_ancient_stone_soldier_01_b_gmk_05	stone		Ancient stone soldier 01 b gmk	name	0		0	0	0
gimmick_ancient_stone_warrior_01_b_gmk_05	stone		Ancient stone warrior 01 b gmk	name	0		0	0	0
gimmick_attach_mine_bismuth_place_01	ore		Mine bismuth attach	tag	1		0	0	0
gimmick_attach_mine_diamond_place_01	ore		Mine diamond attach	tag	1	Diamond	0	0	0
gimmick_attach_mine_ironstone_place_01	ore		Mine iron attach	tag	1	IronStone	0	0	0
gimmick_attach_mine_redstone_place_01	ore		Mine redstone attach	tag	1	RedStone	0	0	0
gimmick_attach_spot_tower_bismuth_01_break	ore		Ore	tag	1		0	0	0
gimmick_attach_spot_tower_bismuth_06_break	ore		Ore	tag	1		0	0	0
gimmick_barrel_electric_01	container		Barrel electric	tag	1		0	0	0
gimmick_barrel_fire_01	container		Barrel fire	tag	1		0	0	0
gimmick_barrel_fire_02	container		Barrel fire	tag	1		0	0	0
gimmick_barrel_ice_01	container		Barrel ice	tag	1		0	0	0
gimmick_barrel_nofire_01	container		Barrel nofire	tag	1		0	0	0
gimmick_barrel_poison_01	container		Barrel poison	tag	1		0	0	0
gimmick_beacon_firewood_0001	wood		Beacon firewood	name	0	Recipe_Grilled_Meat_Fish Ciburn_Leather_Gloves	0	0	0
gimmick_beacon_firewood_01	wood		Beacon firewood	name	0		0	0	0
gimmick_beacon_firewood_03	wood		Beacon firewood	name	0		0	0	0
gimmick_bigtree_01	wood		Bigtree	name	0		0	0	0
gimmick_bigtree_01_fire	wood		Bigtree 01 fire	name	0		0	0	0
gimmick_bigtree_01_remote	wood		Bigtree 01 log	name	0		0	0	0
gimmick_bigtree_01_thunder	wood		Bigtree 01 thunder	name	0		0	0	0
gimmick_bigtree_02_fire	wood		Bigtree 02 fire	name	0		0	0	0
gimmick_bigtree_02_fire_part	wood		Bigtree 02 fire part	name	0		0	0	0
gimmick_blue_bomb_01	pickup		Battle blue bomb	tag	1	BountyHunter_Fabric_Boots_I	0	0	0
gimmick_boss_landspider_bismuth_pillar_0001	ore		Landspider bismuth pillar	tag	1		0	0	0
gimmick_boss_landspider_bismuth_pillar_0002	ore		Landspider bismuth pillar	tag	1		0	0	0
gimmick_boss_reeddevil_totem_01	plant		Boss reeddevil totem	name	1		0	0	0
gimmick_boss_titan_stone_01	stone	Stone_Quarry	Stone	name	0		0	0	0
gimmick_box_barrel_01	container		Box barrel	tag	1		0	0	0
gimmick_box_barrel_01_hellhound	container		Box barrel 01 hellhound	tag	1		0	0	0
gimmick_box_barrel_01_index01	container		Box barrel 01 index01	tag	1		0	0	0
gimmick_box_barrel_01_index02	container		Box barrel 01 index02	tag	1		0	0	0
gimmick_box_barrel_01_kwe	container		Box barrel 01 kwe	tag	1		0	0	0
gimmick_box_barrel_01_pail	container		Box barrel 01 pail	tag	1		0	0	0
gimmick_box_barrel_01_snow	container		Box barrel 01 snow	tag	1		0	0	0
gimmick_box_barrel_broken_01_hellhound	container		Box barrel broken 01 hellhound	tag	1		0	0	0
gimmick_box_barrel_broken_01_kwe	container		Box barrel broken 01 kwe	tag	1		0	0	0
gimmick_box_barrel_close_01_break	container		Box barrel close 01 break	tag	1		0	0	0
gimmick_box_barrel_close_01_i2	container		Box barrel close 01 i2	tag	1		0	0	0
gimmick_box_barrel_close_02	container		Box barrel	tag	1		0	0	0
gimmick_box_barrel_close_02_hellhound	container		Box barrel 02 hellhound	tag	1		0	0	0
gimmick_box_barrel_close_02_i3	container		Box barrel close 02 i3	tag	1		0	0	0
gimmick_box_barrel_close_02_i4	container		Box barrel close 02 i4	tag	1		0	0	0
gimmick_box_barrel_close_02_kwe	container		Box barrel 02 kwe	tag	1		0	0	0
gimmick_box_barrel_close_02_pail	container		Box barrel 02 pail	tag	1		0	0	0
gimmick_box_barrel_close_03	container		Box barrel	tag	1		0	0	0
gimmick_box_barrel_close_03_hellhound	container		Box barrel 03 hellhound	tag	1		0	0	0
gimmick_box_barrel_close_05	container		Box barrel	tag	1		0	0	0
gimmick_box_barrel_close_05_i4	container		Box barrel close 05 i4	tag	1		0	0	0
gimmick_box_barrel_close_06	container		Box barrel	tag	1		0	0	0
gimmick_box_barrel_close_06_hellhound	container		Box barrel 06 hellhound	tag	1		0	0	0
gimmick_box_barrel_close_06_i1	container		Box barrel close 06 i1	tag	1		0	0	0
gimmick_box_barrel_close_07	container		Box barrel close	tag	1		0	0	0
gimmick_box_barrel_close_09	container		Box barrel close	tag	1		0	0	0
gimmick_box_barrel_close_10	container		Box barrel	tag	1		0	0	0
gimmick_box_barrel_close_10_break	container		Box barrel close 10 break	tag	1		0	0	0
gimmick_box_barrel_close_10_hellhound	container		Box barrel close 10 hellhound	tag	1		0	0	0
gimmick_box_barrel_close_10_kwe	container		Box barrel close 10 kwe	tag	1		0	0	0
gimmick_box_barrel_close_11	container		Box barrel	tag	1		0	0	0
gimmick_box_barrel_close_11_hellhound	container		Box barrel close 11 hellhound	tag	1		0	0	0
gimmick_box_barrel_close_12	container		Box barrel	tag	1		0	0	0
gimmick_box_barrel_close_12_index01	container		Box barrel 12 index01	tag	1		0	0	0
gimmick_box_barrel_open_01	container		Box barrel open	tag	1		0	0	0
gimmick_box_barrel_open_01_kwe	container		Box barrel open 01 kwe	tag	1		0	0	0
gimmick_box_barrel_open_02	container		Box barrel open	tag	1		0	0	0
gimmick_box_barrel_open_03	container		Box barrel open	tag	1		0	0	0
gimmick_box_barrel_open_04	container		Box barrel open	tag	1		0	0	0
gimmick_box_barrel_open_04_hellhound	container		Box barrel open 04 hellhound	tag	1		0	0	0
gimmick_box_bucket_01	container		Box bucket	tag	1		0	0	0
gimmick_box_bucket_02	container		Box bucket	tag	1		0	0	0
gimmick_box_bucket_02a	container		Box bucket 02a	tag	1		0	0	0
gimmick_box_bucket_02a_unbreak	container		Bucket 02a unbreak	tag	1		0	0	0
gimmick_box_bucket_07_kwe	container		Box bucket 07 kwe	tag	1		0	0	0
gimmick_box_bucket_08	container		Box bucket	tag	1		0	0	0
gimmick_box_bucket_08_index01	container		Box bucket 08 index01	tag	1		0	0	0
gimmick_box_bucket_09	container		Box bucket	tag	1		0	0	0
gimmick_box_bucket_10	container		Box bucket	tag	1		0	0	0
gimmick_box_catch_01	container		Box catch	tag	1		0	0	0
gimmick_box_catch_02	container		Box catch	tag	1		0	0	0
gimmick_box_catch_03	container		Box catch	tag	1		0	0	0
gimmick_box_catch_04	container		Box catch	tag	1		0	0	0
gimmick_box_close_01	container		Box close	tag	1		0	0	0
gimmick_box_close_01_hellhound	container		Box close 01 hellhound	tag	1		0	0	0
gimmick_box_close_01_index01	container		Box close 01 index01	tag	1		0	0	0
gimmick_box_close_01_index02	container		Box close 01 index02	tag	1		0	0	0
gimmick_box_close_01_index03	container		Box close 01 index03	tag	1		0	0	0
gimmick_box_close_01_index04	container		Box close 01 index04	tag	1		0	0	0
gimmick_box_close_01_kwe	container		Box close 01 kwe	tag	1		0	0	0
gimmick_box_close_01_snow	container		Box close 01 snow	tag	1		0	0	0
gimmick_box_close_02	container		Box close	tag	1		0	0	0
gimmick_box_close_02_index01	container		Box close 02 index01	tag	1		0	0	0
gimmick_box_close_02_kwe	container		Box close 02 kwe	tag	1		0	0	0
gimmick_box_close_03	container		Box close	tag	1		0	0	0
gimmick_box_close_03_hellhound	container		Box close 03 hellhound	tag	1		0	0	0
gimmick_box_close_03_kwe	container		Box close 03 kwe	tag	1		0	0	0
gimmick_box_close_03_snow	container		Box close 03 snow	tag	1		0	0	0
gimmick_box_close_04	container		Box close	tag	1		0	0	0
gimmick_box_close_04_hellhound	container		Box close 04 hellhound	tag	1		0	0	0
gimmick_box_close_04_kwe	container		Box close 04 kwe	tag	1		0	0	0
gimmick_box_close_04a	container		Box close 04a	tag	1		0	0	0
gimmick_box_close_04a_kwe	container		Box close 04a kwe	tag	1		0	0	0
gimmick_box_close_05	container		Box close	tag	1		0	0	0
gimmick_box_close_05_hellhound	container		Box close 05 hellhound	tag	1		0	0	0
gimmick_box_donation_reward_coin_01	container		Box donation reward coin	tag	1		0	0	0
gimmick_box_donation_reward_coin_02	container		Box donation reward coin	tag	1		0	0	0
gimmick_box_donation_reward_coin_03	container		Box donation reward coin	tag	1		0	0	0
gimmick_box_donation_reward_stone_01	container		Box donation reward stone	tag	1	Stone_Quarry	0	0	0
gimmick_box_donation_reward_stone_02	container		Box donation reward stone	tag	1	Fine_Stone	0	0	0
gimmick_box_donation_reward_stone_03	container		Box donation reward stone	tag	1	Premium_Stone	0	0	0
gimmick_box_donation_reward_weapon_01	container		Box donation reward weapon	tag	0	MultiArrow	0	0	0
gimmick_box_donation_reward_wood_01	container		Box donation reward wood	tag	1	Wood	0	0	0
gimmick_box_donation_reward_wood_02	container		Box donation reward wood	tag	1	Fine_Wood	0	0	0
gimmick_box_donation_reward_wood_03	container		Box donation reward wood	tag	1	Premium_Wood	0	0	0
gimmick_box_electric_01	container		Box electric	tag	1		0	0	0
gimmick_box_fire_01	container		Box fire	tag	1		0	0	0
gimmick_box_leather_01_i1	container		Leather 01 i1	tag	1		0	0	0
gimmick_box_oil_barrel_01	container		Box oil barrel	tag	1		0	0	0
gimmick_box_oil_barrel_02	container		Box oil barrel	tag	0		0	0	0
gimmick_box_open_01	container		Box open	tag	1		0	0	0
gimmick_box_open_01_index01	container		Box open 01 index01	tag	1		0	0	0
gimmick_box_open_04	container		Box open	tag	1		0	0	0
gimmick_box_open_04_hellhound	container		Box open 04 hellhound	tag	1		0	0	0
gimmick_box_open_04_kwe	container		Box open 04 kwe	tag	1		0	0	0
gimmick_box_open_05	container		Box open	tag	1		0	0	0
gimmick_box_open_06	container		Box open	tag	1		0	0	0
gimmick_box_open_06_hellhound	container		Box open 06 hellhound	tag	1		0	0	0
gimmick_box_stonecarrier_01	container		Box stonecarrier	tag	1		0	0	0
gimmick_break_step_stone_02	stone	Stone_Quarry	Stone	name	1		0	0	0
gimmick_break_woodbranch_01	wood		Break woodbranch	name	1		0	0	0
gimmick_breakable_baggage_01	container		Breakable baggage	tag	0		0	0	0
gimmick_breakable_baggage_02	container		Breakable baggage	tag	0		0	0	0
gimmick_breakable_baggage_03	container		Breakable baggage	tag	0		0	0	0
gimmick_breakable_box_barrel_broken_01	container		Background breakable wood	tag	1		0	0	0
gimmick_breakable_box_barrel_broken_01_index01	container		Container	tag	1		0	0	0
gimmick_breakable_box_barrel_broken_01_kwe	container		Container	tag	1		0	0	0
gimmick_breakable_box_close_04a_broken	container		Background breakable wood	tag	1		0	0	0
gimmick_breakable_box_close_04a_broken_index01	container		Container	tag	1		0	0	0
gimmick_breakable_box_close_04a_broken_index02	container		Container	tag	1		0	0	0
gimmick_breakable_box_close_04a_broken_index03	container		Container	tag	1		0	0	0
gimmick_breakable_box_leather_01	container		Background breakable wood	tag	1		0	0	0
gimmick_breakable_box_open_03	container		Background breakable wood	tag	1		0	0	0
gimmick_breakable_box_open_03_index01	container		Container	tag	1		0	0	0
gimmick_breakable_box_open_03_index02	container		Container	tag	1		0	0	0
gimmick_breakable_box_tub_01c	container		Background breakable wood	tag	1		0	0	0
gimmick_breakable_box_tub_01e	container		Background breakable wood	tag	1		0	0	0
gimmick_breakable_cd_spot_silverwolves_part_02a_part_01_p20	stone	Stone_Quarry	Stone	name	0		0	0	0
gimmick_breakable_cd_spot_silverwolves_part_02a_part_01_p20_muskan	stone	Stone_Quarry	Stone	name	0		0	0	0
gimmick_breakable_cd_spot_silverwolves_part_02a_part_02_p20	stone	Stone_Quarry	Stone	name	0		0	0	0
gimmick_breakable_cd_spot_silverwolves_part_02a_part_02_p20_muskan	stone	Stone_Quarry	Stone	name	0		0	0	0
gimmick_breakable_ex_dpf_herbsack_01	container		Breakable sack	tag	1	Parsley	0	0	0
gimmick_breakable_ex_dpf_potatosack_01	container		Breakable ex dpf potatosack	tag	1	Potato	0	0	0
gimmick_breakable_ex_dpf_sack_03	container		Background breakable	tag	0		0	0	0
gimmick_breakable_ex_dpf_sweetpotatosack_01	container		Breakable ex dpf sweetpotatosack	tag	1	SweetPotato	0	0	0
gimmick_breakable_hernand_abby_str_abbey_01_03	stone	Stone_Quarry	Stone	name	0		0	0	0
gimmick_breakable_pillar_temple_three_brothers_01a_boss	stone	Stone_Quarry	Stone	name	0		0	0	0
gimmick_breakable_pillar_temple_three_brothers_01a_boss_body	stone	Stone_Quarry	Stone	name	0		0	0	0
gimmick_breakable_pot_01	pickup		Breakable pot	tag	1		0	0	0
gimmick_breakable_pot_basicpot_04	container		Background breakable	tag	0	Water	0	0	0
gimmick_breakable_protective_stone_01	stone	Stone_Quarry	Stone	name	0		0	0	0
gimmick_breakable_sack_01	container		Breakable sack	tag	0		0	0	0
gimmick_breakable_sack_02	container		Breakable sack	tag	0		0	0	0
gimmick_breakable_sack_02_snow	container		Breakable sack 02 snow	tag	0		0	0	0
gimmick_breakable_sack_03	container		Breakable sack	tag	0		0	0	0
gimmick_breakable_sack_03_index01	container		Breakable sack 03 index01	tag	0		0	0	0
gimmick_breakable_sack_03_index02	container		Breakable sack 03 index02	tag	0		0	0	0
gimmick_breakable_sack_04	container		Breakable sack	tag	0		0	0	0
gimmick_breakable_shops_cerealsack_01	container		Breakable sack	tag	1	Barley	0	0	0
gimmick_breakable_shops_cerealsack_02	container		Breakable sack	tag	1	peas	0	0	0
gimmick_breakable_shops_cerealsack_03	container		Breakable sack	tag	1	Bean	0	0	0
gimmick_breakable_shops_cerealsack_04	container		Breakable sack	tag	1	Bean	0	0	0
gimmick_breakable_shops_cerealsack_05	container		Breakable sack	tag	1	peas	0	0	0
gimmick_breakable_shops_cerealsack_06	container		Breakable sack	tag	1	Barley	0	0	0
gimmick_breakable_shops_potionbox_01	container		Background breakable wood	tag	1	Collection_Prop_Bottle_0001	0	0	0
gimmick_breakable_shops_potionbox_01_hellhound	container		Background breakable wood	tag	1	Collection_Prop_Bottle_0001	0	0	0
gimmick_breakable_shops_potionbox_03	container		Background breakable wood	tag	1	Collection_Prop_Bottle_0001	0	0	0
gimmick_breakable_shops_potionbox_03_hellhound	container		Background breakable wood	tag	1	Collection_Prop_Bottle_0001	0	0	0
gimmick_breakable_spot_marni_break_pillar_temple_01_boss	stone	Stone_Quarry	Stone	name	0		0	0	0
gimmick_breakable_spot_marni_pillar_08_boss	stone	Stone_Quarry	Stone	name	0		0	0	0
gimmick_breakable_spot_marni_pillar_10_boss	stone	Stone_Quarry	Stone	name	0		0	0	0
gimmick_breakable_spot_marni_silverwolves_alldeco_02_p20_boss	stone	Stone_Quarry	Stone	name	0		0	0	0
gimmick_breakable_spot_marni_wall_arch_05_boss	stone	Stone_Quarry	Stone	name	0		0	0	0
gimmick_breakable_spot_marni_wall_arch_06_boss	stone	Stone_Quarry	Stone	name	0		0	0	0
gimmick_breakable_spot_marni_wall_arch_06_boss_body	stone	Stone_Quarry	Stone	name	0		0	0	0
gimmick_breakable_spot_northpray_wall_08_p20_mus	stone	Stone_Quarry	Stone	name	0		0	0	0
gimmick_breakable_spot_northpray_wall_08_p20_muskan	stone	Stone_Quarry	Stone	name	0		0	0	0
gimmick_breakable_spot_silverwolves_alldeco_01_part_01_p20_muskan	stone	Stone_Quarry	Stone	name	0		0	0	0
gimmick_breakable_spot_silverwolves_alldeco_02_p20	stone	Stone_Quarry	Stone	name	0		0	0	0
gimmick_breakable_spot_silverwolves_alldeco_02_p20_dem	stone	Stone_Quarry	Stone	name	0		0	0	0
gimmick_breakable_spot_silverwolves_alldeco_02_p20_mus	stone	Stone_Quarry	Stone	name	0		0	0	0
gimmick_breakable_spot_silverwolves_alldeco_02_p20_muskan	stone	Stone_Quarry	Stone	name	0		0	0	0
gimmick_breakable_spot_silverwolves_pillar_01_broken	stone	Stone_Quarry	Stone	name	0		0	0	0
gimmick_breakable_spot_silverwolves_pillar_01_broken_body	stone	Stone_Quarry	Stone	name	0		0	0	0
gimmick_breakable_spot_tree_brothers_cliff_pillar_02	stone	Stone_Quarry	Stone	name	0		0	0	0
gimmick_breakable_spot_tree_brothers_cliff_pillar_03	stone	Stone_Quarry	Stone	name	0		0	0	0
gimmick_breakable_trollbag_01	container		Breakable trollbag	tag	0		0	0	0
gimmick_brimstone_bomb_01	pickup		Battle brimstone bomb	tag	1	BountyHunter_Fabric_Boots_I	0	0	0
gimmick_bush_cd_crop_grape_02_collect_01	item		Bush cd crop grape 02 collect	tag	0		0	0	0
gimmick_bush_crop_ensete_01_collect	item		Bush crop ensete 01 collect	tag	0		0	0	0
gimmick_bush_crop_ensete_01_collect_02	item		Bush crop ensete 01 collect	tag	0		0	0	0
gimmick_caltrop_bomb_01	pickup		Battle caltrop bomb	tag	1	BountyHunter_Fabric_Boots_I	0	0	0
gimmick_camp_farm_abyss_stone_01_phase01	farm		Camp farm abyss stone 01 phase01	name	0		0	0	0
gimmick_camp_farm_abyss_stone_01_phase02	farm		Camp farm abyss stone 01 phase02	name	0		0	0	0
gimmick_camp_farm_abyss_stone_01_phase03	farm		Abyssstone fruit	name	0		0	0	0
gimmick_camp_farm_apple_01_phase01	farm		Apple smalltree	name	0		0	0	0
gimmick_camp_farm_apple_01_phase02	farm		Apple tree	name	0		0	0	0
gimmick_camp_farm_cacao_01_phase01	farm		Camp farm cacao 01 phase01	name	0		0	0	0
gimmick_camp_farm_cacao_01_phase02	farm		Camp farm cacao 01 phase02	name	0		0	0	0
gimmick_camp_farm_chaya_01_phase01	farm		Camp farm chaya 01 phase01	name	0		0	0	0
gimmick_camp_farm_chaya_01_phase02	farm		Camp farm chaya 01 phase02	name	0		0	0	0
gimmick_camp_farm_coffeetree_01_phase01	farm		Camp farm coffeetree 01 phase01	name	0		0	0	0
gimmick_camp_farm_coffeetree_01_phase02	farm		Camp farm coffeetree 01 phase02	name	0		0	0	0
gimmick_camp_farm_corn_01_phase01	farm		Camp farm corn 01 phase01	name	0		0	0	0
gimmick_camp_farm_corn_01_phase02	farm		Camp farm corn 01 phase02	name	0		0	0	0
gimmick_camp_farm_ensete_01_phase01	farm		Camp farm ensete 01 phase01	name	0		0	0	0
gimmick_camp_farm_ensete_01_phase02	farm		Camp farm ensete 01 phase02	name	0		0	0	0
gimmick_camp_farm_figs_01_phase01	farm		Camp farm figs 01 phase01	name	0		0	0	0
gimmick_camp_farm_figs_01_phase02	farm		Camp farm figs 01 phase02	name	0		0	0	0
gimmick_camp_farm_ginseng_01_phase01	farm		Camp farm ginseng 01 phase01	name	0		0	0	0
gimmick_camp_farm_ginseng_01_phase02	farm		Camp farm ginseng 01 phase02	name	0		0	0	0
gimmick_camp_farm_glowflower_01_phase01	farm		Camp farm glowflower 01 phase01	name	0		0	0	0
gimmick_camp_farm_glowflower_01_phase02	farm		Camp farm glowflower 01 phase02	name	0		0	0	0
gimmick_camp_farm_grape_01_phase01	farm		Camp farm grape 01 phase01	name	0		0	0	0
gimmick_camp_farm_grape_01_phase02	farm		Camp farm grape 01 phase02	name	0		0	0	0
gimmick_camp_farm_kudzu_01_phase01	farm		Camp farm kudzu 01 phase01	name	0		0	0	0
gimmick_camp_farm_kudzu_01_phase02	farm		Camp farm kudzu 01 phase02	name	0		0	0	0
gimmick_camp_farm_opuntia_01_phase01	farm		Camp farm opuntia 01 phase01	name	0		0	0	0
gimmick_camp_farm_opuntia_01_phase02	farm		Camp farm opuntia 01 phase02	name	0		0	0	0
gimmick_camp_farm_orange_01_phase01	farm		Camp farm orange 01 phase01	name	0		0	0	0
gimmick_camp_farm_orange_01_phase02	farm		Camp farm orange 01 phase02	name	0		0	0	0
gimmick_camp_farm_peach_01_phase01	farm		Camp farm peach 01 phase01	name	0		0	0	0
gimmick_camp_farm_peach_01_phase02	farm		Camp farm peach 01 phase02	name	0		0	0	0
gimmick_camp_farm_pear_01_phase01	farm		Camp farm pear 01 phase01	name	0		0	0	0
gimmick_camp_farm_pear_01_phase02	farm		Camp farm pear 01 phase02	name	0		0	0	0
gimmick_camp_farm_pomegranate_01_phase01	farm		Camp farm pomegranate 01 phase01	name	0		0	0	0
gimmick_camp_farm_pomegranate_01_phase02	farm		Camp farm pomegranate 01 phase02	name	0		0	0	0
gimmick_camp_farm_rubber_01_phase01	farm		Camp farm rubber 01 phase01	name	0		0	0	0
gimmick_camp_farm_rubber_01_phase02	farm		Camp farm rubber 01 phase02	name	0		0	0	0
gimmick_camp_farm_taro_01_phase01	farm		Camp farm taro 01 phase01	name	0		0	0	0
gimmick_camp_farm_taro_01_phase02	farm		Camp farm taro 01 phase02	name	0		0	0	0
gimmick_camp_farm_tomato_01_phase01	farm		Camp farm tomato 01 phase01	name	0		0	0	0
gimmick_camp_farm_tomato_01_phase02	farm		Camp farm tomato 01 phase02	name	0		0	0	0
gimmick_catched_flowerbutterfly_0001	pickup		Catched flowerbutterfly	tag	0		0	0	0
gimmick_cave_break_stalac_02	ore		Cave break stalac	tag	0	Item_Rare_Collect_Stalactites	0	0	0
gimmick_clifftree_01	wood		Clifftree	name	1		0	0	0
gimmick_clifftree_01_index01	wood		Clifftree 01 index01	name	1		0	0	0
gimmick_clifftree_01_index02	wood		Clifftree 01 index02	name	1		0	0	0
gimmick_clifftree_01_index03	wood		Clifftree 01 index03	name	1		0	0	0
gimmick_clifftree_01_index04	wood		Clifftree 01 index04	name	1		0	0	0
gimmick_clifftree_02	wood		Clifftree	name	0		0	0	0
gimmick_clifftree_02_parts01	wood		Clifftree 02 parts01	name	1		0	0	0
gimmick_clifftree_02_parts01_index01	wood		Clifftree 02 parts01 index01	name	1		0	0	0
gimmick_clifftree_02_parts01_index02	wood		Clifftree 02 parts01 index02	name	1		0	0	0
gimmick_clifftree_02_parts01_index03	wood		Clifftree 02 parts01 index03	name	1		0	0	0
gimmick_clifftree_02_parts01_index04	wood		Clifftree 02 parts01 index04	name	1		0	0	0
gimmick_clifftree_03	wood		Clifftree	name	0		0	0	0
gimmick_clifftree_04	wood		Clifftree	name	1		0	0	0
gimmick_clifftree_04_index01	wood		Clifftree 04 index01	name	1		0	0	0
gimmick_clifftree_04_index02	wood		Clifftree 04 index02	name	1		0	0	0
gimmick_clifftree_04_index03	wood		Clifftree 04 index0	name	1		0	0	0
gimmick_clifftree_04_index04	wood		Clifftree 04 index04	name	1		0	0	0
gimmick_clifftree_05	wood		Clifftree	name	1		0	0	0
gimmick_clifftree_05_index01	wood		Clifftree 05 index01	name	1		0	0	0
gimmick_clifftree_05_index02	wood		Clifftree 05 index02	name	1		0	0	0
gimmick_clifftree_05_index03	wood		Clifftree 05 index03	name	1		0	0	0
gimmick_clifftree_05_index04	wood		Clifftree 05 index04	name	1		0	0	0
gimmick_clifftree_06	wood		Clifftree	name	1		0	0	0
gimmick_clifftree_06_index01	wood		Clifftree 06 index01	name	1		0	0	0
gimmick_clifftree_06_index02	wood		Clifftree 06 index02	name	1		0	0	0
gimmick_clifftree_06_index03	wood		Clifftree 06 index03	name	1		0	0	0
gimmick_clifftree_06_index04	wood		Clifftree 06 index04	name	1		0	0	0
gimmick_clifftree_07	wood		Clifftree	name	1		0	0	0
gimmick_clifftree_07_index01	wood		Clifftree 07 index01	name	1		0	0	0
gimmick_clifftree_07_index02	wood		Clifftree 07 index02	name	1		0	0	0
gimmick_clifftree_07_index03	wood		Clifftree 07 index03	name	1		0	0	0
gimmick_clifftree_07_index04	wood		Clifftree 07 index04	name	1		0	0	0
gimmick_clifftree_08	wood		Clifftree	name	1		0	0	0
gimmick_clifftree_08_index01	wood		Clifftree 08 index01	name	1		0	0	0
gimmick_clifftree_08_index02	wood		Clifftree 08 index02	name	1		0	0	0
gimmick_clifftree_08_index03	wood		Clifftree 08 index03	name	1		0	0	0
gimmick_clifftree_08_index04	wood		Clifftree 08 index04	name	1		0	0	0
gimmick_clifftree_08_index05	wood		Clifftree 08 index05	name	1		0	0	0
gimmick_clifftree_08_index06	wood		Clifftree 08 index06	name	1		0	0	0
gimmick_clifftree_09	wood		Clifftree	name	1		0	0	0
gimmick_clifftree_09_index01	wood		Clifftree 09 index01	name	1		0	0	0
gimmick_clifftree_09_index02	wood		Clifftree 09 index02	name	1		0	0	0
gimmick_clifftree_09_index03	wood		Clifftree 09 index03	name	1		0	0	0
gimmick_clifftree_09_index04	wood		Clifftree 09 index04	name	1		0	0	0
gimmick_climbing_hook_stone_01	stone	Stone_Quarry	Stone	name	0		0	0	0
gimmick_collect_ginseng_01	plant	Possesion_Insam	Ginseng	tag	0	Wild_Insam	0	0	0
gimmick_collect_ginseng_02	plant	Possesion_Insam	Ginseng	tag	0	Possesion_Insam	0	0	0
gimmick_collect_her_rock_b_0003	ore		Mine rock	tag	1	Stone_Quarry Fine_Stone Premium_Stone	0	0	0
gimmick_collect_her_rock_b_0004	ore		Mine rock	tag	1	Stone_Quarry Fine_Stone Premium_Stone	0	0	0
gimmick_collect_her_rock_b_0005	ore		Mine rock	tag	1	Stone_Quarry Fine_Stone Premium_Stone	0	0	0
gimmick_collect_her_rock_b_0006	ore		Mine rock	tag	1	Stone_Quarry Fine_Stone Premium_Stone	0	0	0
gimmick_collect_her_rock_b_0007	ore		Mine rock	tag	1	Stone_Quarry Fine_Stone Premium_Stone	0	0	0
gimmick_collect_her_rock_b_0008	ore		Mine rock	tag	1	Stone_Quarry Fine_Stone Premium_Stone	0	0	0
gimmick_collect_her_rock_b_0009	ore		Mine rock	tag	1	Stone_Quarry Fine_Stone Premium_Stone	0	0	0
gimmick_collect_her_rock_b_0010	ore		Mine rock	tag	1	Stone_Quarry Fine_Stone Premium_Stone	0	0	0
gimmick_collect_her_rock_b_0011	ore		Mine rock	tag	1	Stone_Quarry Fine_Stone Premium_Stone	0	0	0
gimmick_collect_mushroom_hericium_01	plant		Mushroom hericium	tag	0	Ssari_Mushroom	0	0	0
gimmick_collect_mushroom_phellinus_01	plant		Mushroom phellinus	tag	0	Songyi_Mushroom	0	0	0
gimmick_collect_mushroom_shiitake_01	plant		Mushroom shiitake	tag	0	Pyogo_Mushroom	0	0	0
gimmick_collect_ore_bluestone_01	ore	BlueStone	Azurite	tag	0	BlueStone	0	0	0
gimmick_collect_ore_copper_01	ore		Ore copper	tag	0	CopperOre	0	0	0
gimmick_collect_ore_diamond_01	ore	Diamond	Diamond	tag	0	Diamond	0	0	0
gimmick_collect_ore_gold_01	ore		Ore gold	tag	0	GoldOre	0	0	0
gimmick_collect_ore_greenstone_01	ore	GreenStone	Epidote	tag	0	GreenStone	0	0	0
gimmick_collect_ore_iron_01	ore		Ore iron	tag	0	IronStone	0	0	0
gimmick_collect_ore_redstone_01	ore	RedStone	Bloodstone	tag	0	RedStone	0	0	0
gimmick_collect_ore_ruby_01	ore	Ruby	Garnet	tag	0	Ruby	0	0	0
gimmick_collect_ore_silver_01	ore		Ore silver	tag	0	SilverOre	0	0	0
gimmick_collect_ore_stone_01	ore	Stone_Quarry	Stone	tag	0	Stone_Quarry	0	0	0
gimmick_collect_ore_stone_02	ore	Stone_Quarry	Stone	tag	0	Fine_Stone	0	0	0
gimmick_collect_ore_stone_03	ore	Stone_Quarry	Stone	tag	0	Premium_Stone	0	0	0
gimmick_collect_ore_sulfurstone_01	ore		Ore sulfurstone	tag	0	Item_Rare_Collect_SulfurStone	0	0	0
gimmick_collect_ore_whitestone_01	ore	WhiteStone	Scolecite Ore	tag	0	WhiteStone	0	0	0
gimmick_collect_pocket_01	pickup		Collect common pocket	tag	0		0	0	0
gimmick_collect_poisonmushroom_01	plant		Poisonmushroom	name	0		0	0	0
gimmick_collect_poisonmushroom_05	plant		Poisonmushroom	name	0		0	0	0
gimmick_collect_poisonmushroom_06	plant		Poisonmushroom	name	0		0	0	0
gimmick_collection_minigame_trophy_0001	container	Collection_Prop_Trophy_0001	Trophy - All-Out Duel	tag	0		0	0	0
gimmick_collection_minigame_trophy_0002	container	Collection_Prop_Trophy_0002	Trophy - Unarmed Duel	tag	0		0	0	0
gimmick_collection_minigame_trophy_0003	container	Collection_Prop_Trophy_0003	Trophy - Wrestling Match	tag	0		0	0	0
gimmick_collection_minigame_trophy_0004	container	Collection_Prop_Trophy_0004	Trophy - Spear Duel	tag	0		0	0	0
gimmick_collection_minigame_trophy_0005	container	Collection_Prop_Trophy_0005	Trophy - Sword Duel	tag	0		0	0	0
gimmick_collection_prop_bismuthornament_0001	container	Collection_Prop_Bismuthornament_0001	Broken Bismuth Ornament	tag	0		0	0	0
gimmick_collection_prop_bismuthornament_0002	container	Collection_Prop_Bismuthornament_0002	Angular Bismuth Ornament	tag	0		0	0	0
gimmick_collection_prop_bismuthornament_0003	container	Collection_Prop_Bismuthornament_0003	Round Bismuth Ornament	tag	0		0	0	0
gimmick_collection_prop_bottle_0001	pickup	Collection_Prop_Bottle_0001	Crimson Glass Container	tag	0		0	0	0
gimmick_collection_prop_bottle_0002	pickup	Collection_Prop_Bottle_0002	Wooden Container	tag	0		0	0	0
gimmick_collection_prop_bottle_0003	pickup	Collection_Prop_Bottle_0003	Portable Wooden Container	tag	0		0	0	0
gimmick_collection_prop_bottle_0004	pickup	Collection_Prop_Bottle_0004	Blue Round Water Bottle	tag	0		0	0	0
gimmick_collection_prop_bottle_0005	pickup	Collection_Prop_Bottle_0005	Ceramic Container	tag	0		0	0	0
gimmick_collection_prop_bottle_0006	pickup	Collection_Prop_Bottle_0006	Short-Necked Ceramic Container	tag	0		0	0	0
gimmick_collection_prop_bottle_0007	pickup	Collection_Prop_Bottle_0007	Liquor Bottle	tag	0		0	0	0
gimmick_collection_prop_bottle_0008	pickup	Collection_Prop_Bottle_0008	Sturdy Clay Container	tag	0		0	0	0
gimmick_collection_prop_bottle_0009	pickup	Collection_Prop_Bottle_0009	Tin Water Bottle	tag	0		0	0	0
gimmick_collection_prop_bottle_0010	pickup	Collection_Prop_Bottle_0010	Round Blue Container	tag	0		0	0	0
gimmick_collection_prop_bottle_0011	pickup	Collection_Prop_Bottle_0011	Round Blue Container	tag	0		0	0	0
gimmick_collection_prop_bottle_0012	pickup	Collection_Prop_Bottle_0012	Slim Indigo Glass Bottle	tag	0		0	0	0
gimmick_collection_prop_bottle_0013	pickup	Collection_Prop_Bottle_0013	Gourd Bottle	tag	0		0	0	0
gimmick_collection_prop_bottle_0014	pickup	Collection_Prop_Bottle_0014	Pale Blue Container	tag	0		0	0	0
gimmick_collection_prop_bottle_0015	pickup	Collection_Prop_Bottle_0015	Waterskin	tag	0		0	0	0
gimmick_collection_prop_bottle_0016	pickup	Collection_Prop_Bottle_0016	Portable Blue Water Bottle	tag	0		0	0	0
gimmick_collection_prop_bottle_0017	pickup	Collection_Prop_Bottle_0017	Water Bottle for Patients	tag	0		0	0	0
gimmick_collection_prop_bottle_0018	pickup	Collection_Prop_Bottle_0018	White-Handled Water Bottle	tag	0		0	0	0
gimmick_collection_prop_bottle_0019	pickup	Collection_Prop_Bottle_0019	Purple-Handled Water Bottle	tag	0		0	0	0
gimmick_collection_prop_bottle_0020	container	Collection_Prop_Bottle_0020	Iron Distiller	tag	0		0	0	0
gimmick_collection_prop_bottle_0021	pickup	Collection_Prop_Bottle_0021	Rusty Iron Water Bottle	tag	0		0	0	0
gimmick_collection_prop_bottle_0022	pickup	Collection_Prop_Bottle_0022	Copper Water Bottle	tag	0		0	0	0
gimmick_collection_prop_bottle_0023	pickup	Collection_Prop_Bottle_0023	Brass Container	tag	0		0	0	0
gimmick_collection_prop_bottle_0024	pickup	Collection_Prop_Bottle_0024	Clay Container	tag	0		0	0	0
gimmick_collection_prop_bottle_0025	pickup	Collection_Prop_Bottle_0025	Iron Container	tag	0		0	0	0
gimmick_collection_prop_bottle_0026	pickup	Collection_Prop_Bottle_0026	Decorative Iron Water Bottle	tag	0		0	0	0
gimmick_collection_prop_bottle_0027	pickup	Collection_Prop_Bottle_0027	Decorative Brass Water Bottle	tag	0		0	0	0
gimmick_collection_prop_bottle_0028	container	Collection_Prop_Bottle_0028	Two-Handled Iron Water Bottle	tag	0		0	0	0
gimmick_collection_prop_bottle_0029	container	Collection_Prop_Bottle_0029	Old Two-Handled Iron Water Bottle	tag	0		0	0	0
gimmick_collection_prop_bottle_0030	container	Collection_Prop_Bottle_0030	Two-Handled Brass Container	tag	0		0	0	0
gimmick_collection_prop_bottle_0031	container	Collection_Prop_Bottle_0031	Water Bottle of the Agonized	tag	0		0	0	0
gimmick_collection_prop_bottle_0032	container	Collection_Prop_Bottle_0032	Distiller	tag	0		0	0	0
gimmick_collection_prop_bottle_0033	pickup	Collection_Prop_Bottle_0033	Blue Jar-Shaped Water Bottle	tag	0		0	0	0
gimmick_collection_prop_bottle_0034	pickup	Collection_Prop_Bottle_0034	White Jar-Shaped Water Bottle	tag	0		0	0	0
gimmick_collection_prop_bottle_0035	pickup	Collection_Prop_Bottle_0035	Green Jar-Shaped Water Bottle	tag	0		0	0	0
gimmick_collection_prop_bottle_0036	container	Collection_Prop_Bottle_0036	Long Red Water Bottle	tag	0		0	0	0
gimmick_collection_prop_bottle_0037	container	Collection_Prop_Bottle_0037	Long White Water Bottle	tag	0		0	0	0
gimmick_collection_prop_bottle_0038	container	Collection_Prop_Bottle_0038	Long Yellow Water Bottle	tag	0		0	0	0
gimmick_collection_prop_bottle_0039	container	Collection_Prop_Bottle_0039	Long Blue Water Bottle	tag	0		0	0	0
gimmick_collection_prop_bottle_0040	pickup	Collection_Prop_Bottle_0040	Silver-Decorated Water Bottle	tag	0		0	0	0
gimmick_collection_prop_bottle_0041	pickup	Collection_Prop_Bottle_0041	Wide-Mouthed Water Bottle	tag	0		0	0	0
gimmick_collection_prop_bottle_0042	pickup	Collection_Prop_Bottle_0042	Small Pot for Boiling	tag	0		0	0	0
gimmick_collection_prop_bottle_0043	pickup	Collection_Prop_Bottle_0043	White Iron Water Bottle	tag	0		0	0	0
gimmick_collection_prop_bottle_0044	pickup	Collection_Prop_Bottle_0044	Black Ceramic Water Bottle	tag	0		0	0	0
gimmick_collection_prop_bottle_0045	pickup	Collection_Prop_Bottle_0045	Travel Flask	tag	0		0	0	0
gimmick_collection_prop_bottle_0046	pickup	Collection_Prop_Bottle_0046	Yellow-Glazed Water Bottle	tag	0		0	0	0
gimmick_collection_prop_bottle_0047	pickup	Collection_Prop_Bottle_0047	White-Glazed Water Bottle	tag	0		0	0	0
gimmick_collection_prop_bottle_0048	pickup	Collection_Prop_Bottle_0048	Clay-Handled Water Bottle	tag	0		0	0	0
gimmick_collection_prop_bottle_0049	pickup	Collection_Prop_Bottle_0049	Indigo Bottle	tag	0		0	0	0
gimmick_collection_prop_bottle_0050	pickup	Collection_Prop_Bottle_0050	Wide-Bottomed Water Bottle	tag	0		0	0	0
gimmick_collection_prop_bottle_0051	pickup	Collection_Prop_Bottle_0051	Decorative Water Bottle with Lid	tag	0		0	0	0
gimmick_collection_prop_bottle_0052	pickup	Collection_Prop_Bottle_0052	Glazed Clay Water Bottle	tag	0		0	0	0
gimmick_collection_prop_bottle_0053	container	Collection_Prop_Bottle_0053	Large Water Bottle	tag	0		0	0	0
gimmick_collection_prop_bottle_0054	pickup	Collection_Prop_Bottle_0054	Leather Strap Gourd Bottle	tag	0		0	0	0
gimmick_collection_prop_bottle_0055	pickup	Collection_Prop_Bottle_0055	Plaid Gourd Bottle	tag	0		0	0	0
gimmick_collection_prop_bowl_0001	pickup	Collection_Prop_Bowl_0001	Bread Plate	tag	0		0	0	0
gimmick_collection_prop_bowl_0002	pickup	Collection_Prop_Bowl_0002	Deep Bowl	tag	0		0	0	0
gimmick_collection_prop_bowl_0003	pickup	Collection_Prop_Bowl_0003	Storage Bowl	tag	0		0	0	0
gimmick_collection_prop_bowl_0004	pickup	Collection_Prop_Bowl_0004	Wide Bowl	tag	0		0	0	0
gimmick_collection_prop_bowl_0005	container	Collection_Prop_Bowl_0005	Nut Bowl	tag	0		0	0	0
gimmick_collection_prop_bowl_0006	pickup	Collection_Prop_Bowl_0006	Grain Bowl	tag	0		0	0	0
gimmick_collection_prop_bowl_0007	container	Collection_Prop_Bowl_0007	Large Grain Bowl	tag	0		0	0	0
gimmick_collection_prop_bowl_0008	pickup	Collection_Prop_Bowl_0008	Cheese Plate	tag	0		0	0	0
gimmick_collection_prop_bowl_0011	pickup	Collection_Prop_Bowl_0011	Small Mortar Bowl	tag	0		0	0	0
gimmick_collection_prop_bowl_0012	pickup	Collection_Prop_Bowl_0012	Herb Mortar Bowl	tag	0		0	0	0
gimmick_collection_prop_bowl_0013	pickup	Collection_Prop_Bowl_0013	Damaged Bowl	tag	0		0	0	0
gimmick_collection_prop_bowl_0014	pickup	Collection_Prop_Bowl_0014	Iron Bowl	tag	0		0	0	0
gimmick_collection_prop_bowl_0015	pickup	Collection_Prop_Bowl_0015	Golden Bowl	tag	0		0	0	0
gimmick_collection_prop_bowl_0016	pickup	Collection_Prop_Bowl_0016	Red Spice Bowl	tag	0		0	0	0
gimmick_collection_prop_bowl_0017	pickup	Collection_Prop_Bowl_0017	Green Spice Bowl	tag	0		0	0	0
gimmick_collection_prop_bowl_0018	pickup	Collection_Prop_Bowl_0018	Blue Spice Bowl	tag	0		0	0	0
gimmick_collection_prop_bowl_0019	pickup	Collection_Prop_Bowl_0019	Ashen Spice Bowl	tag	0		0	0	0
gimmick_collection_prop_bowl_0020	pickup	Collection_Prop_Bowl_0020	Glazed Mortar	tag	0		0	0	0
gimmick_collection_prop_bowl_0021	pickup	Collection_Prop_Bowl_0021	Glazed Bowl	tag	0		0	0	0
gimmick_collection_prop_bowl_0022	container	Collection_Prop_Bowl_0022	Stacked Glazed Bowls	tag	0		0	0	0
gimmick_collection_prop_bowl_0023	container	Collection_Prop_Bowl_0023	Wooden Beaker	tag	0		0	0	0
gimmick_collection_prop_bowl_0024	container	Collection_Prop_Bowl_0024	Oak Beaker	tag	0		0	0	0
gimmick_collection_prop_bowl_0025	container	Collection_Prop_Bowl_0025	Two-Handled Bronze Cup	tag	0		0	0	0
gimmick_collection_prop_bowl_0026	container	Collection_Prop_Bowl_0026	Pot	tag	0		0	0	0
gimmick_collection_prop_ceramic_0001	container	Collection_Prop_Ceramic_0001	Blue Patterned Ceramic	tag	0		0	0	0
gimmick_collection_prop_ceramic_0002	container	Collection_Prop_Ceramic_0002	Slim Celadon Bottle	tag	0		0	0	0
gimmick_collection_prop_ceramic_0003	container	Collection_Prop_Ceramic_0003	Freshly Fired Celadon Vase	tag	0		0	0	0
gimmick_collection_prop_ceramic_0004	container	Collection_Prop_Ceramic_0004	Ceramic for Medicinal Use	tag	0		0	0	0
gimmick_collection_prop_ceramic_0005	container	Collection_Prop_Ceramic_0005	Multipurpose Jar	tag	0		0	0	0
gimmick_collection_prop_ceramic_0006	container	Collection_Prop_Ceramic_0006	Medicine Jar	tag	0		0	0	0
gimmick_collection_prop_ceramic_0007	container	Collection_Prop_Ceramic_0007	Round Jar	tag	0		0	0	0
gimmick_collection_prop_ceramic_0008	container	Collection_Prop_Ceramic_0008	Worn Two-Handled Jar	tag	0		0	0	0
gimmick_collection_prop_ceramic_0009	container	Collection_Prop_Ceramic_0009	Shiny Ceramic Vase	tag	0		0	0	0
gimmick_collection_prop_ceramic_0010	container	Collection_Prop_Ceramic_0010	Gray Two-Handled Jar	tag	0		0	0	0
gimmick_collection_prop_ceramic_0011	container	Collection_Prop_Ceramic_0011	Brown Two-Handled Jar	tag	0		0	0	0
gimmick_collection_prop_ceramic_0012	container	Collection_Prop_Ceramic_0012	Red One-Handled Jar	tag	0		0	0	0
gimmick_collection_prop_ceramic_0013	container	Collection_Prop_Ceramic_0013	Gray Jar	tag	0		0	0	0
gimmick_collection_prop_ceramic_0014	container	Collection_Prop_Ceramic_0014	Ocher Jar	tag	0		0	0	0
gimmick_collection_prop_ceramic_0015	container	Collection_Prop_Ceramic_0015	Small Storage Jar	tag	0		0	0	0
gimmick_collection_prop_ceramic_0016	container	Collection_Prop_Ceramic_0016	Large Medicine Jar	tag	0		0	0	0
gimmick_collection_prop_ceramic_0017	container	Collection_Prop_Ceramic_0017	Cylindrical Jar	tag	0		0	0	0
gimmick_collection_prop_ceramic_0018	container	Collection_Prop_Ceramic_0018	Ornate Tree Pattern Vase	tag	0		0	0	0
gimmick_collection_prop_ceramic_0019	container	Collection_Prop_Ceramic_0019	Water Pot	tag	0		0	0	0
gimmick_collection_prop_ceramic_0020	container	Collection_Prop_Ceramic_0020	Grain Jar	tag	0		0	0	0
gimmick_collection_prop_ceramic_0021	pickup		Collection prop ceramic	tag	1		0	0	0
gimmick_collection_prop_ceramic_0021_cover	pickup		Object	tag	0		0	0	0
gimmick_collection_prop_ceramic_0023	pickup		Collection prop ceramic	tag	1		0	0	0
gimmick_collection_prop_ceramic_0024	container	Collection_Prop_Ceramic_0024	Gilded Slim Bottle	tag	0		0	0	0
gimmick_collection_prop_ceramic_0025	container	Collection_Prop_Ceramic_0025	Water Jug	tag	0		0	0	0
gimmick_collection_prop_ceramic_0026	container	Collection_Prop_Ceramic_0026	Wide White Jar	tag	0		0	0	0
gimmick_collection_prop_ceramic_0027	container	Collection_Prop_Ceramic_0027	Wide Jar	tag	0		0	0	0
gimmick_collection_prop_ceramic_0028	container	Collection_Prop_Ceramic_0028	Dark Brown Jar	tag	0		0	0	0
gimmick_collection_prop_ceramic_0029	container	Collection_Prop_Ceramic_0029	Silver Carafe	tag	0		0	0	0
gimmick_collection_prop_ceramic_0030	container	Collection_Prop_Ceramic_0030	Golden Carafe	tag	0		0	0	0
gimmick_collection_prop_ceramic_0031	container	Collection_Prop_Ceramic_0031	Storage Jar	tag	0		0	0	0
gimmick_collection_prop_ceramic_0032	container	Collection_Prop_Ceramic_0032	Gilded Vase	tag	0		0	0	0
gimmick_collection_prop_ceramic_0033	pickup		Collection prop ceramic	tag	1		0	0	0
gimmick_collection_prop_ceramic_0034	pickup		Collection prop ceramic	tag	1		0	0	0
gimmick_collection_prop_ceramic_0036	pickup		Collection prop ceramic	tag	1		0	0	0
gimmick_collection_prop_ceramic_0040	pickup		Collection prop ceramic	tag	1		0	0	0
gimmick_collection_prop_ceramic_0042	pickup		Collection prop ceramic	tag	1		0	0	0
gimmick_collection_prop_ceramic_0043	pickup		Collection prop ceramic	tag	1		0	0	0
gimmick_collection_prop_ceramic_0044	pickup		Collection prop ceramic	tag	1		0	0	0
gimmick_collection_prop_ceramic_0045	container	Collection_Prop_Ceramic_0045	Silver Water Pot	tag	0		0	0	0
gimmick_collection_prop_ceramic_0046	container	Collection_Prop_Ceramic_0046	Long-Necked Silver Jar	tag	0		0	0	0
gimmick_collection_prop_ceramic_0047	container	Collection_Prop_Ceramic_0047	Ornate Silver Conical Jar	tag	0		0	0	0
gimmick_collection_prop_ceramic_0048	pickup		Collection prop ceramic	tag	1		0	0	0
gimmick_collection_prop_ceramic_0049	pickup		Collection prop ceramic	tag	1		0	0	0
gimmick_collection_prop_ceramic_0050	container	Collection_Prop_Ceramic_0050	Cylindrical Red Clay Jar	tag	0		0	0	0
gimmick_collection_prop_ceramic_0051	container	Collection_Prop_Ceramic_0051	Cylindrical Clay Jar	tag	0		0	0	0
gimmick_collection_prop_ceramic_0052	container	Collection_Prop_Ceramic_0052	Old Round Jar	tag	0		0	0	0
gimmick_collection_prop_ceramic_0053	container	Collection_Prop_Ceramic_0053	Brown Round Jar	tag	0		0	0	0
gimmick_collection_prop_ceramic_0054	container	Collection_Prop_Ceramic_0054	Old Water Pot	tag	0		0	0	0
gimmick_collection_prop_ceramic_0055	container	Collection_Prop_Ceramic_0055	Light Brown Water Pot	tag	0		0	0	0
gimmick_collection_prop_ceramic_0056	container	Collection_Prop_Ceramic_0056	Flower Bird Glass Pottery	tag	0		0	0	0
gimmick_collection_prop_ceramic_0057	container	Collection_Prop_Ceramic_0057	Blue Gilded Handle Ceramic	tag	0		0	0	0
gimmick_collection_prop_ceramic_0058	container	Collection_Prop_Ceramic_0058	Blue Ceramic Container	tag	0		0	0	0
gimmick_collection_prop_ceramic_0059	container	Collection_Prop_Ceramic_0059	The Blue Mirage	tag	0		0	0	0
gimmick_collection_prop_chest_0001	container	Collection_Prop_Chest_0001	Strongbox	tag	0		0	0	0
gimmick_collection_prop_chest_0002	container	Collection_Prop_Chest_0002	Document Storage	tag	0		0	0	0
gimmick_collection_prop_chest_0003	container	Collection_Prop_Chest_0003	Sturdy Wooden Box	tag	0		0	0	0
gimmick_collection_prop_chest_0004	container	Collection_Prop_Chest_0004	Wooden Box	tag	0		0	0	0
gimmick_collection_prop_chest_0005	container	Collection_Prop_Chest_0005	Engraved Wooden Box	tag	0		0	0	0
gimmick_collection_prop_chest_0006	container	Collection_Prop_Chest_0006	Iron-Adorned Storage	tag	0		0	0	0
gimmick_collection_prop_chest_0007	container	Collection_Prop_Chest_0007	Jewelry Storage	tag	0		0	0	0
gimmick_collection_prop_chest_0008	container	Collection_Prop_Chest_0008	Jewel Box	tag	0		0	0	0
gimmick_collection_prop_chest_0009	container	Collection_Prop_Chest_0009	Multipurpose Wooden Box	tag	0		0	0	0
gimmick_collection_prop_cup_0001	pickup	Collection_Prop_Cup_0001	Golden Goblet	tag	0		0	0	0
gimmick_collection_prop_cup_0002	pickup	Collection_Prop_Cup_0002	Silver Goblet	tag	0		0	0	0
gimmick_collection_prop_cup_0003	pickup	Collection_Prop_Cup_0003	Bronze Goblet	tag	0		0	0	0
gimmick_collection_prop_cup_0004	pickup	Collection_Prop_Cup_0004	Wooden Mug	tag	0		0	0	0
gimmick_collection_prop_cup_0005	pickup	Collection_Prop_Cup_0005	Brass Goblet	tag	0		0	0	0
gimmick_collection_prop_cup_0006	pickup	Collection_Prop_Cup_0006	Sturdy Wooden Beer Mug	tag	0		0	0	0
gimmick_collection_prop_cup_0007	pickup	Collection_Prop_Cup_0007	Worn Wooden Beer Mug	tag	0		0	0	0
gimmick_collection_prop_cup_0008	pickup	Collection_Prop_Cup_0008	Old Wooden Beer Mug	tag	0		0	0	0
gimmick_collection_prop_cup_0009	pickup	Collection_Prop_Cup_0009	Decorative Silver Mug	tag	0		0	0	0
gimmick_collection_prop_cup_0010	pickup	Collection_Prop_Cup_0010	Decorative Brass Goblet	tag	0		0	0	0
gimmick_collection_prop_cup_0011	pickup	Collection_Prop_Cup_0011	Large Decorative Goblet	tag	0		0	0	0
gimmick_collection_prop_cup_0012	pickup	Collection_Prop_Cup_0012	Worn Decorative Silver Goblet	tag	0		0	0	0
gimmick_collection_prop_cup_0013	pickup	Collection_Prop_Cup_0013	Large Multipurpose Vessel	tag	0		0	0	0
gimmick_collection_prop_cup_0014	pickup	Collection_Prop_Cup_0014	Fine Gold Goblet	tag	0		0	0	0
gimmick_collection_prop_cup_0015	pickup	Collection_Prop_Cup_0015	Artisan's Metal Goblet	tag	0		0	0	0
gimmick_collection_prop_cup_0016	pickup	Collection_Prop_Cup_0016	Ornate Gold Goblet	tag	0		0	0	0
gimmick_collection_prop_doll_0001	pickup	Collection_Prop_Doll_0001	Simple Dress Doll	tag	0		0	0	0
gimmick_collection_prop_doll_0002	pickup	Collection_Prop_Doll_0002	Fine Blue Bonnet Doll	tag	0		0	0	0
gimmick_collection_prop_doll_0003	pickup	Collection_Prop_Doll_0003	Simple Brown Bonnet Doll	tag	0		0	0	0
gimmick_collection_prop_doll_0004	pickup	Collection_Prop_Doll_0004	Beige Bandana Doll	tag	0		0	0	0
gimmick_collection_prop_doll_0005	pickup	Collection_Prop_Doll_0005	Brown Dress Doll	tag	0		0	0	0
gimmick_collection_prop_doll_0006	pickup	Collection_Prop_Doll_0006	Doll Wearing Brown Bonnet	tag	0		0	0	0
gimmick_collection_prop_doll_0007	pickup	Collection_Prop_Doll_0007	Fine Dress Doll	tag	0		0	0	0
gimmick_collection_prop_dyewater_0001	pickup	Collection_Prop_Dyewater_0001	Bright Red Dye	tag	0		0	0	0
gimmick_collection_prop_dyewater_0002	pickup	Collection_Prop_Dyewater_0002	Rich Red Dye	tag	0		0	0	0
gimmick_collection_prop_dyewater_0003	pickup	Collection_Prop_Dyewater_0003	Red Dye	tag	0		0	0	0
gimmick_collection_prop_dyewater_0004	pickup	Collection_Prop_Dyewater_0004	Dark Red Dye	tag	0		0	0	0
gimmick_collection_prop_dyewater_0005	pickup	Collection_Prop_Dyewater_0005	Deep Red Dye	tag	0		0	0	0
gimmick_collection_prop_dyewater_0006	pickup	Collection_Prop_Dyewater_0006	Bright Violet Dye	tag	0		0	0	0
gimmick_collection_prop_dyewater_0007	pickup	Collection_Prop_Dyewater_0007	Rich Violet Dye	tag	0		0	0	0
gimmick_collection_prop_dyewater_0008	pickup	Collection_Prop_Dyewater_0008	Violet Dye	tag	0		0	0	0
gimmick_collection_prop_dyewater_0009	pickup	Collection_Prop_Dyewater_0009	Dark Violet Dye	tag	0		0	0	0
gimmick_collection_prop_dyewater_0010	pickup	Collection_Prop_Dyewater_0010	Deep Violet Dye	tag	0		0	0	0
gimmick_collection_prop_dyewater_0011	pickup	Collection_Prop_Dyewater_0011	Bright Purple Dye	tag	0		0	0	0
gimmick_collection_prop_dyewater_0012	pickup	Collection_Prop_Dyewater_0012	Rich Purple Dye	tag	0		0	0	0
gimmick_collection_prop_dyewater_0013	pickup	Collection_Prop_Dyewater_0013	Purple Dye	tag	0		0	0	0
gimmick_collection_prop_dyewater_0014	pickup	Collection_Prop_Dyewater_0014	Dark Purple Dye	tag	0		0	0	0
gimmick_collection_prop_dyewater_0015	pickup	Collection_Prop_Dyewater_0015	Deep Purple Dye	tag	0		0	0	0
gimmick_collection_prop_dyewater_0016	pickup	Collection_Prop_Dyewater_0016	Bright Blue Dye	tag	0		0	0	0
gimmick_collection_prop_dyewater_0017	pickup	Collection_Prop_Dyewater_0017	Rich Blue Dye	tag	0		0	0	0
gimmick_collection_prop_dyewater_0018	pickup	Collection_Prop_Dyewater_0018	Blue Dye	tag	0		0	0	0
gimmick_collection_prop_dyewater_0019	pickup	Collection_Prop_Dyewater_0019	Dark Blue Dye	tag	0		0	0	0
gimmick_collection_prop_dyewater_0020	pickup	Collection_Prop_Dyewater_0020	Deep Blue Dye	tag	0		0	0	0
gimmick_collection_prop_dyewater_0021	pickup	Collection_Prop_Dyewater_0021	Bright Sky Blue Dye	tag	0		0	0	0
gimmick_collection_prop_dyewater_0022	pickup	Collection_Prop_Dyewater_0022	Rich Sky Blue Dye	tag	0		0	0	0
gimmick_collection_prop_dyewater_0023	pickup	Collection_Prop_Dyewater_0023	Sky Blue Dye	tag	0		0	0	0
gimmick_collection_prop_dyewater_0024	pickup	Collection_Prop_Dyewater_0024	Dark Sky Blue Dye	tag	0		0	0	0
gimmick_collection_prop_dyewater_0025	pickup	Collection_Prop_Dyewater_0025	Deep Sky Blue Dye	tag	0		0	0	0
gimmick_collection_prop_dyewater_0026	pickup	Collection_Prop_Dyewater_0026	Bright Teal Dye	tag	0		0	0	0
gimmick_collection_prop_dyewater_0027	pickup	Collection_Prop_Dyewater_0027	Rich Teal Dye	tag	0		0	0	0
gimmick_collection_prop_dyewater_0028	pickup	Collection_Prop_Dyewater_0028	Teal Dye	tag	0		0	0	0
gimmick_collection_prop_dyewater_0029	pickup	Collection_Prop_Dyewater_0029	Dark Teal Dye	tag	0		0	0	0
gimmick_collection_prop_dyewater_0030	pickup	Collection_Prop_Dyewater_0030	Deep Teal Dye	tag	0		0	0	0
gimmick_collection_prop_dyewater_0031	pickup	Collection_Prop_Dyewater_0031	Bright Green Dye	tag	0		0	0	0
gimmick_collection_prop_dyewater_0032	pickup	Collection_Prop_Dyewater_0032	Rich Green Dye	tag	0		0	0	0
gimmick_collection_prop_dyewater_0033	pickup	Collection_Prop_Dyewater_0033	Green Dye	tag	0		0	0	0
gimmick_collection_prop_dyewater_0034	pickup	Collection_Prop_Dyewater_0034	Dark Green Dye	tag	0		0	0	0
gimmick_collection_prop_dyewater_0035	pickup	Collection_Prop_Dyewater_0035	Deep Green Dye	tag	0		0	0	0
gimmick_collection_prop_dyewater_0036	pickup	Collection_Prop_Dyewater_0036	Bright Spring Green Dye	tag	0		0	0	0
gimmick_collection_prop_dyewater_0037	pickup	Collection_Prop_Dyewater_0037	Rich Spring Green Dye	tag	0		0	0	0
gimmick_collection_prop_dyewater_0038	pickup	Collection_Prop_Dyewater_0038	Spring Green Dye	tag	0		0	0	0
gimmick_collection_prop_dyewater_0039	pickup	Collection_Prop_Dyewater_0039	Dark Spring Green Dye	tag	0		0	0	0
gimmick_collection_prop_dyewater_0040	pickup	Collection_Prop_Dyewater_0040	Deep Spring Green Dye	tag	0		0	0	0
gimmick_collection_prop_dyewater_0041	pickup	Collection_Prop_Dyewater_0041	Bright Yellow Dye	tag	0		0	0	0
gimmick_collection_prop_dyewater_0042	pickup	Collection_Prop_Dyewater_0042	Rich Yellow Dye	tag	0		0	0	0
gimmick_collection_prop_dyewater_0043	pickup	Collection_Prop_Dyewater_0043	Yellow Dye	tag	0		0	0	0
gimmick_collection_prop_dyewater_0044	pickup	Collection_Prop_Dyewater_0044	Dark Yellow Dye	tag	0		0	0	0
gimmick_collection_prop_dyewater_0045	pickup	Collection_Prop_Dyewater_0045	Deep Yellow Dye	tag	0		0	0	0
gimmick_collection_prop_dyewater_0046	pickup	Collection_Prop_Dyewater_0046	Bright Orange Dye	tag	0		0	0	0
gimmick_collection_prop_dyewater_0047	pickup	Collection_Prop_Dyewater_0047	Rich Orange Dye	tag	0		0	0	0
gimmick_collection_prop_dyewater_0048	pickup	Collection_Prop_Dyewater_0048	Orange Dye	tag	0		0	0	0
gimmick_collection_prop_dyewater_0049	pickup	Collection_Prop_Dyewater_0049	Dark Orange Dye	tag	0		0	0	0
gimmick_collection_prop_dyewater_0050	pickup	Collection_Prop_Dyewater_0050	Deep Orange Dye	tag	0		0	0	0
gimmick_collection_prop_dyewater_grey_0001	pickup	Collection_Prop_Dyewater_Grey_0001	Pure White Dye	tag	0		0	0	0
gimmick_collection_prop_dyewater_grey_0002	pickup	Collection_Prop_Dyewater_Grey_0002	Bright Grey Dye	tag	0		0	0	0
gimmick_collection_prop_dyewater_grey_0003	pickup	Collection_Prop_Dyewater_Grey_0003	Silver Grey Dye	tag	0		0	0	0
gimmick_collection_prop_dyewater_grey_0004	pickup	Collection_Prop_Dyewater_Grey_0004	Medium Grey Dye	tag	0		0	0	0
gimmick_collection_prop_dyewater_grey_0005	pickup	Collection_Prop_Dyewater_Grey_0005	Grey Dye	tag	0		0	0	0
gimmick_collection_prop_dyewater_grey_0006	pickup	Collection_Prop_Dyewater_Grey_0006	Shadow Grey Dye	tag	0		0	0	0
gimmick_collection_prop_dyewater_grey_0007	pickup	Collection_Prop_Dyewater_Grey_0007	Cloud Grey Dye	tag	0		0	0	0
gimmick_collection_prop_dyewater_grey_0008	pickup	Collection_Prop_Dyewater_Grey_0008	Deep Grey Dye	tag	0		0	0	0
gimmick_collection_prop_dyewater_grey_0009	pickup	Collection_Prop_Dyewater_Grey_0009	Dark Grey Dye	tag	0		0	0	0
gimmick_collection_prop_dyewater_grey_0010	pickup	Collection_Prop_Dyewater_Grey_0010	Black Dye	tag	0		0	0	0
gimmick_collection_prop_flowerpot_0001	container	Collection_Prop_FlowerPot_0001	Flower Basket	tag	0		0	0	0
gimmick_collection_prop_glasscraft_0004	container	Collection_Prop_Glasscraft_0004	Dolphin Glass Art	tag	0		0	0	0
gimmick_collection_prop_glasscraft_0005	container	Collection_Prop_Glasscraft_0005	Humpback Whale Glass Art	tag	0		0	0	0
gimmick_collection_prop_luxury_0004	pickup		Collection prop luxury	tag	0		1	0	0
gimmick_collection_prop_meatfish_0002	container		Item collect hang meat	tag	0	Meat_IV	0	0	0
gimmick_collection_prop_meatfish_0007	container		Item collect hang meat	tag	0	Meat_IV	0	0	0
gimmick_collection_prop_meatfish_0008	container		Item collect hang meat	tag	0	Meat_IV	0	0	0
gimmick_collection_prop_plate_0001	pickup	Collection_Prop_Plate_0001	Large Wooden Plate	tag	0		0	0	0
gimmick_collection_prop_plate_0002	pickup	Collection_Prop_Plate_0002	Bright Wooden Plate	tag	0		0	0	0
gimmick_collection_prop_plate_0003	pickup	Collection_Prop_Plate_0003	Concave Wooden Plate	tag	0		0	0	0
gimmick_collection_prop_plate_0004	pickup	Collection_Prop_Plate_0004	Sturdy Wooden Plate	tag	0		0	0	0
gimmick_collection_prop_plate_0006	pickup	Collection_Prop_Plate_0006	Deep Wooden Plate	tag	0		0	0	0
gimmick_collection_prop_plate_0007	pickup	Collection_Prop_Plate_0007	Soft Wooden Plate	tag	0		0	0	0
gimmick_collection_prop_plate_0008	pickup	Collection_Prop_Plate_0008	Dark Wooden Plate	tag	0		0	0	0
gimmick_collection_prop_plate_0009	pickup	Collection_Prop_Plate_0009	Thinly Carved Wooden Plate	tag	0		0	0	0
gimmick_collection_prop_plate_0010	pickup	Collection_Prop_Plate_0010	Brass Bowl	tag	0		0	0	0
gimmick_collection_prop_plate_0011	container	Collection_Prop_Plate_0011	Ritual Copper Plate	tag	0		0	0	0
gimmick_collection_prop_plate_0012	container	Collection_Prop_Plate_0012	Square Tray	tag	0		0	0	0
gimmick_collection_prop_plate_0013	container	Collection_Prop_Plate_0013	Decorative Plate	tag	0		0	0	0
gimmick_collection_prop_plate_0014	container	Collection_Prop_Plate_0014	Ceramic Bowl	tag	0		0	0	0
gimmick_collection_prop_plate_0015	pickup	Collection_Prop_Plate_0015	Fruit Bowl	tag	0		0	0	0
gimmick_collection_prop_plate_0016	pickup	Collection_Prop_Plate_0016	Deep Iron Plate	tag	0		0	0	0
gimmick_collection_prop_plate_0017	pickup	Collection_Prop_Plate_0017	Wide Iron Plate	tag	0		0	0	0
gimmick_collection_prop_plate_0018	pickup	Collection_Prop_Plate_0018	Round Iron Plate	tag	0		0	0	0
gimmick_collection_prop_pot_rack_03_cover	pickup		Object	tag	0		0	0	0
gimmick_collection_prop_pot_rack_03_cover_index01	pickup		Object	tag	0		0	0	0
gimmick_collection_prop_statue_0001	pickup	Collection_Prop_Statue_0001	Woman Holding a Water Bottle	tag	0		0	0	0
gimmick_collection_prop_statue_0003	pickup	Collection_Prop_Statue_0003	Priest in a Mask	tag	0		0	0	0
gimmick_collection_prop_tool_0001	pickup	Collection_Prop_Tool_0001	Cast Iron Pan	tag	0		0	0	0
gimmick_collection_prop_tool_0002	container	Collection_Prop_Tool_0002	Pot	tag	0		0	0	0
gimmick_collection_prop_tool_0003	pickup	Collection_Prop_Tool_0003	Gilded Mirror	tag	0		0	0	0
gimmick_collection_prop_tool_0004	pickup	Collection_Prop_Tool_0004	Teapot	tag	0		0	0	0
gimmick_collection_prop_tool_0005	pickup	Collection_Prop_Tool_0005	Iron Basin	tag	0		0	0	0
gimmick_collection_prop_tool_0006	pickup	Collection_Prop_Tool_0006	Hourglass	tag	0		0	0	0
gimmick_collection_prop_tool_0007	pickup	Collection_Prop_Tool_0007	Ornate Magnifying Glass	tag	0		0	0	0
gimmick_collection_prop_tool_0008	pickup	Collection_Prop_Tool_0008	Magnifying Glass	tag	0		0	0	0
gimmick_collection_prop_tool_0009	pickup	Collection_Prop_Tool_0009	Scales	tag	0		0	0	0
gimmick_collection_prop_viewingstone_0001	container	Collection_Prop_viewingstone_0001	Blue Dragon Scale Decorative Stone	tag	0		0	0	0
gimmick_collection_prop_viewingstone_0002	container	Collection_Prop_viewingstone_0002	Ancient's Decorative Stone	tag	0		0	0	0
gimmick_collection_prop_viewingstone_0003	container	Collection_Prop_viewingstone_0003	Red Fire Decorative Stone	tag	0		0	0	0
gimmick_common_bomb_01	pickup		Battle common bomb	tag	1	BountyHunter_Fabric_Boots_I	0	0	0
gimmick_common_bomb_02	pickup		Battle small bomb	tag	1	BountyHunter_Fabric_Boots_I	0	0	0
gimmick_common_logouter_box_01m	wood		Common logouter box 01m	name	0	Money_Camp_Food	0	0	0
gimmick_common_logouter_box_03m	wood		Common logouter box 03m	name	0	Money_Camp_Food	0	0	0
gimmick_common_logouter_box_05m	wood		Common logouter box 05m	name	0	Money_Camp_Food	0	0	0
gimmick_confusion_bomb_01	pickup		Battle confusion bomb	tag	1	BountyHunter_Fabric_Boots_I	0	0	0
gimmick_crow_bomb_01	pickup		Battle crow bomb	tag	1	BountyHunter_Fabric_Boots_I	0	0	0
gimmick_cup_oath_0001	pickup		Cup oath	tag	0		0	0	0
gimmick_detectchange_stonebridge_top_01	stone		Dc stonebridge top	name	0		0	0	0
gimmick_detectchange_stonebridge_top_02	stone		Dc stonebridge top	name	0		0	0	0
gimmick_detectchange_stonebridge_top_03	stone		Dc stonebridge top	name	0		0	0	0
gimmick_door_double_wood_log_01	wood		Door double wood log	name	0		0	0	0
gimmick_door_double_wood_log_01_left	wood		Door double wood log 01 left	name	0		0	0	0
gimmick_door_double_wood_log_01_lock	wood		Door double wood log 01 lock	name	0		0	0	0
gimmick_door_double_wood_log_01_lock_left	wood		Wood	name	0		0	0	0
gimmick_door_double_wood_log_01_lock_right	wood		Wood	name	0		0	0	0
gimmick_door_double_wood_log_01_right	wood		Door double wood log 01 right	name	0		0	0	0
gimmick_door_doublearch_stone_02	stone	Stone_Quarry	Stone	name	0		0	0	0
gimmick_door_doublearch_stone_02_left	stone		Door doublearch stone 02 left	name	0		0	0	0
gimmick_door_doublearch_stone_02_right	stone		Door doublearch stone 02 right	name	0		0	0	0
gimmick_door_dungeon_platform_jumping_01_reeddevil	plant		Plant	name	0		0	0	0
gimmick_door_spot_tower_stone_0001_left	stone		Door spot tower stone 0001 left	name	0		0	0	0
gimmick_door_spot_tower_stone_0001_right	stone		Door spot tower stone 0001 right	name	0		0	0	0
gimmick_dpw_picture_01b	container	Collection_Prop_Picture_0066	Study - Emptiness	tag	0		0	0	0
gimmick_drug_bottle_04	container		Drug bottle	tag	0		0	0	0
gimmick_drug_bottle_05	container		Drug bottle	tag	0		0	0	0
gimmick_drug_bottle_06	container		Drug bottle	tag	0		0	0	0
gimmick_drug_leaves_01	plant		Drug leaves	name	0		0	0	0
gimmick_drug_leaves_02	plant		Drug leaves	name	0		0	0	0
gimmick_dungeon_stone_bridge_01	stone		Dungeon stone bridge	name	0		0	0	0
gimmick_dungeon_stone_bridge_02	stone		Dungeon stone bridge	name	0		0	0	0
gimmick_dungeon_stone_bridge_03	stone		Dungeon stone bridge	name	0		0	0	0
gimmick_dungeon_stone_bridge_04	stone		Dungeon stone bridge	name	0		0	0	0
gimmick_dungeon_stone_hook_bridge_2m	stone		Stone hook bridge 2m	name	0		0	0	0
gimmick_dungeon_stone_hook_bridge_3m	stone		Stone hook bridge 3m	name	0		0	0	0
gimmick_dungeon_stone_hook_bridge_4m	stone		Stone hook bridge 4m	name	0		0	0	0
gimmick_dungeon_stone_hook_bridge_5m	stone		Stone hook bridge 5m	name	0		0	0	0
gimmick_egg_kuku_0001	container		Egg kuku	tag	0		0	0	0
gimmick_egg_wyvern_0001	container		Egg wyvern	tag	0		0	0	0
gimmick_electric_bomb_01	pickup		Battle electric bomb	tag	1	BountyHunter_Fabric_Boots_I	0	0	0
gimmick_equip_gimmick_pyogo_mushroom_backpack	plant		Plant	name	0	Pyogo_Mushroom	0	0	0
gimmick_equip_gimmick_songyi_mushroom_backpack	plant		Plant	name	0	Songyi_Mushroom	0	0	0
gimmick_equip_gimmick_ssari_mushroom_backpack	plant		Plant	name	0	Ssari_Mushroom	0	0	0
gimmick_equip_rocket_backpack	stone		Equip rocket backpack	name	0		0	0	0
gimmick_equip_rocket_helm	stone		Equip rocket helm	name	0		0	0	0
gimmick_ex_dpf_cage_03	container		Dpf cage	tag	0		0	0	0
gimmick_ex_dpf_cage_03_index01	container		Dpf cage 03 index01	tag	0		0	0	0
gimmick_ex_dpf_duckegg_box_01	container		Ex dpf duckegg box	tag	1	Egg	0	0	0
gimmick_ex_dpf_egg_bucket_01	container		Ex dpf egg bucket	tag	1	Egg	0	0	0
gimmick_ex_dpf_fountain_02_crystal	container		Fountain 02 crystal	tag	0		0	0	0
gimmick_ex_dpf_hangingflower_0001	plant		Cd ex dpf hangingflower	name	0		0	0	0
gimmick_ex_dpf_hangingflower_0002	plant		Cd ex dpf hangingflower	name	0		0	0	0
gimmick_ex_dpf_hangingflower_0003	plant		Cd ex dpf hangingflower	name	0		0	0	0
gimmick_ex_dpf_hangingflower_0004	plant		Cd ex dpf hangingflower	name	0		0	0	0
gimmick_ex_dpf_hangingflowerpot_0001	plant		Cd ex dpf hangingflowerpot	name	0		0	0	0
gimmick_ex_dpf_hangingflowerpot_0002	plant		Cd ex dpf hangingflowerpot	name	0		0	0	0
gimmick_ex_dpf_hangingflowerpot_0003	plant		Cd ex dpf hangingflowerpot	name	0		0	0	0
gimmick_ex_dpf_hangingflowerpot_0004	plant		Cd ex dpf hangingflowerpot	name	0		0	0	0
gimmick_ex_dpf_straw_01	container		Background straw	tag	0		0	0	0
gimmick_ex_dpf_straw_06	container		Background straw	tag	0		0	0	0
gimmick_ex_dpf_straw_12	container		Background straw	tag	0		0	0	0
gimmick_factory_chocolate_logouter_02	wood		Factory chocolate logouter	name	0		0	0	0
gimmick_falling_rock_0004	stone		Falling rock	name	1		0	0	0
gimmick_falltree_01	wood		Falltree	name	0		0	0	0
gimmick_falltree_01_fire	wood		Falltree 01 fire	name	0		0	0	0
gimmick_falltree_03	wood		Falltree	name	0		0	0	0
gimmick_falltree_03_fire	wood		Falltree 03 fire	name	0		0	0	0
gimmick_falltree_04_titan	wood		Falltree 04 titan	name	0		0	0	0
gimmick_falltree_05	wood		Falltree	name	0		0	0	0
gimmick_fireplace_firewood_0001	wood		Fireplace firewood	name	0		0	0	0
gimmick_fit_height_pillar_01_part_standstone_guideaction	stone		Stone	name	0		0	0	0
gimmick_floating_rock_02	stone		Floating rock	name	0		0	0	0
gimmick_floating_rock_03	stone		Floating rock	name	0		0	0	0
gimmick_floating_rock_04	stone		Floating rock	name	0		0	0	0
gimmick_floating_rock_05	stone		Floating rock	name	0		0	0	0
gimmick_floating_rock_06	stone		Floating rock	name	0		0	0	0
gimmick_floating_rock_07	stone		Floating rock	name	0		0	0	0
gimmick_forest_break_rock_02_musket	stone		Forest break rock 02 musket	name	1		0	0	0
gimmick_forest_break_rock_02_north	stone		Forest break rock 02 north	name	1		0	0	0
gimmick_fountain_statue_02_parts01	container		Fountain statue 02 parts01	tag	0		0	0	0
gimmick_gemstone_hangchandelier_0001	stone		Gemstone hangchandelier	name	0		0	0	0
gimmick_gemstone_hangchandelier_0001_index01	stone		Stone	name	0		0	0	0
gimmick_gemstone_hangchandelier_0001_index02	stone		Stone	name	0		0	0	0
gimmick_gemstone_hangchandelier_0002	stone		Gemstone hangchandelier	name	0		0	0	0
gimmick_gemstone_hangchandelier_0002_index01	stone		Stone	name	0		0	0	0
gimmick_gemstone_hangchandelier_0002_index02	stone		Stone	name	0		0	0	0
gimmick_gemstone_hangchandelier_0003	stone		Gemstone hangchandelier	name	0		0	0	0
gimmick_gemstone_hangchandelier_0003_index01	stone		Stone	name	0		0	0	0
gimmick_gemstone_hangchandelier_0003_index02	stone		Stone	name	0		0	0	0
gimmick_gemstone_hangchandelier_0004	stone		Gemstone hangchandelier	name	0		0	0	0
gimmick_gemstone_hanger_top_chandelier_0001	stone		Gemstone hanger top chandelier	name	0		0	0	0
gimmick_gemstone_hanger_top_chandelier_0001_index01	stone		Stone	name	0		0	0	0
gimmick_gemstone_hanger_top_chandelier_0001_index02	stone		Stone	name	0		0	0	0
gimmick_gemstone_hanger_top_chandelier_0002	stone		Gemstone hanger top chandelier	name	0		0	0	0
gimmick_gemstone_hanger_top_chandelier_0002_index01	stone		Stone	name	0		0	0	0
gimmick_gemstone_hanger_top_chandelier_0002_index02	stone		Stone	name	0		0	0	0
gimmick_gemstone_hanger_top_chandelier_0102	stone		Gemstone hanger top chandelier	name	0		0	0	0
gimmick_gemstone_hanger_top_chandelier_0102_index01	stone		Stone	name	0		0	0	0
gimmick_gemstone_hanger_top_chandelier_0102_index02	stone		Stone	name	0		0	0	0
gimmick_gemstone_hanger_top_chandelier_0103	stone		Gemstone hanger top chandelier	name	0		0	0	0
gimmick_gemstone_hanger_top_chandelier_0103_index01	stone		Stone	name	0		0	0	0
gimmick_gemstone_hanger_top_chandelier_0103_index02	stone		Stone	name	0		0	0	0
gimmick_gemstone_lamp_0001	stone		Gemstone lamp	name	0		0	0	0
gimmick_gemstone_lamp_0001_index01	stone		Gemstone lamp 0001 index01	name	0		0	0	0
gimmick_gemstone_lamp_0001_index02	stone		Gemstone lamp 0001 index02	name	0		0	0	0
gimmick_gemstone_lamp_0002	stone		Gemstone lamp	name	0		0	0	0
gimmick_gemstone_lamp_0002_index01	stone		Gemstone lamp 0002 index01	name	0		0	0	0
gimmick_gemstone_lamp_0002_index02	stone		Gemstone lamp 0002 index02	name	0		0	0	0
gimmick_hanger_flower_01	plant		Hanger flower	name	0		0	0	0
gimmick_hanger_flower_02	plant		Hanger flower	name	0		0	0	0
gimmick_hanger_flower_03	plant		Hanger flower	name	0		0	0	0
gimmick_hanger_flower_04	plant		Hanger flower	name	0		0	0	0
gimmick_hanger_flower_05	plant		Hanger flower	name	0		0	0	0
gimmick_hanger_flower_06	plant		Hanger flower	name	0		0	0	0
gimmick_hanger_side_flowerpot_01	pickup		Hanger side flowerpot	tag	0		0	0	0
gimmick_hanger_side_flowerpot_02	pickup		Hanger side flowerpot	tag	0		0	0	0
gimmick_hanger_streetlamp_flowerpot_01	pickup		Hanger streetlamp flowerpot	tag	0		0	0	0
gimmick_hanger_streetlamp_flowerpot_02	pickup		Hanger streetlamp flowerpot	tag	0		0	0	0
gimmick_hanger_streetlamp_flowerpot_03	pickup		Hanger streetlamp flowerpot	tag	0		0	0	0
gimmick_hanger_streetlamp_flowerpot_04	pickup		Hanger streetlamp flowerpot	tag	0		0	0	0
gimmick_hanger_streetlamp_housing_flowerpot_01	pickup		Object	tag	0		0	0	0
gimmick_hanger_streetlamp_housing_flowerpot_02	pickup		Object	tag	0		0	0	0
gimmick_hanger_streetlamp_housing_flowerpot_03	pickup		Object	tag	0		0	0	0
gimmick_hanger_streetlamp_housing_flowerpot_04	pickup		Object	tag	0		0	0	0
gimmick_hexe_purple_bomb_01	pickup		Battle hexe purple bomb	tag	1	BountyHunter_Fabric_Boots_I	0	0	0
gimmick_ice_bomb_01	pickup		Battle ice bomb	tag	1	BountyHunter_Fabric_Boots_I	0	0	0
gimmick_icestone_01	stone		Icestone	name	0		0	0	0
gimmick_icestone_02	stone		Icestone	name	0		0	0	0
gimmick_icestone_03	stone		Icestone	name	0		0	0	0
gimmick_icestone_04	stone		Icestone	name	0		0	0	0
gimmick_in_dff_chest_12	container		In dff chest	tag	1		0	0	0
gimmick_in_dff_chest_12_hellhound	container		In dff chest 12 hellhound	tag	1		0	0	0
gimmick_in_dff_chest_12_kwe	container		In dff chest 12 kwe	tag	1		0	0	0
gimmick_in_dff_chest_12a	container		In dff chest 12a	tag	1		0	0	0
gimmick_in_dff_chest_12a_index01	container		In dff chest 12a index01	tag	1		0	0	0
gimmick_in_dff_chest_12a_kwe	container		In dff chest 12a kwe	tag	1		0	0	0
gimmick_in_dpfo_bag_01	container		In dpfo bag	tag	1		0	0	0
gimmick_in_dpfo_churn_01	container		In dpfo churn	tag	1		0	0	0
gimmick_in_dpfo_churn_02	container		In dpfo churn	tag	0		0	0	0
gimmick_in_dpfo_churn_03	container		In dpfo churn	tag	1		0	0	0
gimmick_in_dpfo_clothesbasket_01	container		In dpfo clothesbasket	tag	1		0	0	0
gimmick_in_dpfo_clothesbasket_01_red	container		In dpfo clothesbasket 01 red	tag	1		0	0	0
gimmick_in_dpfo_clothesbasket_02	container		In dpfo clothesbasket	tag	1		0	0	0
gimmick_in_dpfo_clothesbasket_02_red	container		In dpfo clothesbasket 02 red	tag	1		0	0	0
gimmick_in_dpfo_clothesbasket_03	container		In dpfo clothesbasket	tag	1		0	0	0
gimmick_in_dpfo_clothesbasket_04	container		In dpfo clothesbasket	tag	1		0	0	0
gimmick_in_dpfo_clothesbasket_05	container		In dpfo clothesbasket	tag	1		0	0	0
gimmick_in_dpfo_clothesbasket_06	container		In dpfo clothesbasket	tag	1		0	0	0
gimmick_in_dpfo_clothesbasket_07	container		In dpfo clothesbasket	tag	1		0	0	0
gimmick_in_dpfo_wickerbasket_01	container		Dpfo wickerbasket	tag	1		0	0	0
gimmick_in_dpfo_wickerbasket_02	container		In dpfo wickerbasket	tag	1		0	0	0
gimmick_in_dpfo_wickerbasket_05	container		In dpfo wickerbasket	tag	1		0	0	0
gimmick_in_dpfo_wickerbasket_07	container		In dpfo wickerbasket	tag	1		0	0	0
gimmick_in_dpfo_wickerbasket_07_mushroom_01	container		In dpfo wickerbasket 07 mushroom	tag	1	Pyogo_Mushroom Songyi_Mushroom	0	0	0
gimmick_in_dpfo_wickerbasket_08	container		In dpfo wickerbasket	tag	1		0	0	0
gimmick_in_dpfo_wickerbasket_08_mushroom_01	container		In dpfo wickerbasket 08 mushroom	tag	1	Pyogo_Mushroom	0	0	0
gimmick_in_dpfo_wickerbasket_09	container		In dpfo wickerbasket	tag	0	Bean	0	0	0
gimmick_in_dpw_picture_01	container	Collection_Prop_Picture_0064	Notable - Nameless	tag	0		0	0	0
gimmick_in_dpw_picture_01_painting_01	container	Collection_Prop_Picture_0001	Study - Fields of Color	tag	0		0	0	0
gimmick_in_dpw_picture_01_painting_02	container	Collection_Prop_Picture_0002	Study - Poverty Amidst Plenty	tag	0		0	0	0
gimmick_in_dpw_picture_01_painting_03	container	Collection_Prop_Picture_0003	Study - Golden Lands	tag	0		0	0	0
gimmick_in_dpw_picture_02a	container	Collection_Prop_Picture_0004	Acclaimed - Idle Hands	tag	0		0	0	0
gimmick_in_dpw_picture_02a_i3	container	Collection_Prop_Picture_0005	Acclaimed - Abundance	tag	0		0	0	0
gimmick_in_dpw_picture_02a_i9	container	Collection_Prop_Picture_0006	Acclaimed - Prelude to War	tag	0		0	0	0
gimmick_in_dpw_picture_02a_painting_01	container	Collection_Prop_Picture_0007	Notable - Poverty Amidst Plenty	tag	0		0	0	0
gimmick_in_dpw_picture_02a_painting_01_gold	container	Collection_Prop_Picture_0008	Masterpiece - Poverty Amidst Plenty	tag	0		0	0	0
gimmick_in_dpw_picture_03a	container	Collection_Prop_Picture_0009	Study - Hiding the Evidence	tag	0		0	0	0
gimmick_in_dpw_picture_03a_i15	container	Collection_Prop_Picture_0012	Study - The Blessed Queen	tag	0		0	0	0
gimmick_in_dpw_picture_03a_i18	container	Collection_Prop_Picture_0013	Magnum Opus - Saint Bartali	tag	0		0	0	0
gimmick_in_dpw_picture_03a_i20	container	Collection_Prop_Picture_0070	Acclaimed - Stefan Lanford	tag	0		0	0	0
gimmick_in_dpw_picture_03a_i21	container	Collection_Prop_Picture_0078	Acclaimed - Demeniss Soldiers	tag	0		0	0	0
gimmick_in_dpw_picture_03a_i3	container	Collection_Prop_Picture_0010	Study - Hernand Castle	tag	0		0	0	0
gimmick_in_dpw_picture_03a_i6	container	Collection_Prop_Picture_0011	Study - Saint Grein	tag	0		0	0	0
gimmick_in_dpw_picture_04	container	Collection_Prop_Picture_0014	Notable - Saint Reventine	tag	0		0	0	0
gimmick_in_dpw_picture_04_01	container	Collection_Prop_Picture_0015	Notable - Nameless	tag	0		0	0	0
gimmick_in_dpw_picture_05a	container	Collection_Prop_Picture_0016	Replica - Idle Hands	tag	0		0	0	0
gimmick_in_dpw_picture_05a_i12	container	Collection_Prop_Picture_0018	Notable - Those Who Celebrate the Harvest Festival	tag	0		0	0	0
gimmick_in_dpw_picture_05a_i18	container	Collection_Prop_Picture_0019	Notable - Those Headed to the Chapel	tag	0		0	0	0
gimmick_in_dpw_picture_05a_i20	container	Collection_Prop_Picture_0020	Acclaimed - Silence of Dawn	tag	0		0	0	0
gimmick_in_dpw_picture_05a_i20_gold	container	Collection_Prop_Picture_0021	Masterpiece - Silence of Dawn	tag	0		0	0	0
gimmick_in_dpw_picture_05a_i21	container	Collection_Prop_Picture_0022	Study - Delesyia	tag	0		0	0	0
gimmick_in_dpw_picture_05a_i22	container	Collection_Prop_Picture_0023	Notable - Glory of Days Past	tag	0		0	0	0
gimmick_in_dpw_picture_05a_i8	container	Collection_Prop_Picture_0017	Replica - Prelude to War	tag	0		0	0	0
gimmick_in_dpw_picture_06	container	Collection_Prop_Picture_0024	Study - Eghod the Great	tag	0		0	0	0
gimmick_in_dpw_picture_06_grace	container	Collection_Prop_Picture_0025	Notable - Duel Between Rivals	tag	0		0	0	0
gimmick_in_dpw_picture_06_index02	container	Collection_Prop_Picture_0071	Acclaimed - The Great Delesyia	tag	0		0	0	0
gimmick_in_dpw_picture_07	container	Collection_Prop_Picture_0026	Acclaimed - Golden Lands	tag	0		0	0	0
gimmick_in_dpw_picture_07_grace	container	Collection_Prop_Picture_0027	Notable - Duel - Echoes of the Battlefield	tag	0		0	0	0
gimmick_in_dpw_picture_07_i1	container	Collection_Prop_Picture_0028	Notable - Execution	tag	0		0	0	0
gimmick_in_dpw_picture_07_painting_01	container	Collection_Prop_Picture_0029	Notable - Fields of Color	tag	0		0	0	0
gimmick_in_dpw_picture_07_painting_02	container	Collection_Prop_Picture_0030	Acclaimed - Poverty Amidst Plenty	tag	0		0	0	0
gimmick_in_dpw_picture_07_painting_03	container	Collection_Prop_Picture_0077	Acclaimed - The Mighty Delesyia	tag	0		0	0	0
gimmick_in_dpw_picture_08	container	Collection_Prop_Picture_0072	Notable - Crescent Moon	tag	0		0	0	0
gimmick_in_dpw_picture_08_index01	container	Collection_Prop_Picture_0073	Notable - Crescent Moon	tag	0		0	0	0
gimmick_in_dpw_picture_09	container	Collection_Prop_Picture_0074	Notable - Full Moon	tag	0		0	0	0
gimmick_in_dpw_picture_09_index01	container	Collection_Prop_Picture_0075	Notable - Crescent Moon	tag	0		0	0	0
gimmick_in_dpw_picture_09_index02	container	Collection_Prop_Picture_0076	Notable - The Three Moons	tag	0		0	0	0
gimmick_in_dpw_picture_animal_04	container	Collection_Prop_Picture_0031	Study - The Cat and the Bird	tag	0		0	0	0
gimmick_in_dpw_picture_animal_04_mouse	container	Collection_Prop_Picture_0033	Study - The Rat's Roll	tag	0		0	0	0
gimmick_in_dpw_picture_animal_04_rabbit	container	Collection_Prop_Picture_0032	Study - Blooming Rabbit	tag	0		0	0	0
gimmick_in_dpw_picture_animal_07	container	Collection_Prop_Picture_0034	Acclaimed - Bighorn Sheep	tag	0		0	0	0
gimmick_in_dpw_picture_animal_07_i1	container	Collection_Prop_Picture_0035	Masterpiece - Bighorn Sheep	tag	0		0	0	0
gimmick_in_dpw_picture_animal_07_sheep	container	Collection_Prop_Picture_0036	Acclaimed - The Lamb	tag	0		0	0	0
gimmick_in_dpw_picture_animal_07_wolf	container	Collection_Prop_Picture_0037	Acclaimed - Gatekeeper of Death	tag	0		0	0	0
gimmick_in_dpw_picture_animal_07_wolf_gold	container	Collection_Prop_Picture_0038	Masterpiece - Gatekeeper of Death	tag	0		0	0	0
gimmick_in_dpw_picture_animal_12	container	Collection_Prop_Picture_0039	Acclaimed - Dawnbreak	tag	0		0	0	0
gimmick_in_dpw_picture_animal_12_dairy	container	Collection_Prop_Picture_0041	Acclaimed - A Dairy Cow	tag	0		0	0	0
gimmick_in_dpw_picture_animal_12_dairy_gold	container	Collection_Prop_Picture_0042	Masterpiece - A Dairy Cow	tag	0		0	0	0
gimmick_in_dpw_picture_animal_12_dog	container	Collection_Prop_Picture_0043	Acclaimed - Man's Best Friend	tag	0		0	0	0
gimmick_in_dpw_picture_animal_12_dog_gold	container	Collection_Prop_Picture_0044	Masterpiece - Man's Best Friend	tag	0		0	0	0
gimmick_in_dpw_picture_animal_12_i1	container	Collection_Prop_Picture_0040	Masterpiece - Dawnbreak	tag	0		0	0	0
gimmick_in_dpw_picture_animal_12_lion	container	Collection_Prop_Picture_0045	Acclaimed - Lion's Majesty	tag	0		0	0	0
gimmick_in_dpw_picture_animal_14	container	Collection_Prop_Picture_0046	Study - A Sheep with Horns	tag	0		0	0	0
gimmick_in_dpw_picture_animal_17	container	Collection_Prop_Picture_0047	Study - The Hound	tag	0		0	0	0
gimmick_in_dpw_picture_animal_17_goat	container	Collection_Prop_Picture_0049	Study - Red Bighorn Sheep	tag	0		0	0	0
gimmick_in_dpw_picture_animal_17_otter	container	Collection_Prop_Picture_0048	Masterpiece - King of Death	tag	0		0	0	0
gimmick_in_dpw_picture_animal_18	container	Collection_Prop_Picture_0050	Notable - King of Hens	tag	0		0	0	0
gimmick_in_dpw_picture_animal_18_cow	container	Collection_Prop_Picture_0051	Magnum Opus - Priest of Bulls	tag	0		0	0	0
gimmick_in_dpw_picture_animal_18_tiger	container	Collection_Prop_Picture_0052	Magnum Opus - The Tiger General	tag	0		0	0	0
gimmick_in_dpw_picture_animal_18_wingcat	container	Collection_Prop_Picture_0053	Notable - Winged Fox	tag	0		0	0	0
gimmick_in_dpw_picture_animal_20	container	Collection_Prop_Picture_0054	Study - My Beloved Steed	tag	0		0	0	0
gimmick_in_dpw_picture_animal_20_goat	container	Collection_Prop_Picture_0055	Study - Bighorn Sheep	tag	0		0	0	0
gimmick_in_dpw_picture_animal_21	container	Collection_Prop_Picture_0056	Notable - The Fox	tag	0		0	0	0
gimmick_in_dpw_picture_animal_22	container	Collection_Prop_Picture_0057	Notable - Snowfield Fox	tag	0		0	0	0
gimmick_in_dpw_picture_plais_01	container	Collection_Prop_Picture_0058	Masterpiece - Crown Prince Edward Thorel	tag	0		0	0	0
gimmick_in_shops_hppotionwoodbox_01	container		In shops hppotionwoodbox	tag	1	Collection_Prop_Bottle_0001	0	0	0
gimmick_installation_bomb_01	pickup		Installation bomb	tag	0		0	0	0
gimmick_item_aircastle_cannonball_0001	pickup		Battle aircastle emp cannonball	tag	0	Marni_Special_CannonBall	0	1	0
gimmick_item_arrow_memo_01	pickup		Item arrow memo	folder	0	Slave_Fabric_Boots Arrow	0	1	0
gimmick_item_arrowbundle_0001	pickup		Item arrowbundle	tag	0		0	1	0
gimmick_item_arrowbundle_0002	pickup		Item arrowbundle	tag	0		0	1	0
gimmick_item_basic_backpack	container		Item basic backpack	tag	0	Farmer_BackPack_II	0	1	0
gimmick_item_basic_bowl	pickup		Item basic bowl	tag	0	Goblin_Merchant_Fabric_Cloak_Ⅳ	0	1	0
gimmick_item_basic_cup	pickup		Item basic cup	tag	0		0	1	0
gimmick_item_basic_dish	pickup		Item basic dish	tag	0	Goblin_Merchant_Fabric_Cloak_Ⅳ	0	1	0
gimmick_item_basic_horse_armor	container		Item basic horse armor	tag	0		0	1	0
gimmick_item_basic_horse_bag	container		Item basic horse bag	tag	0	Apothecary_BackPack_I	0	1	0
gimmick_item_basic_horse_mask	pickup		Item basic horse mask	tag	0	Varken_HorseArmor_Helm	0	1	0
gimmick_item_basic_horse_saddle	container		Item basic horse saddle	tag	0		0	1	0
gimmick_item_basic_horse_shoe	pickup		Item basic horse shoe	tag	0		0	1	0
gimmick_item_basic_horse_stirrup	pickup		Item basic horse stirrup	tag	0		0	1	0
gimmick_item_basic_kuku_money	pickup		Item basic kuku money	tag	0		0	1	0
gimmick_item_basic_metal	pickup		Item basic metal	tag	0		0	1	0
gimmick_item_basic_onehand	pickup		Item basic onehand	tag	0		0	1	0
gimmick_item_basic_onehand_arrow	pickup		Item basic arrow	tag	0		0	1	0
gimmick_item_basic_onehand_battle	pickup		Item basic autopickup	folder	0		0	1	0
gimmick_item_basic_onehand_offset	pickup		Item basic onehand offset	tag	0		0	1	0
gimmick_item_basic_onehand_quickpickup	pickup		Item basic onehand quickpickup	tag	0		0	1	0
gimmick_item_basic_petbox_01	container		Item basic petbox	tag	0		0	1	0
gimmick_item_basic_twohand	container		Item basic twohand	tag	0		0	1	0
gimmick_item_basic_visione_chip	pickup		Item visione chip	folder	0		0	1	0
gimmick_item_basic_visione_chip_bossrematch	pickup		Item visione chip bossrematch	folder	0		0	1	0
gimmick_item_basic_visione_chip_bossrematch_big	pickup		Object	folder	0		0	1	0
gimmick_item_basic_visione_chip_bossrematch_verybig	pickup		Object	folder	0		0	1	0
gimmick_item_bulletbundle_0001	pickup		Item bulletbundle	tag	0		0	1	0
gimmick_item_bulletbundle_0002	pickup		Item bulletbundle	tag	0		0	1	0
gimmick_item_bulletbundle_0003	pickup		Item bulletbundle	tag	0		0	1	0
gimmick_item_collectbundle_0001	pickup		Item collectbundle	tag	0		0	1	0
gimmick_item_collectbundle_0002	pickup		Item collectbundle	tag	0		0	1	0
gimmick_item_collectbundle_0003	pickup		Item collectbundle	tag	0		0	1	0
gimmick_item_common_bread_01	pickup		Item common bread	folder	0	Bread	0	1	0
gimmick_item_common_bread_02	pickup		Item common bread	folder	0	Bread	0	1	0
gimmick_item_common_bread_03	pickup		Item common bread	folder	0	Bread	0	1	0
gimmick_item_common_bread_04	pickup		Item common bread	folder	0	Bread	0	1	0
gimmick_item_common_bread_05	pickup		Item common bread	folder	0	Bread	0	1	0
gimmick_item_common_bread_06	pickup		Item common bread	folder	0	Bread	0	1	0
gimmick_item_common_bread_07	pickup		Item common bread	folder	0	Bread	0	1	0
gimmick_item_common_cerealstall_0001	pickup		Item common cerealstall	folder	1	Bean Barley peas	0	1	0
gimmick_item_common_chicken_01	pickup		Item collect hang meat	folder	0	Chicken_Meat	0	1	0
gimmick_item_common_cloth_0001	pickup		Item common cloth	folder	0	Collection_Prop_Tool_0010	0	1	0
gimmick_item_common_cloth_0001_index01	pickup		Item common cloth 0001 index01	folder	0	Collection_Prop_Tool_0010	0	1	0
gimmick_item_common_cloth_0001_index02	pickup		Item common cloth 0001 index02	folder	0	Collection_Prop_Tool_0010	0	1	0
gimmick_item_common_cloth_0001_index03	pickup		Item common cloth 0001 index03	folder	0	Collection_Prop_Tool_0010	0	1	0
gimmick_item_common_cloth_0001_index04	pickup		Item common cloth 0001 index04	folder	0	Collection_Prop_Tool_0010	0	1	0
gimmick_item_common_cloth_0002	pickup		Item common cloth	folder	0	Collection_Prop_Tool_0010	0	1	0
gimmick_item_common_cloth_0002_index01	pickup		Item common cloth 0002 index01	folder	0	Collection_Prop_Tool_0010	0	1	0
gimmick_item_common_cloth_0003	pickup		Item common cloth	folder	0	Collection_Prop_Tool_0010	0	1	0
gimmick_item_common_cloth_0003_index01	pickup		Item common cloth 0003 index01	folder	0	Collection_Prop_Tool_0010	0	1	0
gimmick_item_common_cloth_0004	pickup		Item common cloth	folder	0	Collection_Prop_Tool_0010	0	1	0
gimmick_item_common_cloth_0005	pickup		Item common cloth	folder	0	Collection_Prop_Tool_0010	0	1	0
gimmick_item_common_cloth_0005_index01	pickup		Item common cloth 0005 index01	folder	0	Collection_Prop_Tool_0010	0	1	0
gimmick_item_common_cloth_0005_index02	pickup		Item common cloth 0005 index02	folder	0	Collection_Prop_Tool_0010	0	1	0
gimmick_item_common_cloth_shop_0001	pickup		Item common cloth shop	folder	0		0	1	0
gimmick_item_common_cloth_shop_0002	pickup		Item common cloth shop	folder	0		0	1	0
gimmick_item_common_cloth_shop_0003	pickup		Item common cloth shop	folder	0		0	1	0
gimmick_item_common_cloth_shop_0004	pickup		Item common cloth shop	folder	0		0	1	0
gimmick_item_common_cloth_shop_0005	pickup		Item common cloth shop	folder	0		0	1	0
gimmick_item_common_coin_0001	pickup		Item common coin	folder	0		0	1	0
gimmick_item_common_coin_0002	pickup		Item common coin	folder	0		0	1	0
gimmick_item_common_dryapple_0001	pickup		Item common dryapple	folder	0	Apple	0	1	0
gimmick_item_common_drycorn_0001	pickup		Item common drycorn	folder	0	Corn	0	1	0
gimmick_item_common_dryfish_0001	pickup		Item common dryfish	folder	0	Food_Dried_Fish	0	1	0
gimmick_item_common_dryfish_0002	pickup		Item common dryfish	folder	0	Food_Dried_Fish	0	1	0
gimmick_item_common_dryfish_0003	pickup		Item common dryfish	folder	0	Food_Dried_Fish	0	1	0
gimmick_item_common_dryfish_0004	pickup		Item common dryfish	folder	0	Food_Dried_Fish	0	1	0
gimmick_item_common_dryfish_0005	pickup		Item common dryfish	folder	0	Food_Dried_Fish	0	1	0
gimmick_item_common_dryfish_0006	pickup		Item common dryfish	folder	0	Food_Dried_Fish	0	1	0
gimmick_item_common_dryfish_0007	pickup		Item common dryfish	folder	0	Food_Dried_Fish	0	1	0
gimmick_item_common_drygarlic_0001	pickup		Item common drygarlic	folder	0	Garlic	0	1	0
gimmick_item_common_dryham_0001	pickup		Item common dryham	folder	0	Meat_III	0	1	0
gimmick_item_common_dryherb_0001	plant		Item common dryherb	name	0	Rosemary	0	1	0
gimmick_item_common_dryherb_0002	plant		Item common dryherb	name	0	Rosemary	0	1	0
gimmick_item_common_dryherb_0003	plant		Item common dryherb	name	0	Rosemary	0	1	0
gimmick_item_common_dryherb_0004	plant		Item common dryherb	name	0	Rosemary	0	1	0
gimmick_item_common_drymushroom_0001	plant		Item common drymushroom	name	0	Pyogo_Mushroom	0	1	0
gimmick_item_common_dryonion_0001	pickup		Item common dryonion	folder	0	Onion	0	1	0
gimmick_item_common_fruitstall_0001	pickup		Object	folder	0		0	1	0
gimmick_item_common_goldbar_0001	pickup		Item common goldbar fake	tag	0	GoldBar_Fake	0	1	0
gimmick_item_common_goldbar_0002	pickup		Item common goldbar fake	tag	0	GoldBar_Fake	0	1	0
gimmick_item_common_goldbar_0003	pickup		Item common goldbar fake	tag	0	GoldBar_Fake	0	1	0
gimmick_item_common_goldbar_0004	pickup		Item common goldbar fake	tag	0	GoldBar_Fake	0	1	0
gimmick_item_common_leather_0001	pickup		Item common leather	folder	0	Leather	0	1	0
gimmick_item_common_leather_0001_index01	pickup		Item common leather 0001 index01	folder	0	Leather	0	1	0
gimmick_item_common_leather_0001_index02	pickup		Item common leather 0001 index02	folder	0	Leather	0	1	0
gimmick_item_common_leather_0002	pickup		Item common leather	folder	0	Leather	0	1	0
gimmick_item_common_leather_0002_index01	pickup		Item common leather 0002 index01	folder	0	Leather	0	1	0
gimmick_item_common_leather_0002_index02	pickup		Item common leather 0002 index02	folder	0	Leather	0	1	0
gimmick_item_common_leather_0003	pickup		Item common leather	folder	0	Leather	0	1	0
gimmick_item_common_leather_0003_index01	pickup		Item common leather 0003 index01	folder	0	Leather	0	1	0
gimmick_item_common_leather_0003_index02	pickup		Item common leather 0003 index02	folder	0	Leather	0	1	0
gimmick_item_common_leather_bundle_0001	pickup		Item common leather bundle	folder	0	Leather	0	1	0
gimmick_item_common_leather_bundle_0001_index01	pickup		Object	folder	0	Leather	0	1	0
gimmick_item_common_leather_bundle_0002	pickup		Item common leather bundle	folder	0	Leather	0	1	0
gimmick_item_common_leather_bundle_0003	pickup		Item common leather bundle	folder	0	Leather	0	1	0
gimmick_item_common_leather_bundle_0004	pickup		Item common leather bundle	folder	0	Leather	0	1	0
gimmick_item_common_leather_rack_0001	pickup		Item common leather rack	folder	0		0	1	0
gimmick_item_common_leather_rack_0001_index01	pickup		Object	folder	0		0	1	0
gimmick_item_common_leather_rack_0002	pickup		Item common leather rack	folder	0		0	1	0
gimmick_item_common_leather_rack_0002_index01	pickup		Object	folder	0		0	1	0
gimmick_item_common_leather_rack_0003	pickup		Item common leather rack	folder	0		0	1	0
gimmick_item_common_leather_rack_0004	pickup		Item common leather rack	folder	0		0	1	0
gimmick_item_common_leather_rack_0005	pickup		Item common leather rack	folder	0		0	1	0
gimmick_item_common_leather_rack_0005_index01	pickup		Object	folder	0		0	1	0
gimmick_item_common_leather_rack_0005_index02	pickup		Object	folder	0		0	1	0
gimmick_item_common_meat_02	pickup		Item collect hang meat	folder	0	Meat_II	0	1	0
gimmick_item_common_meat_03	pickup		Item collect hang meat	folder	0	Meat_III	0	1	0
gimmick_item_common_meat_04	pickup		Item collect hang meat	folder	0	Meat_IV	0	1	0
gimmick_item_common_potatoes_0001	pickup		Item common potatoes	folder	0		0	1	0
gimmick_item_common_saddle_0001	pickup		Item common saddle	folder	0	Old_HorseArmor_Saddle	0	1	0
gimmick_item_common_saddle_0001_index01	pickup		Item common saddle 0001 index01	folder	0	Old_HorseArmor_Saddle	0	1	0
gimmick_item_common_saddle_0001_index02	pickup		Item common saddle 0001 index02	folder	0	Old_HorseArmor_Saddle	0	1	0
gimmick_item_common_silverbar_0001	pickup		Item common silverbar	tag	0		0	1	0
gimmick_item_common_vegetablestall_0001	pickup		Object	folder	0		0	1	0
gimmick_item_decoy_human_01	pickup		Item decoy human	tag	0		0	1	0
gimmick_item_decoy_summon_ball_01	pickup		Item decoy summon ball	tag	0		0	1	0
gimmick_item_deerking_crown_0001	pickup		Item deerking crown	tag	0	DeerKing_Crown_Helm	0	1	0
gimmick_item_dropset_armor_fabric_01	container		Item dropset armor fabric	folder	0		0	1	0
gimmick_item_dropset_armor_fabric_02	container		Item dropset armor fabric	folder	0		0	1	0
gimmick_item_dropset_armor_fabric_03	container		Item dropset armor fabric	folder	0		0	1	0
gimmick_item_dropset_cabinet_01	container		Item dropset cabinet	folder	0		0	1	0
gimmick_item_dropset_cabinet_02	container		Item dropset cabinet	folder	0		0	1	0
gimmick_item_dropset_cabinet_03	container		Item dropset cabinet	folder	0		0	1	0
gimmick_item_dropset_cabinet_04	container		Item dropset cabinet	folder	0		0	1	0
gimmick_item_dropset_cabinet_05	container		Item dropset cabinet	folder	0		0	1	0
gimmick_item_dropset_cabinet_06	container		Item dropset cabinet	folder	0		0	1	0
gimmick_item_dropset_cabinet_07	container		Item dropset cabinet	folder	0		0	1	0
gimmick_item_dropset_cabinet_08	container		Item dropset cabinet	folder	0		0	1	0
gimmick_item_dropset_cabinet_09	container		Item dropset cabinet	folder	0		0	1	0
gimmick_item_dropset_food_0001	container		Item dropset food	tag	0	Apple	0	1	0
gimmick_item_dropset_food_0002	container		Item dropset food	tag	0	Rasberry	0	1	0
gimmick_item_dropset_food_0003	container		Item dropset food	tag	0	Apple Grape Orange	0	1	0
gimmick_item_dropset_food_0004	container		Item dropset food	tag	1	Apple Cheese	0	1	0
gimmick_item_dropset_food_0005	container		Item dropset food	tag	0	Apple Cheese	0	1	0
gimmick_item_dropset_food_0006	container		Item dropset food	tag	1	Bread	0	1	0
gimmick_item_dropset_food_0007	container		Item dropset food	tag	1	Songyi_Mushroom	0	1	0
gimmick_item_dropset_food_0008	container		Item dropset food	tag	0	Bread	0	1	0
gimmick_item_dropset_food_0009	container		Item dropset food	folder	1		0	1	0
gimmick_item_dropset_food_0010	container		Item dropset food	tag	1	Food_Dried_Fish	0	1	0
gimmick_item_dropset_food_0011	container		Item dropset food	tag	0	peas	0	1	0
gimmick_item_dropset_food_0012	container		Item dropset food	tag	1	peas	0	1	0
gimmick_item_dropset_food_0013	container		Item dropset food	tag	0	Pan_fried_Meat_Pancake	0	1	0
gimmick_item_dropset_food_0014	container		Item dropset food	folder	1		0	1	0
gimmick_item_dropset_food_0015	container		Item dropset food	folder	1		0	1	0
gimmick_item_dropset_food_0016	container		Item dropset food	tag	1	Food_Dried_Fish	0	1	0
gimmick_item_dropset_food_0017	container		Item dropset food	tag	1	Bird_Meat	0	1	0
gimmick_item_dropset_food_0018	container		Item dropset food	tag	1	High_Meat	0	1	0
gimmick_item_dropset_food_0019	container		Item dropset food	tag	0	Freshly_Grilled_Bird Grilled_Vegetables	0	1	0
gimmick_item_dropset_food_0020	container		Item dropset food	folder	0	Lavender	0	1	0
gimmick_item_dropset_treasurebox_01	container		Item dropset treasurebox	folder	0		0	1	0
gimmick_item_feces_01	pickup		Feces	folder	0		0	1	0
gimmick_item_feces_02	pickup		Feces	folder	0		0	1	0
gimmick_item_firewood_0001	wood		Firewood	tag	0	Wood	0	1	0
gimmick_item_firewood_0001_fine	wood		Firewood 0001 fine	tag	0	Fine_Wood	0	1	0
gimmick_item_firewood_0001_index01	wood		Firewood 0001 index01	tag	0	Wood	0	1	0
gimmick_item_firewood_0001_index01_fine	wood		Firewood 0001 index01 fine	tag	0	Fine_Wood	0	1	0
gimmick_item_firewood_0001_index01_premium	wood		Firewood 0001 index01 premium	tag	0	Premium_Wood	0	1	0
gimmick_item_firewood_0001_index02	wood		Firewood 0001 index02	tag	0	Wood	0	1	0
gimmick_item_firewood_0001_index02_fine	wood		Firewood 0001 index02 fine	tag	0	Fine_Wood	0	1	0
gimmick_item_firewood_0001_index02_premium	wood		Firewood 0001 index02 premium	tag	0	Premium_Wood	0	1	0
gimmick_item_firewood_0001_index03	wood		Firewood 0001 index03	tag	0	Wood	0	1	0
gimmick_item_firewood_0001_index03_fine	wood		Firewood 0001 index03 fine	tag	0	Fine_Wood	0	1	0
gimmick_item_firewood_0001_index03_premium	wood		Firewood 0001 index03 premium	tag	0	Premium_Wood	0	1	0
gimmick_item_firewood_0001_index04	wood		Firewood 0001 index04	tag	0	Wood	0	1	0
gimmick_item_firewood_0001_index04_fine	wood		Firewood 0001 index04 fine	tag	0	Fine_Wood	0	1	0
gimmick_item_firewood_0001_index04_premium	wood		Firewood 0001 index04 premium	tag	0	Premium_Wood	0	1	0
gimmick_item_firewood_0001_index05	wood		Firewood 0001 index05	tag	0	Wood	0	1	0
gimmick_item_firewood_0001_index05_fine	wood		Firewood 0001 index05 fine	tag	0	Fine_Wood	0	1	0
gimmick_item_firewood_0001_index05_premium	wood		Firewood 0001 index05 premium	tag	0	Premium_Wood	0	1	0
gimmick_item_firewood_0001_index06	wood		Firewood 0001 index06	tag	0	Wood	0	1	0
gimmick_item_firewood_0001_index06_fine	wood		Firewood 0001 index06 fine	tag	0	Fine_Wood	0	1	0
gimmick_item_firewood_0001_index06_premium	wood		Firewood 0001 index06 premium	tag	0	Premium_Wood	0	1	0
gimmick_item_firewood_0001_premium	wood		Firewood 0001 premium	tag	0	Premium_Wood	0	1	0
gimmick_item_firewood_0002	wood		Firewood	tag	0	Wood	0	1	0
gimmick_item_firewood_0002_fine	wood		Firewood 0002 fine	tag	0	Fine_Wood	0	1	0
gimmick_item_firewood_0002_index01	wood		Firewood 0002 index01	tag	0	Wood	0	1	0
gimmick_item_firewood_0002_index01_fine	wood		Firewood 0002 index01 fine	tag	0	Fine_Wood	0	1	0
gimmick_item_firewood_0002_index01_premium	wood		Firewood 0002 index01 premium	tag	0	Premium_Wood	0	1	0
gimmick_item_firewood_0002_index02	wood		Firewood 0002 index02	tag	0	Wood	0	1	0
gimmick_item_firewood_0002_index02_fine	wood		Firewood 0002 index02 fine	tag	0	Fine_Wood	0	1	0
gimmick_item_firewood_0002_index02_premium	wood		Firewood 0002 index02 premium	tag	0	Premium_Wood	0	1	0
gimmick_item_firewood_0002_index03	wood		Firewood 0002 index03	tag	0	Wood	0	1	0
gimmick_item_firewood_0002_index03_fine	wood		Firewood 0002 index03 fine	tag	0	Fine_Wood	0	1	0
gimmick_item_firewood_0002_index03_premium	wood		Firewood 0002 index03 premium	tag	0	Premium_Wood	0	1	0
gimmick_item_firewood_0002_index04	wood		Firewood 0002 index04	tag	0	Wood	0	1	0
gimmick_item_firewood_0002_index04_fine	wood		Firewood 0002 index04 fine	tag	0	Fine_Wood	0	1	0
gimmick_item_firewood_0002_index04_premium	wood		Firewood 0002 index04 premium	tag	0	Premium_Wood	0	1	0
gimmick_item_firewood_0002_index05	wood		Firewood 0002 index05	tag	0	Wood	0	1	0
gimmick_item_firewood_0002_index05_fine	wood		Firewood 0002 index05 fine	tag	0	Fine_Wood	0	1	0
gimmick_item_firewood_0002_index05_premium	wood		Firewood 0002 index05 premium	tag	0	Premium_Wood	0	1	0
gimmick_item_firewood_0002_index06	wood		Firewood 0002 index06	tag	0	Wood	0	1	0
gimmick_item_firewood_0002_index06_fine	wood		Firewood 0002 index06 fine	tag	0	Fine_Wood	0	1	0
gimmick_item_firewood_0002_index06_premium	wood		Firewood 0002 index06 premium	tag	0	Premium_Wood	0	1	0
gimmick_item_firewood_0002_index07	wood		Firewood 0002 index07	tag	0	Wood	0	1	0
gimmick_item_firewood_0002_index07_fine	wood		Firewood 0002 index07 fine	tag	0	Fine_Wood	0	1	0
gimmick_item_firewood_0002_index07_premium	wood		Firewood 0002 index07 premium	tag	0	Premium_Wood	0	1	0
gimmick_item_firewood_0002_index08	wood		Firewood 0002 index08	tag	0	Wood	0	1	0
gimmick_item_firewood_0002_index08_fine	wood		Firewood 0002 index08 fine	tag	0	Fine_Wood	0	1	0
gimmick_item_firewood_0002_index08_premium	wood		Firewood 0002 index08 premium	tag	0	Premium_Wood	0	1	0
gimmick_item_firewood_0002_premium	wood		Firewood 0002 premium	tag	0	Premium_Wood	0	1	0
gimmick_item_firewood_0003	wood		Firewood	tag	0	Wood	0	1	0
gimmick_item_firewood_0003_fine	wood		Firewood 0003 fine	tag	0	Fine_Wood	0	1	0
gimmick_item_firewood_0003_index01	wood		Firewood 0003 index01	tag	0	Wood	0	1	0
gimmick_item_firewood_0003_index01_fine	wood		Firewood 0003 index01 fine	tag	0	Fine_Wood	0	1	0
gimmick_item_firewood_0003_index01_premium	wood		Firewood 0003 index01 premium	tag	0	Premium_Wood	0	1	0
gimmick_item_firewood_0003_index02	wood		Firewood 0003 index02	tag	0	Wood	0	1	0
gimmick_item_firewood_0003_index02_fine	wood		Firewood 0003 index02 fine	tag	0	Fine_Wood	0	1	0
gimmick_item_firewood_0003_index02_premium	wood		Firewood 0003 index02 premium	tag	0	Premium_Wood	0	1	0
gimmick_item_firewood_0003_index03	wood		Firewood 0003 index03	tag	0	Wood	0	1	0
gimmick_item_firewood_0003_index03_fine	wood		Firewood 0003 index03 fine	tag	0	Fine_Wood	0	1	0
gimmick_item_firewood_0003_index03_premium	wood		Firewood 0003 index03 premium	tag	0	Premium_Wood	0	1	0
gimmick_item_firewood_0003_premium	wood		Firewood 0003 premium	tag	0	Premium_Wood	0	1	0
gimmick_item_firewood_1001	wood		Firewood	tag	0	Wood	0	1	0
gimmick_item_firewood_1001_fine	wood		Firewood 1001 fine	tag	0	Fine_Wood	0	1	0
gimmick_item_firewood_1001_index01	wood		Firewood 1001 index01	tag	0	Wood	0	1	0
gimmick_item_firewood_1001_index01_fine	wood		Firewood 1001 index01 fine	tag	0	Fine_Wood	0	1	0
gimmick_item_firewood_1001_index01_premium	wood		Firewood 1001 index01 premium	tag	0	Premium_Wood	0	1	0
gimmick_item_firewood_1001_index02	wood		Firewood 1001 index02	tag	0	Wood	0	1	0
gimmick_item_firewood_1001_index02_fine	wood		Firewood 1001 index02 fine	tag	0	Fine_Wood	0	1	0
gimmick_item_firewood_1001_index02_premium	wood		Firewood 1001 index02 premium	tag	0	Premium_Wood	0	1	0
gimmick_item_firewood_1001_index03	wood		Firewood 1001 index03	tag	0	Wood	0	1	0
gimmick_item_firewood_1001_index03_fine	wood		Firewood 1001 index03 fine	tag	0	Fine_Wood	0	1	0
gimmick_item_firewood_1001_index03_premium	wood		Firewood 1001 index03 premium	tag	0	Premium_Wood	0	1	0
gimmick_item_firewood_1001_index04	wood		Firewood 1001 index04	tag	0	Wood	0	1	0
gimmick_item_firewood_1001_index04_fine	wood		Firewood 1001 index04 fine	tag	0	Fine_Wood	0	1	0
gimmick_item_firewood_1001_index04_premium	wood		Firewood 1001 index04 premium	tag	0	Premium_Wood	0	1	0
gimmick_item_firewood_1001_premium	wood		Firewood 1001 premium	tag	0	Premium_Wood	0	1	0
gimmick_item_firewood_1002	wood		Firewood	tag	0	Wood	0	1	0
gimmick_item_firewood_1002_fine	wood		Firewood 1002 fine	tag	0	Fine_Wood	0	1	0
gimmick_item_firewood_1002_index01	wood		Firewood 1002 index01	tag	0	Wood	0	1	0
gimmick_item_firewood_1002_index01_fine	wood		Firewood 1002 index01 fine	tag	0	Fine_Wood	0	1	0
gimmick_item_firewood_1002_index01_premium	wood		Firewood 1002 index01 premium	tag	0	Premium_Wood	0	1	0
gimmick_item_firewood_1002_index02	wood		Firewood 1002 index02	tag	0	Wood	0	1	0
gimmick_item_firewood_1002_index02_fine	wood		Firewood 1002 index02 fine	tag	0	Fine_Wood	0	1	0
gimmick_item_firewood_1002_index02_premium	wood		Firewood 1002 index02 premium	tag	0	Premium_Wood	0	1	0
gimmick_item_firewood_1002_index03	wood		Firewood 1002 index03	tag	0	Wood	0	1	0
gimmick_item_firewood_1002_index03_fine	wood		Firewood 1002 index03 fine	tag	0	Fine_Wood	0	1	0
gimmick_item_firewood_1002_index03_premium	wood		Firewood 1002 index03 premium	tag	0	Premium_Wood	0	1	0
gimmick_item_firewood_1002_index04	wood		Firewood 1002 index04	tag	0	Wood	0	1	0
gimmick_item_firewood_1002_index04_fine	wood		Firewood 1002 index04 fine	tag	0	Fine_Wood	0	1	0
gimmick_item_firewood_1002_index04_premium	wood		Firewood 1002 index04 premium	tag	0	Premium_Wood	0	1	0
gimmick_item_firewood_1002_index05	wood		Firewood 1002 index05	tag	0	Wood	0	1	0
gimmick_item_firewood_1002_index05_fine	wood		Firewood 1002 index05 fine	tag	0	Fine_Wood	0	1	0
gimmick_item_firewood_1002_index05_premium	wood		Firewood 1002 index05 premium	tag	0	Premium_Wood	0	1	0
gimmick_item_firewood_1002_index06	wood		Firewood 1002 index06	tag	0	Wood	0	1	0
gimmick_item_firewood_1002_index06_fine	wood		Firewood 1002 index06 fine	tag	0	Fine_Wood	0	1	0
gimmick_item_firewood_1002_index06_premium	wood		Firewood 1002 index06 premium	tag	0	Premium_Wood	0	1	0
gimmick_item_firewood_1002_index07	wood		Firewood 1002 index07	tag	0	Wood	0	1	0
gimmick_item_firewood_1002_index07_fine	wood		Firewood 1002 index07 fine	tag	0	Fine_Wood	0	1	0
gimmick_item_firewood_1002_index07_premium	wood		Firewood 1002 index07 premium	tag	0	Premium_Wood	0	1	0
gimmick_item_firewood_1002_index08	wood		Firewood 1002 index08	tag	0	Wood	0	1	0
gimmick_item_firewood_1002_index08_fine	wood		Firewood 1002 index08 fine	tag	0	Fine_Wood	0	1	0
gimmick_item_firewood_1002_index08_premium	wood		Firewood 1002 index08 premium	tag	0	Premium_Wood	0	1	0
gimmick_item_firewood_1002_index09	wood		Firewood 1002 index09	tag	0	Wood	0	1	0
gimmick_item_firewood_1002_index09_fine	wood		Firewood 1002 index09 fine	tag	0	Fine_Wood	0	1	0
gimmick_item_firewood_1002_index09_premium	wood		Firewood 1002 index09 premium	tag	0	Premium_Wood	0	1	0
gimmick_item_firewood_1002_index10	wood		Firewood 1002 index10	tag	0	Wood	0	1	0
gimmick_item_firewood_1002_index10_fine	wood		Firewood 1002 index10 fine	tag	0	Fine_Wood	0	1	0
gimmick_item_firewood_1002_index10_premium	wood		Firewood 1002 index10 premium	tag	0	Premium_Wood	0	1	0
gimmick_item_firewood_1002_premium	wood		Firewood 1002 premium	tag	0	Premium_Wood	0	1	0
gimmick_item_firewood_1003	wood		Firewood	tag	0	Wood	0	1	0
gimmick_item_firewood_1003_fine	wood		Firewood 1003 fine	tag	0	Fine_Wood	0	1	0
gimmick_item_firewood_1003_index01	wood		Firewood 1003 index01	tag	0	Wood	0	1	0
gimmick_item_firewood_1003_index01_fine	wood		Firewood 1003 index01 fine	tag	0	Fine_Wood	0	1	0
gimmick_item_firewood_1003_index01_premium	wood		Firewood 1003 index01 premium	tag	0	Premium_Wood	0	1	0
gimmick_item_firewood_1003_premium	wood		Firewood 1003 premium	tag	0	Premium_Wood	0	1	0
gimmick_item_firewood_2001	wood		Firewood	tag	0	Wood	0	1	0
gimmick_item_firewood_2001_fine	wood		Firewood 2001 fine	tag	0	Fine_Wood	0	1	0
gimmick_item_firewood_2001_index01	wood		Firewood 2001 index01	tag	0	Wood	0	1	0
gimmick_item_firewood_2001_index01_fine	wood		Firewood 2001 index01 fine	tag	0	Fine_Wood	0	1	0
gimmick_item_firewood_2001_index01_premium	wood		Firewood 2001 index01 premium	tag	0	Premium_Wood	0	1	0
gimmick_item_firewood_2001_index02	wood		Firewood 2001 index02	tag	0	Wood	0	1	0
gimmick_item_firewood_2001_index02_fine	wood		Firewood 2001 index02 fine	tag	0	Fine_Wood	0	1	0
gimmick_item_firewood_2001_index02_premium	wood		Firewood 2001 index02 premium	tag	0	Premium_Wood	0	1	0
gimmick_item_firewood_2001_index03	wood		Firewood 2001 index03	tag	0	Wood	0	1	0
gimmick_item_firewood_2001_index03_fine	wood		Firewood 2001 index03 fine	tag	0	Fine_Wood	0	1	0
gimmick_item_firewood_2001_index03_premium	wood		Firewood 2001 index03 premium	tag	0	Premium_Wood	0	1	0
gimmick_item_firewood_2001_premium	wood		Firewood 2001 premium	tag	0	Premium_Wood	0	1	0
gimmick_item_firewood_2002	wood		Firewood	tag	0	Wood	0	1	0
gimmick_item_firewood_2002_fine	wood		Firewood 2002 fine	tag	0	Fine_Wood	0	1	0
gimmick_item_firewood_2002_index01	wood		Firewood 2002 index01	tag	0	Wood	0	1	0
gimmick_item_firewood_2002_index01_fine	wood		Firewood 2002 index01 fine	tag	0	Fine_Wood	0	1	0
gimmick_item_firewood_2002_index01_premium	wood		Firewood 2002 index01 premium	tag	0	Premium_Wood	0	1	0
gimmick_item_firewood_2002_index02	wood		Firewood 2002 index02	tag	0	Wood	0	1	0
gimmick_item_firewood_2002_index02_fine	wood		Firewood 2002 index02 fine	tag	0	Fine_Wood	0	1	0
gimmick_item_firewood_2002_index02_premium	wood		Firewood 2002 index02 premium	tag	0	Premium_Wood	0	1	0
gimmick_item_firewood_2002_index03	wood		Firewood 2002 index03	tag	0	Wood	0	1	0
gimmick_item_firewood_2002_index03_fine	wood		Firewood 2002 index03 fine	tag	0	Fine_Wood	0	1	0
gimmick_item_firewood_2002_index03_premium	wood		Firewood 2002 index03 premium	tag	0	Premium_Wood	0	1	0
gimmick_item_firewood_2002_premium	wood		Firewood 2002 premium	tag	0	Premium_Wood	0	1	0
gimmick_item_firewood_2003	wood		Firewood	tag	0	Wood	0	1	0
gimmick_item_firewood_2003_fine	wood		Firewood 2003 fine	tag	0	Fine_Wood	0	1	0
gimmick_item_firewood_2003_premium	wood		Firewood 2003 premium	tag	0	Premium_Wood	0	1	0
gimmick_item_gimbap_0001	pickup		Item gimbap	folder	0	Vegetable_Fruit_Porridge_Large	0	1	0
gimmick_item_goblinpot	pickup		Item goblinpot	folder	0		0	1	0
gimmick_item_graymane_clue_01	pickup		Item graymane clue	folder	0		0	1	0
gimmick_item_graymane_clue_02	pickup		Item graymane clue	tag	0	Broken_Graymane_Token	0	1	0
gimmick_item_handmirror_0001	pickup		Item handmirror	tag	0	Scorched_HandMirror	0	1	0
gimmick_item_jangjorim_0001	pickup		Item jangjorim	folder	0	Pan_fried_Meat_Fruit_Pancake_Large	0	1	0
gimmick_item_jijeongdan	pickup		Item jijeongdan	tag	0		0	1	0
gimmick_item_jijeongsindan	pickup		Item jijeongsindan	tag	0		0	1	0
gimmick_item_lookat_paper_01	pickup		Item lookat paper	folder	0		0	1	0
gimmick_item_lookat_stone	stone	Stone_Quarry	Stone	name	0		0	1	0
gimmick_item_marni_coin_0001	pickup		Item marni coin	folder	0	Item_Pinball_Coin	0	1	0
gimmick_item_paper	pickup		Item paper	tag	0		0	1	0
gimmick_item_paper_empty	pickup		Item paper empty	tag	0		0	1	0
gimmick_item_poop_spawn_0001	pickup		Item poop spawner	folder	0		0	1	0
gimmick_item_quest_crowman_key_01	pickup		Item quest crowman key	tag	0		0	1	0
gimmick_item_quest_grace_key_01	pickup		Item quest grace key	tag	0		0	1	0
gimmick_item_quest_grace_key_02	pickup		Item quest grace key	tag	0		0	1	0
gimmick_item_quest_sticky_bomb_01	pickup		Item quest sticky bomb	folder	0		0	1	0
gimmick_item_quest_sticky_flower_bomb	pickup		Item quest sticky flower bomb	tag	0		0	1	0
gimmick_item_quest_witch_ship_bell	pickup		Item quest witch ship bell	tag	0		0	1	0
gimmick_item_quest_witch_ship_charm	pickup		Item quest witch ship charm	tag	0		0	1	0
gimmick_item_quest_witch_ship_thurible	container		Item quest witch ship thurible	tag	0		0	1	0
gimmick_item_razorclam_0001	pickup		Item razorclam	folder	0	Item_Rare_Collect_RazorClam	0	1	0
gimmick_item_razorclam_0002	pickup		Item rare collect razorclam	folder	0	Item_Rare_Collect_RazorClam_01	0	1	0
gimmick_item_razorclam_0003	pickup		Item rare collect razorclam	folder	0	Item_Rare_Collect_RazorClam_01	0	1	0
gimmick_item_razorclam_0004	pickup		Item rare collect razorclam	folder	0	Item_Rare_Collect_RazorClam_01	0	1	0
gimmick_item_reeddevil_doll	plant		Item reeddevil doll	name	0		0	1	0
gimmick_item_sealed_artifact	pickup		Item sealed artifact	folder	0		0	1	0
gimmick_item_shay_cat_clue_01	pickup		Item shay cat clue	folder	0		0	1	0
gimmick_item_shay_cat_clue_02	pickup		Item shay cat clue	folder	0		0	1	0
gimmick_item_smoke_bomb_01	pickup		Item smoke bomb	tag	0		0	1	0
gimmick_item_tool_book_0001	pickup		Item tool book	folder	0		0	1	0
gimmick_item_tool_bookstand_0001	pickup		Item tool bookstand	folder	0		0	1	0
gimmick_item_tool_helm_0001	pickup		Item tool helm	folder	0	Hartman_PlateArmor_Helm	0	1	0
gimmick_item_tool_shield_0001	pickup		Item tool shield	folder	0	ReiGhis_Wood_OneHandShield	0	1	0
gimmick_item_trade_armor_01	container		Item trade armor	tag	0	Trade_Armor_03	0	1	0
gimmick_item_trade_armor_03	container		Item trade armor	tag	0		0	1	0
gimmick_item_trade_armor_wild_chain_01	container		Item trade armor wild chain	tag	0		0	1	0
gimmick_item_trade_armor_wild_chain_03	container		Item trade armor wild chain	tag	0	Trade_Armor_Wild_Chain_01	0	1	0
gimmick_item_trade_armor_wild_fabric_01	container		Item trade armor wild fabric	tag	0		0	1	0
gimmick_item_trade_armor_wild_fabric_03	container		Item trade armor wild fabric	tag	0	Trade_Armor_Wild_Fabric_01	0	1	0
gimmick_item_trade_brimstone_0001	pickup		Item trade brimstone	tag	0		0	1	0
gimmick_item_trade_brimstone_01	pickup		Item trade brimstone	tag	0	Trade_Sulfur_02	0	1	0
gimmick_item_trade_brimstone_02	pickup		Item trade brimstone	tag	0		0	1	0
gimmick_item_trade_brimstone_03	pickup		Item trade brimstone	tag	0	Trade_Sulfur_02	0	1	0
gimmick_item_trade_calligraphypainting_01	pickup		Item trade calligraphypainting	tag	0	Trade_Caligraphy_02	0	1	0
gimmick_item_trade_calligraphypainting_02	pickup		Item trade calligraphypainting	tag	0		0	1	0
gimmick_item_trade_carpet_01	pickup		Item trade carpet	tag	0		0	1	0
gimmick_item_trade_carpet_02	pickup		Item trade carpet	tag	0	Trade_Carpet_02	0	1	0
gimmick_item_trade_cheese_01	container		Item trade cheese	tag	0	Trade_Cheese_03	0	1	0
gimmick_item_trade_cheese_02	container		Item trade cheese	tag	0	Trade_Cheese_03	0	1	0
gimmick_item_trade_cheese_03	pickup		Item trade cheese	tag	0		0	1	0
gimmick_item_trade_cigarette_01	pickup		Item trade cigarette	tag	0	Trade_Tobacco_02	0	1	0
gimmick_item_trade_cigarette_02	pickup		Item trade cigarette	tag	0		0	1	0
gimmick_item_trade_compass_0001	pickup		Item trade compass	tag	0		0	1	0
gimmick_item_trade_coolant_0001	pickup		Item trade coolant	tag	0		0	1	0
gimmick_item_trade_deerleather_0001	pickup		Item trade deerleather	tag	0		0	1	0
gimmick_item_trade_divinemushroom_0001	pickup		Item trade divinemushroom	tag	0		0	1	0
gimmick_item_trade_fishmeat_01	container		Item trade fishmeat	tag	0	Trade_FishMeat_03	0	1	0
gimmick_item_trade_fishmeat_02	container		Item trade fishmeat	tag	0	Trade_FishMeat_03	0	1	0
gimmick_item_trade_fishmeat_03	pickup		Item trade fishmeat	tag	0		0	1	0
gimmick_item_trade_flint_0001	pickup		Item trade flint	tag	0		0	1	0
gimmick_item_trade_flour_01	pickup		Item trade flour	tag	0		0	1	0
gimmick_item_trade_flour_02	pickup		Item trade flour	tag	0	Trade_Flour_01	0	1	0
gimmick_item_trade_flour_03	pickup		Item trade flour	tag	0	Trade_Flour_01	0	1	0
gimmick_item_trade_food_01	container		Item trade food	tag	0		0	1	0
gimmick_item_trade_food_02	container		Item trade food	tag	0	Trade_Camp_Food	0	1	0
gimmick_item_trade_fur_01	pickup		Item trade fur	tag	0	Trade_Fur_01	0	1	0
gimmick_item_trade_fur_02	container		Item trade fur	tag	0		0	1	0
gimmick_item_trade_ginseng_01	container		Item trade ginseng	tag	0	Trade_Ginseng_03	0	1	0
gimmick_item_trade_ginseng_02	container		Item trade ginseng	tag	0	Trade_Ginseng_03	0	1	0
gimmick_item_trade_ginseng_03	pickup		Item trade ginseng	tag	0		0	1	0
gimmick_item_trade_glass_01	container		Item trade glass	tag	0	Trade_Glass_02	0	1	0
gimmick_item_trade_glass_02	pickup		Item trade glass	tag	0		0	1	0
gimmick_item_trade_glowingmushroom_0001	pickup		Item trade glowingmushroom	tag	0		0	1	0
gimmick_item_trade_golden_sword_01	pickup		Item trade golden sword	tag	0	Trade_Golden_Sword_Unpack	0	1	0
gimmick_item_trade_gun_01	container		Item trade gun	tag	0	Trade_Gun_02	0	1	0
gimmick_item_trade_gun_02	pickup		Item trade gun	tag	0		0	1	0
gimmick_item_trade_gunpowder_0001	pickup		Item trade gunpowder	tag	0		0	1	0
gimmick_item_trade_gunpowder_01	pickup		Item trade gunpowder	tag	0	Trade_Gunpowder_02	0	1	0
gimmick_item_trade_gunpowder_02	pickup		Item trade gunpowder	tag	0		0	1	0
gimmick_item_trade_honey_01	pickup		Item trade honey	tag	0	Trade_Honey_02	0	1	0
gimmick_item_trade_honey_02	container		Item trade honey	tag	0		0	1	0
gimmick_item_trade_horseshoe_0001	pickup		Item trade horseshoe	tag	0		0	1	0
gimmick_item_trade_icestone_0001	pickup		Item trade icestone	tag	0		0	1	0
gimmick_item_trade_icetear_0001	pickup		Item trade icetear	tag	0		0	1	0
gimmick_item_trade_ivory_02	container		Item trade ivory	tag	0	Trade_Ivory_03	0	1	0
gimmick_item_trade_ivory_03	pickup		Item trade ivory	tag	0		0	1	0
gimmick_item_trade_jade_01	container		Item trade jade	tag	0	Trade_Jade_03	0	1	0
gimmick_item_trade_jade_02	container		Item trade jade	tag	0	Trade_Jade_03	0	1	0
gimmick_item_trade_jade_03	pickup		Item trade jade	tag	0		0	1	0
gimmick_item_trade_jerky_0001	pickup		Item trade jerky	tag	0		0	1	0
gimmick_item_trade_lightingstruckwood_0001	pickup		Item trade lightingstruckwood	tag	0		0	1	0
gimmick_item_trade_lubricant_0001	pickup		Item trade lubricant	tag	0		0	1	0
gimmick_item_trade_modelboat_0001	pickup		Item trade modelboat	tag	0		0	1	0
gimmick_item_trade_oasisbottle_0001	pickup		Item trade oasisbottle	tag	0		0	1	0
gimmick_item_trade_pearl_0001	pickup		Item trade pearl	tag	0		0	1	0
gimmick_item_trade_pepper_01	pickup		Item trade pepper	tag	0	Trade_Pepper_02	0	1	0
gimmick_item_trade_pepper_02	pickup		Item trade pepper	tag	0		0	1	0
gimmick_item_trade_pepper_03	pickup		Item trade pepper	tag	0	Trade_Pepper_02	0	1	0
gimmick_item_trade_pot_01	container		Item trade pot	tag	0	Trade_Ceramics_03	0	1	0
gimmick_item_trade_pot_02	container		Item trade pot	tag	0	Trade_Ceramics_03	0	1	0
gimmick_item_trade_pot_03	container		Item trade pot	tag	0		0	1	0
gimmick_item_trade_pricklypear_chocolate_0001	pickup		Item trade pricklypear chocolate	tag	0		0	1	0
gimmick_item_trade_relicbox_01	container		Item trade relicbox	tag	0		0	1	0
gimmick_item_trade_relicbox_02	container		Item trade relicbox	tag	0	Trade_PearlLacquerware_01	0	1	0
gimmick_item_trade_ritualplate_0001	pickup		Item trade ritualplate	tag	0		0	1	0
gimmick_item_trade_rosin_0001	pickup		Item trade rosin	tag	0		0	1	0
gimmick_item_trade_royaljelly_0001	pickup		Item trade royaljelly	tag	0		0	1	0
gimmick_item_trade_salt_01	pickup		Item trade salt	tag	0		0	1	0
gimmick_item_trade_salt_02	pickup		Item trade salt	tag	0	Trade_Salt_01	0	1	0
gimmick_item_trade_salt_03	pickup		Item trade salt	tag	0	Trade_Salt_01	0	1	0
gimmick_item_trade_saltrock_0001	pickup		Item trade saltrock	tag	0		0	1	0
gimmick_item_trade_scorpion_jewel_0001	pickup		Item trade scorpion jewel	tag	0		0	1	0
gimmick_item_trade_scripture_0001	pickup		Item trade scripture	tag	0		0	1	0
gimmick_item_trade_silks_01	container		Item trade silks	tag	0		0	1	0
gimmick_item_trade_silks_02	pickup		Item trade silks	tag	0	Trade_Silk_02	0	1	0
gimmick_item_trade_snowginseng_0001	pickup		Item trade snowginseng	tag	0		0	1	0
gimmick_item_trade_stone_01	container		Item trade stone	tag	0		0	1	0
gimmick_item_trade_stone_02	container		Item trade stone	tag	0	Trade_Camp_Stone	0	1	0
gimmick_item_trade_sugar_01	pickup		Item trade sugar	tag	0	Trade_Sugar_02	0	1	0
gimmick_item_trade_sugar_02	pickup		Item trade sugar	tag	0		0	1	0
gimmick_item_trade_sugar_03	pickup		Item trade sugar	tag	0	Trade_Sugar_02	0	1	0
gimmick_item_trade_sword_01	container		Item trade sword	tag	0	Trade_Sword_03	0	1	0
gimmick_item_trade_sword_02	container		Item trade sword	tag	0	Trade_Sword_03	0	1	0
gimmick_item_trade_sword_03	pickup		Item trade sword	tag	0		0	1	0
gimmick_item_trade_tableclock_0001	pickup		Item trade tableclock	tag	0		0	1	0
gimmick_item_trade_telescope_0001	pickup		Item trade telescope	tag	0		0	1	0
gimmick_item_trade_toolkit_0001	pickup		Item trade toolkit	tag	0		0	1	0
gimmick_item_trade_weapon_01	container		Item trade weapon	tag	0		0	1	0
gimmick_item_trade_weapon_02	container		Item trade weapon	tag	0	Trade_Camp_Weapon	0	1	0
gimmick_item_trade_wine_01	pickup		Item trade wine	tag	0		0	1	0
gimmick_item_trade_wine_02	container		Item trade wine	tag	0	Trade_Wine_01	0	1	0
gimmick_item_trade_wood_01	container		Item trade wood	tag	0		0	1	0
gimmick_item_trade_wood_02	container		Item trade wood	tag	0	Trade_Camp_Wood	0	1	0
gimmick_item_trade_wool_01	container		Item trade wool	tag	0	Trade_Wool_03	0	1	0
gimmick_item_trade_wool_02	container		Item trade wool	tag	0	Trade_Wool_03	0	1	0
gimmick_item_trade_wool_03	pickup		Item trade wool	tag	0		0	1	0
gimmick_item_weaponbox_0001	container	Collection_Prop_WeaponBox_0001	Firearms Box	tag	0		0	1	0
gimmick_item_weaponbox_0002	container	Collection_Prop_WeaponBox_0002	Swords Box	tag	0		0	1	0
gimmick_item_weaponbox_0003	container	Collection_Prop_WeaponBox_0003	Weapons Box	tag	0		0	1	0
gimmick_item_wooddoll_0001	pickup		Item wooddoll	tag	0		0	1	0
gimmick_jijeongta_leaf_0001	plant		Jijeongta leaf	tag	0		0	0	1
gimmick_jijeongta_leaf_vegetation_0001	plant		Jijeongta leaf vegetation	name	0		0	0	0
gimmick_jijeongta_leaf_vegetation_0002	plant		Jijeongta leaf vegetation	name	0		0	0	0
gimmick_kudzu_tree_0001	wood		Kudzu tree	name	0		0	0	0
gimmick_kudzu_vine_0001	plant		Kudzu vine	tag	0	Item_Rare_Collect_Kudzu	0	0	1
gimmick_lamp_side_antumbra_0001_reeddevil	plant		Plant	name	0		0	0	0
gimmick_lamp_standstone_01_antumbra_del_on	stone		Stone	name	0		0	0	0
gimmick_lamp_standstone_01_antumbra_dem_on	stone		Stone	name	0		0	0	0
gimmick_lamp_standstone_01_antumbra_desert_on	stone		Stone	name	0		0	0	0
gimmick_lamp_standstone_01_antumbra_kwe_on	stone		Stone	name	0		0	0	0
gimmick_lamp_standstone_01_antumbra_nameless_on	stone		Stone	name	0		0	0	0
gimmick_lamp_standstone_01_antumbra_off	stone		Lamp standstone 01 antumbra off	name	0		0	0	0
gimmick_lamp_standstone_01_antumbra_on	stone		Lamp standstone 01 antumbra on	name	0		0	0	0
gimmick_lamp_standstone_01_antumbra_reeddevil_on	stone		Stone	name	0		0	0	0
gimmick_lamp_standstone_01_antumbra_troll_on	stone		Stone	name	0		0	0	0
gimmick_lamp_standstone_01_darknessking_off	stone		Stone	name	0	Greyfur_Leather_Boots_VII	0	0	0
gimmick_lamp_standstone_01_dungeon_off	stone		Lamp standstone 01 dungeon off	name	0		0	0	0
gimmick_lamp_standstone_01_dungeon_on	stone		Lamp standstone 01 dungeon on	name	0		0	0	0
gimmick_lamp_standstone_01_index01_off	stone		Lamp standstone 01 index01 off	name	0		0	0	0
gimmick_lamp_standstone_01_marni_on	stone		Lamp standstone 01 marni on	name	0		0	0	0
gimmick_lamp_standstone_01_off	stone		Lamp standstone 01 off	name	0		0	0	0
gimmick_lamp_standstone_01_on	stone		Lamp standstone 01 on	name	0		0	0	0
gimmick_lamp_standstone_02_antumbra	stone		Lamp standstone 02 antumbra	name	0		0	0	0
gimmick_lamp_standstone_02_antumbra_del	stone		Lamp standstone 02 antumbra del	name	0		0	0	0
gimmick_lamp_standstone_02_antumbra_dem	stone		Lamp standstone 02 antumbra dem	name	0		0	0	0
gimmick_lamp_standstone_02_antumbra_desert	stone		Stone	name	0		0	0	0
gimmick_lamp_standstone_02_antumbra_kwe	stone		Lamp standstone 02 antumbra kwe	name	0		0	0	0
gimmick_lamp_standstone_02_antumbra_nameless	stone		Stone	name	0		0	0	0
gimmick_lamp_standstone_02_antumbra_reeddevil	stone		Stone	name	0		0	0	0
gimmick_lamp_standstone_02_antumbra_troll	stone		Stone	name	0		0	0	0
gimmick_lamp_standstone_02_index01_off	stone		Lamp standstone 02 index01 off	name	0		0	0	0
gimmick_lamp_standstone_02_off	stone		Lamp standstone 02 off	name	0		0	0	0
gimmick_lamp_standstone_02_on	stone		Lamp standstone 02 on	name	0		0	0	0
gimmick_lamp_standstone_02_skullknight_ice	stone		Stone	name	0		0	0	0
gimmick_lamp_standstone_02_skullknight_off	stone		Stone	name	0		0	0	0
gimmick_lamp_standstone_03_off	stone		Lamp standstone 03 off	name	0		0	0	0
gimmick_lamp_standstone_03_on	stone		Lamp standstone 03 on	name	0		0	0	0
gimmick_lamp_standstone_03_on_index01	stone		Lamp standstone 03 on index01	name	0		0	0	0
gimmick_lamp_standstone_04_off	stone		Lamp standstone 04 off	name	0		0	0	0
gimmick_lamp_standstone_04_on	stone		Lamp standstone 04 on	name	0		0	0	0
gimmick_lamp_standstone_05_index01_off	stone		Lamp standstone 05 index01 off	name	0		0	0	0
gimmick_lamp_standstone_05_off	stone		Lamp standstone 05 off	name	0		0	0	0
gimmick_lamp_standstone_06_index01_off	stone		Lamp standstone 06 index01 off	name	0		0	0	0
gimmick_lamp_standstone_06_index02_off	stone		Lamp standstone 06 index02 off	name	0		0	0	0
gimmick_lamp_standstone_06_index03_off	stone		Lamp standstone 06 index03 off	name	0		0	0	0
gimmick_lamp_standstone_06_index04_off	stone		Lamp standstone 06 index04 off	name	0		0	0	0
gimmick_lamp_standstone_06_off	stone		Lamp standstone 06 off	name	0		0	0	0
gimmick_laser_safe_01_button	pickup		Laser safe 01 button	tag	0		1	0	0
gimmick_laser_safe_02_button	pickup		Laser safe 02 button	tag	0		1	0	0
gimmick_laser_safe_03_button	pickup		Laser safe 03 button	tag	0		1	0	0
gimmick_lifespring_0001	wood		Tariv guardiantree pear	name	0		0	0	0
gimmick_liftable_pillar_02_stump	wood		Liftable pillar 02 stump	name	0		0	0	0
gimmick_marni_chocolate_loginoutmachine_0003	wood		Marni chocolate loginoutmachine	name	0		0	0	0
gimmick_marni_chocolate_product_02_index01	container		Container	tag	0		0	0	0
gimmick_marni_chocolate_product_02_index02	container		Container	tag	0		0	0	0
gimmick_marni_chocolate_product_02_index03	container		Container	tag	0		0	0	0
gimmick_marni_emp_capsule_0001_parts01	pickup		Marni emp capsule 0001 parts01	tag	0		1	0	0
gimmick_marni_emp_capsule_0001_parts02	pickup		Marni emp capsule 0001 parts02	tag	0		1	0	0
gimmick_milepost_crimsondesert	plant		Milepost reeddevil	name	0		0	0	0
gimmick_milepost_her_reeds	plant		Milepost her reeds	name	0		0	0	0
gimmick_mine_bismuth_place_01	ore		Mine bismuth	tag	1		0	0	0
gimmick_mine_bismuth_place_01_cave	ore		Mine bismuth cave	tag	1		0	0	0
gimmick_mine_bluestone_place_01	ore	BlueStone	Azurite	tag	1	BlueStone	0	0	0
gimmick_mine_bluestone_place_01_cave	ore		Mine bluestone cave	tag	1	BlueStone	0	0	0
gimmick_mine_copperstone_place_01	ore		Mine copper	tag	1	CopperOre	0	0	0
gimmick_mine_copperstone_place_01_cave	ore		Mine copper cave	tag	1	CopperOre	0	0	0
gimmick_mine_diamond_place_01	ore	Diamond	Diamond	tag	1	Diamond	0	0	0
gimmick_mine_diamond_place_01_cave	ore		Mine diamond cave	tag	1	Diamond	0	0	0
gimmick_mine_goldstone_place_01	ore		Mine gold	tag	1	GoldOre	0	0	0
gimmick_mine_goldstone_place_01_cave	ore		Mine gold cave	tag	1	GoldOre	0	0	0
gimmick_mine_goldstone_spot_0002	stone		Mine goldstone spot	name	0		0	0	0
gimmick_mine_goldstone_spot_0003	stone		Mine goldstone spot	name	0		0	0	0
gimmick_mine_goldstone_spot_0004	stone		Mine goldstone spot	name	0		0	0	0
gimmick_mine_greenstone_place_01	ore	GreenStone	Epidote	tag	1	GreenStone	0	0	0
gimmick_mine_greenstone_place_01_cave	ore		Mine greenstone cave	tag	1	GreenStone	0	0	0
gimmick_mine_ironstone_place_01	ore		Mine iron	tag	1	IronStone	0	0	0
gimmick_mine_ironstone_place_01_cave	ore		Mine iron cave	tag	1	IronStone	0	0	0
gimmick_mine_ore_bismuth_01	ore		Ore bismuth	tag	0	BismuthOre	0	0	0
gimmick_mine_redstone_place_01	ore	RedStone	Bloodstone	tag	1	RedStone	0	0	0
gimmick_mine_redstone_place_01_cave	ore		Mine redstone cave	tag	1	RedStone	0	0	0
gimmick_mine_ruby_place_01	ore	Ruby	Garnet	tag	1	Ruby	0	0	0
gimmick_mine_ruby_place_01_cave	ore		Mine ruby cave	tag	1	Ruby	0	0	0
gimmick_mine_silverstone_place_01	ore		Mine silver	tag	1	SilverOre	0	0	0
gimmick_mine_silverstone_place_01_cave	ore		Mine silver cave	tag	1	SilverOre	0	0	0
gimmick_mine_stone_01	ore	Stone_Quarry	Stone	tag	1	Stone_Quarry Fine_Stone Premium_Stone	0	0	0
gimmick_mine_whitestone_place_01	ore	WhiteStone	Scolecite Ore	tag	1	WhiteStone	0	0	0
gimmick_mine_whitestone_place_01_cave	ore		Mine whitestone cave	tag	1	WhiteStone	0	0	0
gimmick_mon_mechanic_core_big	pickup		Docking core big	tag	0	AbyssRuinsCreatureCore	0	0	0
gimmick_mon_mechanic_core_small	pickup		Docking core small	tag	0	AbyssRuinsCreatureCore	0	0	0
gimmick_mon_mechanic_elite_core_big	pickup		Mon mechanic elite core big	tag	0		1	0	0
gimmick_move_rock_01	stone		Move rock	name	0		0	0	0
gimmick_move_rock_02	stone		Move rock	name	0		0	0	0
gimmick_move_rock_03	stone		Move rock	name	0		0	0	0
gimmick_nature_rock_dissolve_stone_01	stone		Fade rock	name	0		0	0	0
gimmick_nature_rock_dissolve_stone_02	stone		Fade rock	name	0		0	0	0
gimmick_nature_rock_dissolve_stone_03	stone		Fade rock	name	0		0	0	0
gimmick_nature_rock_dissolve_stone_04	stone		Fade rock	name	0		0	0	0
gimmick_nature_rock_dissolve_stone_05	stone		Fade rock	name	0		0	0	0
gimmick_nature_rock_dissolve_stone_06	stone		Fade rock	name	0		0	0	0
gimmick_nature_rock_dissolve_stone_07	stone		Fade rock	name	0		0	0	0
gimmick_nature_rock_dissolve_stone_07_index01	stone		Fade rock 07 index01	name	0		0	0	0
gimmick_nature_rock_dissolve_stone_basalt_01	stone		Fade rock	name	0		0	0	0
gimmick_nature_rock_dissolve_stone_basalt_02	stone		Fade rock	name	0		0	0	0
gimmick_nature_rock_dissolve_stone_core_01	stone		Nature rock dissolve stone core	name	0		0	0	0
gimmick_nature_rock_dissolve_stone_part_01	stone		Nature rock dissolve stone part	name	0		0	0	0
gimmick_nature_tree_stump_0001	wood		Nature tree stump	name	0		0	0	0
gimmick_nature_wood_broken_tree_12_swamp_body	wood		Wood	name	0		0	0	0
gimmick_nature_wood_broken_tree_12_swamp_parts01	wood		Wood	name	0		0	0	0
gimmick_nature_wood_redwoodsierra_stump_02_swamp	wood		Wood	name	0		0	0	0
gimmick_pictureframe_01	container	Collection_Prop_Picture_0065	Replica - Poverty Amidst Plenty	tag	0		0	0	0
gimmick_play_artificial_barrel_01	container		Barrel catch	tag	1		0	0	0
gimmick_play_artificial_barrel_02	container		Barrel catch	tag	1		0	0	0
gimmick_play_artificial_barrel_03	container		Barrel catch	tag	1		0	0	0
gimmick_pororin_sacred_01	pickup	Pororin_Sacred	Pororin Relic	folder	0	Pororin_Sacred	0	1	0
gimmick_pot_0001	container		Pot	tag	1		0	0	0
gimmick_pot_0002	container		Pot	tag	1		0	0	0
gimmick_pot_0003	container		Pot	tag	1		0	0	0
gimmick_pot_0004	pickup		Pot	tag	1		0	0	0
gimmick_pot_0005	container		Pot	tag	1		0	0	0
gimmick_pot_0006	container		Pot	tag	1		0	0	0
gimmick_pot_0007	pickup		Pot	tag	1		0	0	0
gimmick_pot_0008	pickup		Pot	tag	1		0	0	0
gimmick_pot_0009	container		Pot	tag	1		0	0	0
gimmick_pot_0010	pickup		Pot	tag	1		0	0	0
gimmick_pot_0011	pickup		Pot	tag	1		0	0	0
gimmick_pot_basicpot_13	container		Pot basicpot	tag	0		0	0	0
gimmick_pot_catch_02	pickup		Pot catch	tag	1		0	0	0
gimmick_pot_catch_04	pickup		Water pot catch	tag	1		0	0	0
gimmick_pot_fire_01	pickup		Pot fire	tag	1		0	0	0
gimmick_pot_kuku_01	container		Pot kuku	tag	0		0	0	0
gimmick_pot_kuku_02	container		Pot kuku	tag	0		0	0	0
gimmick_pot_kuku_03	container		Pot kuku	tag	0		0	0	0
gimmick_pot_kuku_04	container		Pot kuku	tag	0		0	0	0
gimmick_pot_kuku_05	container		Pot kuku	tag	0		0	0	0
gimmick_pot_poison_01	pickup		Pot poison	tag	1		0	0	0
gimmick_product_prop_beekeeping_01	container		Product prop beekeeping	tag	0		0	0	0
gimmick_product_prop_beekeeping_02	container		Product prop beekeeping	tag	0		0	0	0
gimmick_product_prop_beekeeping_03	container		Product prop beekeeping	tag	0		0	0	0
gimmick_product_prop_beekeeping_04	container		Product prop beekeeping	tag	0		0	0	0
gimmick_product_prop_beekeeping_05	container		Product prop beekeeping	tag	0		0	0	0
gimmick_product_prop_brewery_barrel_05	container		Product prop brewery barrel	tag	1		0	0	0
gimmick_product_prop_brewery_barrel_05_index01	container		Container	tag	1		0	0	0
gimmick_prop_pot_0001_cover	pickup		Prop pot 0001 cover	tag	0		0	0	0
gimmick_protective_stone_01	stone	Stone_Quarry	Stone	name	0		0	0	0
gimmick_protective_stone_01_attach	stone		Protective stone 01 attach	name	0		0	0	0
gimmick_purple_bomb_01	pickup		Battle purple bomb	tag	1	BountyHunter_Fabric_Boots_I	0	0	0
gimmick_puzzle_basket_01	container		Basket	tag	1		0	0	0
gimmick_puzzle_demeniss_bottom_kingtomb_door_01	stone		Gate dem stone kingtomb	name	0		0	0	0
gimmick_puzzle_egg_01_kuku	container		Puzzle egg 01 kuku	tag	0		0	0	0
gimmick_puzzle_egg_01_standstone	container		Puzzle egg 01 standstone	tag	0		0	0	0
gimmick_puzzle_ice_block_break_01	ore		Puzzle ice block break	tag	0		0	0	0
gimmick_puzzle_ice_wall_break_01	ore		Puzzle ice wall break	tag	0		0	0	0
gimmick_puzzle_ice_wall_break_02	ore		Puzzle ice wall break	tag	0		0	0	0
gimmick_puzzle_mansion_book_01	pickup		Puzzle mansion book	tag	0		0	0	0
gimmick_puzzle_omok_01	container		Puzzle omok	tag	0		0	0	0
gimmick_puzzle_omok_02	container		Puzzle omok	tag	0		0	0	0
gimmick_puzzle_pickaxe_break_point_01	ore		Puzzle pickaxe break point	tag	0		0	0	0
gimmick_puzzle_stacking_pot_0001_parts01	container		Puzzle stacking pot 0001 parts01	tag	0		0	0	0
gimmick_puzzle_stacking_pot_0001_parts02	container		Container	tag	0		0	0	0
gimmick_puzzle_standstone_01	stone		Puzzle standstone	name	0		0	0	0
gimmick_puzzle_standstone_smallstone_01	pickup		Puzzle standstone smallstone	tag	0		1	0	0
gimmick_puzzle_standstone_smallstone_02	pickup		Puzzle standstone smallstone	tag	0		1	0	0
gimmick_puzzle_standstone_smallstone_03	pickup		Puzzle standstone smallstone	tag	0		1	0	0
gimmick_puzzle_statue_01_standstone_combi	stone		Stone	name	0		0	0	0
gimmick_puzzle_statue_01_standstone_dial	stone		Puzzle statue 01 standstone dial	name	0		0	0	0
gimmick_puzzle_statue_01_standstone_operator	stone		Stone	name	0	Money_Camp_Food	0	0	0
gimmick_puzzle_statue_01_standstone_part	stone		Puzzle statue 01 standstone part	name	0		0	0	0
gimmick_puzzle_stone_wall_break_01_index01	ore		Ore	tag	0		0	0	0
gimmick_puzzle_tariv_guardiantree_attach_parts_01	wood		Wood	name	0	Flame_staff_spear_TwoHandSpear	0	0	0
gimmick_puzzle_troll_tower_ev_orn_cube_01	pickup		Puzzle troll tower ev orn cube	tag	0		1	0	0
gimmick_puzzle_troll_tower_ev_orn_cube_02	pickup		Puzzle troll tower ev orn cube	tag	0		1	0	0
gimmick_puzzle_troll_tower_ev_orn_cube_03	pickup		Puzzle troll tower ev orn cube	tag	0		1	0	0
gimmick_puzzle_troll_tower_ev_orn_cube_04	pickup		Puzzle troll tower ev orn cube	tag	0		1	0	0
gimmick_puzzle_trolltower_door_key_01	pickup		Puzzle trolltower door key	tag	0		1	0	0
gimmick_quarry_break_bigstone_01	stone		Quarry break bigstone	name	1		0	0	0
gimmick_quarry_break_bigstone_02	stone		Quarry break bigstone	name	1		0	0	0
gimmick_quarry_stone_0001	ore	Stone_Quarry	Stone	tag	0		0	0	0
gimmick_quest_abyss_debris_01	container		Quest abyss debris	tag	0		0	0	0
gimmick_rare_collect_kudzu_0001	plant		Rare collect kudzu	tag	0	Item_Rare_Collect_Kudzu	0	0	0
gimmick_rare_collect_stalactites_0001	ore		Rare collect stalactites	tag	0	Item_Rare_Collect_Stalactites	0	0	0
gimmick_reeddevil_scarecrow_01	plant		Reeddevil scarecrow	name	0		0	0	0
gimmick_reeddevil_scarecrow_02	plant		Reeddevil scarecrow	name	0		0	0	0
gimmick_reeddevil_scarecrow_03	plant		Reeddevil scarecrow	name	0		0	0	0
gimmick_reeddevil_tower_0001	plant		Reeddevil tower 0001 base	name	0		0	0	0
gimmick_reeddevil_tower_0001_parts01	plant		Reeddevil tower 0001 parts01	name	1		0	0	0
gimmick_reeddevil_tower_0001_parts02	plant		Reeddevil tower 0001 parts02	name	0		0	0	0
gimmick_reeddevil_tower_0002	plant		Reeddevil tower 0002 base	name	0		0	0	0
gimmick_reeddevil_tower_0002_parts01	plant		Reeddevil tower 0002 parts01	name	1		0	0	0
gimmick_reeddevil_tower_0002_parts02	plant		Reeddevil tower 0002 parts02	name	0		0	0	0
gimmick_reeddevil_tower_0002_parts03	plant		Reeddevil tower 0002 parts03	name	0		0	0	0
gimmick_rock_01	container		Rock catch	tag	0		0	0	0
gimmick_rock_02	stone		Rock break	name	0	Stone_Quarry	0	0	0
gimmick_rubber_tree_0001	wood		Rubber tree	name	0		0	0	0
gimmick_sack_02	container		Sack	tag	0		0	0	0
gimmick_shinystone_01	stone		Shinystone	name	0		0	0	0
gimmick_shinystone_02	pickup	ShinyStone_02	Shiny Rock	tag	0		0	0	0
gimmick_ships_elevator_01_longleaf	plant		Ships elevator 01 longleaf	name	0		0	0	0
gimmick_ships_elevator_02_pulley_longleaf	plant		Plant	name	0		0	0	0
gimmick_shops_cerealbasket_01	container		Shops cerealbasket	tag	1	Barley	0	0	0
gimmick_shops_cerealbasket_01_01	container		Shops cerealbasket 01	tag	1	Bean	0	0	0
gimmick_shops_cerealbasket_01_02	container		Shops cerealbasket 01	tag	1	Barley	0	0	0
gimmick_shops_cerealbox_01	container		Shops cerealbox	tag	1	Barley	0	0	0
gimmick_shops_cerealbox_01_i1	container		Shops cerealbox 01 i1	tag	1	Bean	0	0	0
gimmick_shops_cottonbasket_0001	container		Shops cottonbasket	tag	1	Cotton	0	0	0
gimmick_shops_fruitbasket_07	container		Shops fruitbasket	tag	1	Rasberry	0	0	0
gimmick_shops_fruitlbasket_01	container		Shops fruitlbasket	tag	1	Apple	0	0	0
gimmick_shops_fruitlbasket_02	container		Shops fruitlbasket	tag	1	Orange	0	0	0
gimmick_shops_fruitlbasket_03	container		Shops fruitlbasket	tag	1	Pear	0	0	0
gimmick_shops_fruitlbasket_04	container		Shops fruitlbasket	tag	1	Apple	0	0	0
gimmick_shops_fruitlbasket_05	container		Shops fruitlbasket	tag	1	Orange	0	0	0
gimmick_shops_fruitlbasket_06	container		Shops fruitlbasket	tag	1	Grape	0	0	0
gimmick_shops_mushroombasket_0001	container		Shops mushroombasket	tag	1	Songyi_Mushroom	0	0	0
gimmick_shops_mushroombasket_0002	container		Shops mushroombasket	tag	1	Pyogo_Mushroom	0	0	0
gimmick_shops_mushroombasket_0003	container		Shops mushroombasket	tag	1	Ssari_Mushroom	0	0	0
gimmick_shops_opnebox_01	container		Opnebox	tag	1		0	0	0
gimmick_shops_orchidsbasket_0001	container		Shops orchidsbasket	tag	1	Dendrobium_Flower	0	0	0
gimmick_shops_potionbox_01_desert	container		Shops potionbox 01 desert	tag	1	Collection_Prop_Bottle_0001	0	0	0
gimmick_shops_potionbox_01_i2	container		Shops potionbox 01 i2	tag	1	Collection_Prop_Bottle_0001	0	0	0
gimmick_shops_potionbox_01_i5	container		Shops potionbox 01 i5	tag	1	Collection_Prop_Bottle_0001	0	0	0
gimmick_shops_potionbox_01_kwe	container		Shops potionbox 01 kwe	tag	1	Collection_Prop_Bottle_0001	0	0	0
gimmick_shops_potionbox_03_desert	container		Shops potionbox 03 desert	tag	1	Collection_Prop_Bottle_0001	0	0	0
gimmick_smallstone_01	pickup		Smallstone	tag	0		1	0	0
gimmick_smoke_bomb_01	pickup		Battle smoke bomb	tag	1	BountyHunter_Fabric_Boots_I	0	0	0
gimmick_socket_collection_amaranth_01	plant	Item_Rare_Collect_amaranth	Amaranth	tag	0	Item_Rare_Collect_amaranth	0	0	0
gimmick_socket_collection_antirrhinum_01	plant		Variegatum	tag	0	SnapDragon	0	0	0
gimmick_socket_collection_apple_01	item	Apple	Apple	tag	0	Apple	0	0	0
gimmick_socket_collection_asparagus_01	item	Asparagus	Asparagus	tag	0	Asparagus	0	0	0
gimmick_socket_collection_barley_01	item	Barley	Barley	tag	0	Barley	0	0	0
gimmick_socket_collection_bean_01	plant	Bean	Beans	tag	0	Bean	0	0	0
gimmick_socket_collection_begonia_01	plant	Begonia	Begonia	tag	0	Begonia	0	0	0
gimmick_socket_collection_blackberry_01	item	Blackberry	Blackberry	tag	0	Blackberry	0	0	0
gimmick_socket_collection_blueberry_01	item	Blueberry	Blueberry	tag	0	Blueberry	0	0	0
gimmick_socket_collection_buckwheat_01	item	Buckwheat	Buckwheat	tag	0	Buckwheat	0	0	0
gimmick_socket_collection_cabbage_01	item	Cabbage	Cabbage	tag	0	Cabbage	0	0	0
gimmick_socket_collection_cacao_01	item	Cacao	Cacao	tag	0	Cacao	0	0	0
gimmick_socket_collection_carrot_01	item	Carrot	Carrot	tag	0	Carrot	0	0	0
gimmick_socket_collection_chaya_01	item	Item_Rare_Collect_Chaya	Chaya	tag	0	Item_Rare_Collect_Chaya	0	0	0
gimmick_socket_collection_chlorella_01	item		Chlorella	tag	0	Item_Rare_Collect_chlorella	0	0	0
gimmick_socket_collection_coffeetree_01	item	Coffee	Coffee Cherry	tag	0	Coffee	0	0	0
gimmick_socket_collection_corn_01	item	Corn	Corn	tag	0	Corn	0	0	0
gimmick_socket_collection_cotton_01	plant	Cotton	Cotton	tag	0	Cotton	0	0	0
gimmick_socket_collection_cucumber_01	item	Cucumber	Cucumber	tag	0	Cucumber	0	0	0
gimmick_socket_collection_desertwatermelon_01	item		Desertwatermelon	tag	0	Desert_Watermelon	0	0	0
gimmick_socket_collection_dulse_01	item		Dulse	tag	0	Item_Rare_Collect_Dulse	0	0	0
gimmick_socket_collection_elderberry_01	item	Elderberry	Elderberry	tag	0	Elderberry	0	0	0
gimmick_socket_collection_ensete_01	item		Ensete	tag	0	Item_Rare_Collect_Ensete	0	0	0
gimmick_socket_collection_fennel_01	item	Fennel	Fennel	tag	0	Fennel	0	0	0
gimmick_socket_collection_figs_01	item	Figs	Fig	tag	0	Figs	0	0	0
gimmick_socket_collection_garlic_01	item	Garlic	Garlic	tag	0	Garlic	0	0	0
gimmick_socket_collection_glowfruit_01	item		Glowfruit	tag	0		0	0	0
gimmick_socket_collection_grape_01	item	Grape	Grape	tag	0	Grape	0	0	0
gimmick_socket_collection_heterophylla_01	plant		Weed harsam	tag	0	Haasam	0	0	0
gimmick_socket_collection_imperata_01	plant	Croton	Croton	tag	0	WhiteHair_Root	0	0	0
gimmick_socket_collection_lavender_01	plant	Lavender	Lavender	tag	0	Lavender	0	0	0
gimmick_socket_collection_lavender_01_blue	plant		Lavender 01 blue	tag	0	Lavender_blue	0	0	0
gimmick_socket_collection_lavender_01_white	plant		Lavender 01 white	tag	0	Lavender_white	0	0	0
gimmick_socket_collection_lavender_01_yellow	plant		Lavender 01 yellow	tag	0	Lavender_yellow	0	0	0
gimmick_socket_collection_lentils_01	item	Lentils	Lentils	tag	0	Lentils	0	0	0
gimmick_socket_collection_linum_01	plant		Linum	tag	0	Ama	0	0	0
gimmick_socket_collection_marigold_01	plant	Marigold	Marigold	tag	0	Marigold	0	0	0
gimmick_socket_collection_navet_01	item	Navet	Turnip	tag	0	Navet	0	0	0
gimmick_socket_collection_oleander_01	plant	Oleander	Rosebay	tag	0	Oleander	0	0	0
gimmick_socket_collection_oliganthus_01	plant		Oliganthus	tag	0	Bell_Flower	0	0	0
gimmick_socket_collection_onion_01	item	Onion	Onion	tag	0	Onion	0	0	0
gimmick_socket_collection_opuntia_01	item		Opuntia	tag	0	Item_Rare_Collect_opuntia	0	0	0
gimmick_socket_collection_orange_01	item	Orange	Orange	tag	0	Orange	0	0	0
gimmick_socket_collection_pansy_01	plant	Pansy	Pansy	tag	0	Pansy	0	0	0
gimmick_socket_collection_parsley_01	item	Parsley	Parsley	tag	0	Parsley	0	0	0
gimmick_socket_collection_peach_01	item	Peach	Peach	tag	0	Peach	0	0	0
gimmick_socket_collection_pear_02	item	Pear	Pear	tag	0	Pear	0	0	0
gimmick_socket_collection_peas_01	plant	peas	Peas	tag	0	peas	0	0	0
gimmick_socket_collection_peony_01	plant	Peony	Peony	tag	0	Peony	0	0	0
gimmick_socket_collection_pineapple_01	item	Pineapple	Pineapple	tag	0	Pineapple	0	0	0
gimmick_socket_collection_pomegranate_01	item	Pomegranate	Pomegranate	tag	0	Pomegranate	0	0	0
gimmick_socket_collection_potato_01	item	Potato	Potato	tag	0	Potato	0	0	0
gimmick_socket_collection_pumpkin_01	item	Pumpkin	Pumpkin	tag	0	Pumpkin	0	0	0
gimmick_socket_collection_raspberry_01	item	Rasberry	Raspberry	tag	0	Rasberry	0	0	0
gimmick_socket_collection_redbeet_01	item	Redbeet	Beet	tag	0	Redbeet	0	0	0
gimmick_socket_collection_rock_orchids_01	plant		Rock orchids	tag	0	Dendrobium_Flower	0	0	0
gimmick_socket_collection_rosemary_01	plant	Rosemary	Rosemary	tag	0	Rosemary	0	0	0
gimmick_socket_collection_rosemary_01_pink	plant		Rosemary 01 pink	tag	0	Rosemary_pink	0	0	0
gimmick_socket_collection_rosemary_01_white	plant		Rosemary 01 white	tag	0	Rosemary_white	0	0	0
gimmick_socket_collection_rosemary_01_yellow	plant		Rosemary 01 yellow	tag	0	Rosemary_yellow	0	0	0
gimmick_socket_collection_rubber_seed_0002	item	Rubber_seed	Rubber Tree Seed	tag	0	Rubber_seed	0	0	0
gimmick_socket_collection_sage_01	plant		Bush sage	tag	0	Croton	0	0	0
gimmick_socket_collection_sage_01_red	plant		Bush sage 01 red	tag	0	Croton_Red	0	0	0
gimmick_socket_collection_sophora_01	plant		Weed sophora	tag	0	ThiefWand_Flower	0	0	0
gimmick_socket_collection_strawberry_01	item	Strawberry	Strawberry	tag	0	Strawberry	0	0	0
gimmick_socket_collection_sweetpotato_01	item	SweetPotato	Sweet Potato	tag	0	SweetPotato	0	0	0
gimmick_socket_collection_taro_01	item	Item_Rare_Collect_Taro	Taro	tag	0	Item_Rare_Collect_Taro	0	0	0
gimmick_socket_collection_tomato_01	item	Tomato	Tomato	tag	0	Tomato	0	0	0
gimmick_socket_collection_veratrum_01	plant		Veratrum	tag	0	Chickadee	0	0	0
gimmick_socket_collection_victorialis_01	item	Victorialis	Wild Garlic	tag	0	Victorialis	0	0	0
gimmick_socket_collection_villosa_01	plant		Villosa	tag	0	FoxBean_Flower	0	0	0
gimmick_socket_collection_wheat_01	item	Wheat	Wheat	tag	0	Wheat	0	0	0
gimmick_spot_marni_pictureframe_01	container	Collection_Prop_Picture_0059	Notable - Marni's Portrait	tag	0		0	0	0
gimmick_spot_marni_pictureframe_02	container	Collection_Prop_Picture_0060	Study - Dignified Genius	tag	0		0	0	0
gimmick_spot_marni_pictureframe_02_index01	container	Collection_Prop_Picture_0067	Study - Gathering Genius	tag	0		0	0	0
gimmick_spot_marni_pictureframe_02_index02	container	Collection_Prop_Picture_0068	Study - Discovering Genius	tag	0		0	0	0
gimmick_spot_marni_pictureframe_02_index03	container	Collection_Prop_Picture_0069	Study - Contemplative Genius	tag	0		0	0	0
gimmick_spot_marni_pictureframe_02_marni	container	Collection_Prop_Picture_0061	Study - Marni's Room	tag	0		0	0	0
gimmick_spot_tower_bismuth_01_break	ore		Background breakable bismuth	tag	1		0	0	0
gimmick_spot_tower_bismuth_06_break	ore		Background breakable bismuth	tag	1		0	0	0
gimmick_spot_tower_bismuth_bigcore_01	ore		Ore	tag	1		0	0	0
gimmick_spot_tower_demeniss_drop_knowledge_01_monument	pickup		Object	tag	0		1	0	0
gimmick_spot_tower_demeniss_drop_knowledge_04_alchemy	pickup		Object	tag	0		1	0	0
gimmick_spot_tower_demeniss_drop_knowledge_05_globe	pickup		Object	tag	0		1	0	0
gimmick_spot_tower_demeniss_drop_knowledge_06_standbook	pickup		Object	tag	0		1	0	0
gimmick_spot_tower_demeniss_drop_knowledge_07_picture	container	Collection_Prop_Picture_0062	Acclaimed - Fields of Color	tag	0		0	0	0
gimmick_spot_tower_demeniss_drop_knowledge_08_picture	container	Collection_Prop_Picture_0063	Notable - Golden Lands	tag	0		0	0	0
gimmick_spot_tower_demeniss_drop_knowledge_09_plate	container	Collection_Prop_Plate_0019	Decorative Iron Plate	tag	0		0	0	0
gimmick_spot_tower_demeniss_drop_knowledge_10_telescope	pickup		Object	tag	0		1	0	0
gimmick_spot_tower_demeniss_drop_knowledge_14_quill	pickup		Object	tag	0		1	0	0
gimmick_spot_tower_demeniss_drop_knowledge_15_statue	pickup		Object	tag	0		0	0	0
gimmick_spot_tower_demeniss_drop_knowledge_16_sandglass	pickup		Object	tag	0		0	0	0
gimmick_spot_tower_demeniss_drop_knowledge_17_magnifier	pickup		Object	tag	0		0	0	0
gimmick_spot_tower_demeniss_drop_knowledge_18_bell	pickup		Object	tag	0		0	0	0
gimmick_spot_tower_demeniss_drop_knowledge_19_picture	pickup		Object	tag	0		0	0	0
gimmick_spot_troll_bowl_04	pickup		Troll bowl	tag	0		0	0	0
gimmick_spot_troll_bucket_01	pickup		Troll bucket	tag	1		0	0	0
gimmick_spot_troll_cup_01	container		Troll cup	tag	0		0	0	0
gimmick_spot_troll_pot_01	pickup		Troll pot	tag	1		0	0	0
gimmick_spot_troll_pot_02	pickup		Troll pot	tag	1		0	0	0
gimmick_spot_troll_pot_03	pickup		Troll pot	tag	1		0	0	0
gimmick_stalactite_0003	ore	Item_Rare_Collect_Stalactites	Stalactite	tag	0	Item_Rare_Collect_Stalactites	0	0	0
gimmick_stalactite_0004	ore	Item_Rare_Collect_Stalactites	Stalactite	tag	0	Item_Rare_Collect_Stalactites	0	0	0
gimmick_standstone_01_challenge	stone		Standstone 01 challenge	name	0	Slave_Fabric_Boots	0	0	0
gimmick_standstone_01_challenge_del	stone		Standstone 01 challenge del	name	0	Slave_Fabric_Boots	0	0	0
gimmick_standstone_01_challenge_desert	stone		Standstone 01 challenge desert	name	0	Slave_Fabric_Boots	0	0	0
gimmick_standstone_turn_totem_pushstone_01	stone		Standstone turn totem pushstone	name	0		0	0	0
gimmick_standstone_turn_totem_pushstone_01_parts01	stone		Stone	name	0		0	0	0
gimmick_standstone_turn_totem_pushstone_body_01	stone		Stone	name	0		0	0	0
gimmick_sticky_bomb_01	pickup		Sticky bomb	tag	1		1	0	0
gimmick_subinner_mushroomfarm_0001	plant		Subinner mushroomfarm	name	0		0	0	0
gimmick_subinner_timberstorage_0001	wood		Subinner timberstorage	name	0		0	0	0
gimmick_sulfur_rock_0001	stone		Sulfur rock	name	0		0	0	0
gimmick_sulfur_rock_0001_parts01	stone		Sulfur rock 0001 parts01	name	0		0	0	0
gimmick_sulfur_rock_0002	stone		Sulfur rock	name	0		0	0	0
gimmick_sulfur_rock_0002_parts01	stone		Sulfur rock 0002 parts01	name	0		0	0	0
gimmick_sulfur_rock_0003	stone		Sulfur rock	name	0		0	0	0
gimmick_sulfur_rock_0004	stone		Sulfur rock	name	0		0	0	0
gimmick_swingbridge_vine_01	plant		Swingbridge vine 01 part	name	0		0	0	0
gimmick_swingbridge_vine_01_set	plant		Swingbridge vine 01 set	name	0		0	0	0
gimmick_swingbridge_vine_02	plant		Swingbridge vine 02 part	name	0		0	0	0
gimmick_swingbridge_vine_02_set	plant		Swingbridge vine 02 set	name	0		0	0	0
gimmick_swingbridge_vine_03	plant		Swingbridge vine 03 part	name	0		0	0	0
gimmick_swingbridge_vine_03_set	plant		Swingbridge vine 03 set	name	0		0	0	0
gimmick_swingbridge_vine_pillar_01_part	plant		Swingbridge vine pillar 01 part	name	0		0	0	0
gimmick_switch_attack_07_bismuth	ore		Switch attack 07 bismuth	tag	1		0	0	0
gimmick_switch_bigtree_01_jijeongta	wood		Switch bigtree 01 jijeongta	name	0		0	0	0
gimmick_switch_bigtree_03_jijeongta	wood		Switch bigtree 03 jijeongta	name	0		0	0	0
gimmick_switch_lever_sidehole_01_reeddevil	plant		Plant	name	0		0	0	0
gimmick_swordtombstone_0001	stone		Swordtombstone	name	1		0	0	0
gimmick_swordtombstone_0001_parts01	stone		Swordtombstone 0001 parts01	name	1		0	0	0
gimmick_tableset_cup_01	pickup	Collection_Prop_Cup_0017	Plain Wooden Beer Mug	tag	0		0	0	0
gimmick_tableset_food_02	container		Tableset food	tag	0	Bread	0	0	0
gimmick_tableset_food_02_01	container		Tableset food 02	tag	0	Bread	0	0	0
gimmick_tableset_food_03_01	container		Tableset food 03	tag	0	Apple Grape Orange	0	0	0
gimmick_tableset_food_03_02	container		Tableset food 03	tag	0	Fish_Fruit_Porridge	0	0	0
gimmick_tank_electric_bomb_01	pickup		Tank electric bomb	tag	1	BountyHunter_Fabric_Boots_I	0	0	0
gimmick_tank_electric_bomb_02	pickup		Tank electric bomb	tag	1		1	0	0
gimmick_tank_fire_bomb_01	pickup		Tank fire bomb	tag	1	BountyHunter_Fabric_Boots_I	0	0	0
gimmick_temple_break_ground_01_reeddevil	plant		Temple break ground 01 reeddevil	name	1		0	0	0
gimmick_temple_break_wall_arch_02a_reeddevil	plant		Plant	name	0		0	0	0
gimmick_temple_fall_pillar_01_reeddevil	plant		Temple fall pillar 01 reeddevil	name	0		0	0	0
gimmick_temple_wall_02_broken_01_reeddevil	plant		Plant	name	1		0	0	0
gimmick_temple_wall_02_broken_02_reeddevil	plant		Plant	name	0		0	0	0
gimmick_temple_wall_09_reeddevil	plant		Temple wall 09 reeddevil	name	0		0	0	0
gimmick_timber_hotdeck_04_pail	wood		Gimmicktimber hotdeck 04 pail	name	0		0	0	0
gimmick_tombstone_0001	stone		Tombstone	name	0		0	0	0
gimmick_tombstone_0002	stone		Tombstone	name	0		0	0	0
gimmick_tombstone_0003	stone		Tombstone	name	0		0	0	0
gimmick_tombstone_0004	stone		Tombstone	name	0		0	0	0
gimmick_tombstone_0005	stone		Tombstone	name	0		0	0	0
gimmick_tombstone_0006	stone		Tombstone	name	0		0	0	0
gimmick_tombstone_0007	stone		Tombstone	name	0		0	0	0
gimmick_tombstone_0008	stone		Tombstone	name	0		0	0	0
gimmick_tombstone_0009	stone		Tombstone	name	0		0	0	0
gimmick_tombstone_0010	stone		Tombstone	name	0		0	0	0
gimmick_tombstone_0011	stone		Tombstone	name	0		0	0	0
gimmick_tombstone_0012	stone		Tombstone	name	0		0	0	0
gimmick_tombstone_0013	stone		Tombstone	name	0		0	0	0
gimmick_tombstone_0014	stone		Tombstone	name	0		0	0	0
gimmick_tombstone_0015	stone		Tombstone	name	0		0	0	0
gimmick_tombstone_0016	stone		Tombstone	name	0		0	0	0
gimmick_tombstone_0017	stone		Tombstone	name	0		0	0	0
gimmick_tombstone_0018	stone		Tombstone	name	0		0	0	0
gimmick_tombstone_0019	stone		Tombstone	name	0		0	0	0
gimmick_tombstone_0020	stone		Tombstone	name	0		0	0	0
gimmick_tombstone_0021	stone		Tombstone	name	0		0	0	0
gimmick_tombstone_0022	stone		Tombstone	name	0		0	0	0
gimmick_tombstone_0023	stone		Tombstone	name	0		0	0	0
gimmick_tombstone_0024	stone		Tombstone	name	0		0	0	0
gimmick_tombstone_0025	stone		Tombstone	name	0		0	0	0
gimmick_tombstone_0026	stone		Tombstone	name	0		0	0	0
gimmick_tombstone_0027	stone		Tombstone	name	0		0	0	0
gimmick_tombstone_0028	stone		Tombstone	name	0		0	0	0
gimmick_tombstone_0029	stone		Tombstone	name	0		0	0	0
gimmick_tombstone_0030	stone		Tombstone	name	0		0	0	0
gimmick_tombstone_0031	stone		Tombstone	name	0		0	0	0
gimmick_tombstone_0032	stone		Tombstone	name	0		0	0	0
gimmick_tombstone_0033	stone		Tombstone	name	0		0	0	0
gimmick_tombstone_0034	stone		Tombstone	name	0		0	0	0
gimmick_tool_automata_flower_0001	plant		Tool automata flower	name	0		0	0	0
gimmick_tool_automata_flower_0001_parts01	plant		Plant	name	0		0	0	0
gimmick_tool_automata_flower_0001_parts02	plant		Plant	name	0		0	0	0
gimmick_tool_automata_flower_0002	plant		Tool automata flower	name	0		0	0	0
gimmick_tool_automata_flower_0002_parts01	plant		Plant	name	0		0	0	0
gimmick_tool_automata_flower_0002_parts02	plant		Plant	name	0		0	0	0
gimmick_tool_blacksmithstone_01	stone		Tool blacksmithstone	name	0	Regglin_Fabric_Armor	0	0	0
gimmick_tool_blacksmithstone_housing_0001	stone		Tool blacksmithstone housing	name	0	Regglin_Fabric_Armor	0	0	0
gimmick_tool_decostone_0001	stone		Tool decostone	name	0		0	0	0
gimmick_tool_decostone_0001_cogwheel	stone		Tool decostone 0001 cogwheel	name	0		0	0	0
gimmick_tool_decostone_0001_cogwheel_index01	stone		Stone	name	0		0	0	0
gimmick_tool_decostone_0001_index01	stone		Tool decostone 0001 index01	name	0		0	0	0
gimmick_tool_decostone_0001_index02	stone		Tool decostone 0001 index02	name	0		0	0	0
gimmick_tool_decostone_0001_index03	stone		Tool decostone 0001 index03	name	0		0	0	0
gimmick_tool_decostone_0001_index04	stone		Tool decostone 0001 index04	name	0		0	0	0
gimmick_tool_decostone_0001_parts01	stone		Tool decostone 0001 parts01	name	0		0	0	0
gimmick_tool_decostone_0001_parts01_cogwheel	stone		Stone	name	0		0	0	0
gimmick_tool_decostone_0001_parts01_cogwheel_index01	stone		Stone	name	0		0	0	0
gimmick_tool_decostone_0001_parts01_index01	stone		Stone	name	0		0	0	0
gimmick_tool_decostone_0001_parts01_index02	stone		Stone	name	0		0	0	0
gimmick_tool_decostone_0001_parts01_index03	stone		Stone	name	0		0	0	0
gimmick_tool_decostone_0001_parts01_index04	stone		Stone	name	0		0	0	0
gimmick_tool_decostone_0002	stone		Tool decostone	name	0		0	0	0
gimmick_tool_decostone_0002_parts01	stone		Tool decostone 0002 parts01	name	0		0	0	0
gimmick_tool_decostone_0003	stone		Tool decostone	name	0		0	0	0
gimmick_tool_decostone_0003_parts01	stone		Tool decostone 0003 parts01	name	0		0	0	0
gimmick_tool_decostone_0004	stone		Tool decostone	name	0		0	0	0
gimmick_tool_decostone_0004_cogwheel	stone		Tool decostone 0004 cogwheel	name	0		0	0	0
gimmick_tool_decostone_0004_cogwheel_index01	stone		Stone	name	0		0	0	0
gimmick_tool_decostone_0004_index01	stone		Tool decostone 0004 index01	name	0		0	0	0
gimmick_tool_decostone_0004_index02	stone		Tool decostone 0004 index02	name	0		0	0	0
gimmick_tool_decostone_0004_index03	stone		Tool decostone 0004 index03	name	0		0	0	0
gimmick_tool_decostone_0004_index04	stone		Tool decostone 0004 index04	name	0		0	0	0
gimmick_tool_decostone_0004_parts01	stone		Tool decostone 0004 parts01	name	0		0	0	0
gimmick_tool_decostone_0004_parts01_cogwheel	stone		Stone	name	0		0	0	0
gimmick_tool_decostone_0004_parts01_cogwheel_index01	stone		Stone	name	0		0	0	0
gimmick_tool_decostone_0004_parts01_index01	stone		Stone	name	0		0	0	0
gimmick_tool_decostone_0004_parts01_index02	stone		Stone	name	0		0	0	0
gimmick_tool_decostone_0004_parts01_index03	stone		Stone	name	0		0	0	0
gimmick_tool_decostone_0004_parts01_index04	stone		Stone	name	0		0	0	0
gimmick_tool_decostone_0005	stone		Tool decostone	name	0		0	0	0
gimmick_tool_decostone_0005_index01	stone		Tool decostone 0005 index01	name	0		0	0	0
gimmick_tool_decostone_0006	stone		Tool decostone	name	0		0	0	0
gimmick_tool_decostone_0006_index01	stone		Tool decostone 0006 index01	name	0		0	0	0
gimmick_tool_decostone_0007_parts01	stone		Tool decostone 0007 parts01	name	0		0	0	0
gimmick_tool_decostone_0007_parts02	stone		Tool decostone 0007 parts02	name	0		0	0	0
gimmick_tool_decostone_0007_parts03	stone		Tool decostone 0007 parts03	name	0		0	0	0
gimmick_tool_decostone_0007_parts04	stone		Tool decostone 0007 parts04	name	0		0	0	0
gimmick_tool_decostone_0010	stone		Tool decostone	name	0		0	0	0
gimmick_tool_decostone_0010_parts01	stone		Tool decostone 0010 parts01	name	0		0	0	0
gimmick_tool_dryingrope_herb_0001	plant		Tool dryingrope herb	name	0		0	0	0
gimmick_tool_dryingrope_herb_0002	plant		Tool dryingrope herb	name	0		0	0	0
gimmick_tool_dryingrope_herb_0003	plant		Tool dryingrope herb	name	0		0	0	0
gimmick_tool_dryingrope_herb_0004	plant		Tool dryingrope herb	name	0		0	0	0
gimmick_tool_dryingrope_herb_0005	plant		Tool dryingrope herb	name	0		0	0	0
gimmick_tool_dryingrope_mushroom_0001	plant		Tool dryingrope mushroom	name	0		0	0	0
gimmick_tool_dryingrope_mushroom_0002	plant		Tool dryingrope mushroom	name	0		0	0	0
gimmick_tool_dryingrope_mushroom_0003	plant		Tool dryingrope mushroom	name	0		0	0	0
gimmick_tool_dryingrope_mushroom_0004	plant		Tool dryingrope mushroom	name	0		0	0	0
gimmick_tool_fishing_basket_01	container		Tool fishing basket	tag	1		0	0	0
gimmick_tool_fishing_basket_03	container		Tool fishing basket	tag	1		0	0	0
gimmick_tool_grinder_01	container		Tool grinder	tag	0		0	0	0
gimmick_tool_kinetic_barbell_0001	pickup		Tool kinetic barbell	tag	0		1	0	0
gimmick_tool_kinetic_barbell_0002	pickup		Tool kinetic barbell	tag	0		1	0	0
gimmick_tool_kinetic_circle_0001	container		Tool kinetic circle	tag	0		0	0	0
gimmick_tool_kinetic_dolphin_0001	pickup		Tool kinetic dolphin	tag	0		1	0	0
gimmick_tool_kinetic_dolphin_0002	container		Tool kinetic dolphin	tag	0		0	0	0
gimmick_tool_kinetict_boat_0001	container		Tool kinetict boat	tag	0		0	0	0
gimmick_tool_kitchenknife_0001	pickup		Tool kitchenknife	tag	0		0	0	0
gimmick_tool_kitchenknife_0002	pickup		Tool kitchenknife	tag	0		0	0	0
gimmick_tool_ladle_0001	pickup		Tool ladle	tag	0		0	0	0
gimmick_tool_trap_01	container		Tool trap	tag	0		0	0	0
gimmick_tool_trap_03	container		Tool trap	tag	0		0	0	0
gimmick_tool_trap_05	container		Tool trap	tag	0		0	0	0
gimmick_tool_trap_07	container		Tool trap	tag	0		0	0	0
gimmick_trade_item_common	pickup		Item trade pack common	folder	0		0	1	0
gimmick_transparent_effect_detect_01_reeddevil	plant		Plant	name	0		0	0	0
gimmick_trap_bomb_01	pickup		Battle trap bomb	tag	1		1	0	0
gimmick_trap_laser_box_0001	container		Trap laser box	tag	0		0	0	0
gimmick_tree_balsa_sapling_01	wood		Tree balsa sapling	tag	0		0	0	0
gimmick_tree_balsa_sapling_02	wood		Tree balsa sapling	tag	0		0	0	0
gimmick_tree_bamboo_03	wood		Tree bamboo	tag	0		0	0	0
gimmick_tree_bamboo_04	wood		Tree bamboo	tag	0		0	0	0
gimmick_tree_broad_alder_hero_02	wood		Tree broad alder hero	tag	0		0	0	0
gimmick_tree_broad_betula_big_01	wood		Tree broad betula big	tag	0		0	0	0
gimmick_tree_broad_betula_big_02	wood		Tree broad betula big	tag	0		0	0	0
gimmick_tree_broad_carob_02	wood		Tree broad carob	tag	0		0	0	0
gimmick_tree_broad_coffeetree_01_collect_02	wood		Tree broad coffeetree 01 collect	tag	0		0	0	0
gimmick_tree_broad_eunhaeng_01	wood		Tree broad eunhaeng	tag	0		0	0	0
gimmick_tree_broad_hickory_pignut_01	wood		Tree broad hickory pignut	tag	0		0	0	0
gimmick_tree_broad_hickory_pignut_03	wood		Tree broad hickory pignut	tag	0		0	0	0
gimmick_tree_broad_hickory_pignut_04	wood		Tree broad hickory pignut	tag	0		0	0	0
gimmick_tree_broad_hickory_pignut_drop_02	wood		Tree broad hickory pignut drop	tag	0		0	0	0
gimmick_tree_broad_maple_01	wood		Tree broad maple	tag	0		0	0	0
gimmick_tree_broad_maple_01_gr	wood		Tree broad maple 01 gr	tag	0		0	0	0
gimmick_tree_broad_maple_01_red	wood		Tree broad maple 01 red	tag	0		0	0	0
gimmick_tree_broad_maple_01_yellow	wood		Tree broad maple 01 yellow	tag	0		0	0	0
gimmick_tree_broad_maple_02	wood		Tree broad maple	tag	0		0	0	0
gimmick_tree_broad_maple_02_gr	wood		Tree broad maple 02 gr	tag	0		0	0	0
gimmick_tree_broad_maple_02_red	wood		Tree broad maple 02 red	tag	0		0	0	0
gimmick_tree_broad_maple_02_yellow	wood		Tree broad maple 02 yellow	tag	0		0	0	0
gimmick_tree_broad_maple_03	wood		Tree broad maple	tag	0		0	0	0
gimmick_tree_broad_maple_03_gr	wood		Tree broad maple 03 gr	tag	0		0	0	0
gimmick_tree_broad_maple_03_orange	wood		Tree broad maple 03 orange	tag	0		0	0	0
gimmick_tree_broad_maple_03_red	wood		Tree broad maple 03 red	tag	0		0	0	0
gimmick_tree_broad_maple_03_yellow	wood		Tree broad maple 03 yellow	tag	0		0	0	0
gimmick_tree_broad_oak_white_hero_01	wood		Tree broad oak white hero	tag	0		0	0	0
gimmick_tree_broad_oak_white_hero_02	wood		Tree broad oak white hero	tag	0		0	0	0
gimmick_tree_broad_oak_white_hero_03	wood		Tree broad oak white hero	tag	0		0	0	0
gimmick_tree_broad_oak_white_hero_03_root_03	wood		Wood	tag	0		0	0	0
gimmick_tree_broad_oak_white_hero_03_root_04	wood		Wood	tag	0		0	0	0
gimmick_tree_broad_oak_white_hero_04	wood		Tree broad oak white hero	tag	0		0	0	0
gimmick_tree_broad_oak_white_hero_big_02	wood		Tree broad oak white hero big	tag	0		0	0	0
gimmick_tree_broad_oak_white_hero_giant_03	wood		Tree broad oak white hero giant	tag	0		0	0	0
gimmick_tree_broad_oak_white_hero_thin_02	wood		Tree broad oak white hero thin	tag	0		0	0	0
gimmick_tree_broad_oak_white_hero_thin_03	wood		Tree broad oak white hero thin	tag	0		0	0	0
gimmick_tree_broad_oak_white_hero_thin_burnt_01	wood		Wood	tag	0		0	0	0
gimmick_tree_broad_oak_white_hero_thin_burnt_04	wood		Wood	tag	0		0	0	0
gimmick_tree_broad_pear_01_collect_01	item		Tree broad pear 01 collect	tag	0		0	0	0
gimmick_tree_broad_shagbark_hickory_hero_02	wood		Tree broad shagbark hickory hero	tag	0		0	0	0
gimmick_tree_broad_uniquetree_10	wood		Tree broad uniquetree	tag	0		0	0	0
gimmick_tree_broad_white_poplar_01	wood		Tree broad white poplar	tag	0		0	0	0
gimmick_tree_broken_04	wood		Tree broken	name	1		0	0	0
gimmick_tree_broken_04_north	wood		Tree broken 04 north	name	1		0	0	0
gimmick_tree_broken_05	wood		Tree broken	name	1		0	0	0
gimmick_tree_cd_broad_acacia_04	wood		Tree cd broad acacia	tag	0		0	0	0
gimmick_tree_cd_broad_acacia_05	wood		Tree cd broad acacia	tag	0		0	0	0
gimmick_tree_cd_broad_almond_drop_02	wood		Tree cd broad almond drop	tag	0		0	0	0
gimmick_tree_cd_broad_birch_paper_01	wood		Tree cd broad birch paper	tag	0		0	0	0
gimmick_tree_cd_broad_birch_paper_02	wood		Tree cd broad birch paper	tag	0		0	0	0
gimmick_tree_cd_broad_birch_paper_05	wood		Tree cd broad birch paper	tag	0		0	0	0
gimmick_tree_cd_broad_birch_paper_big_01	wood		Tree cd broad birch paper big	tag	0		0	0	0
gimmick_tree_cd_broad_birch_paper_drop_05	wood		Tree cd broad birch paper drop	tag	0		0	0	0
gimmick_tree_cd_broad_birch_paper_fw_05	wood		Tree cd broad birch paper fw	tag	0		0	0	0
gimmick_tree_cd_broad_birch_paper_moss_05	wood		Tree cd broad birch paper moss	tag	0		0	0	0
gimmick_tree_cd_broad_european_beech_01	wood		Tree cd broad european beech	tag	0		0	0	0
gimmick_tree_cd_crop_apple_01_collect_01	item		Tree cd crop apple 01 collect	tag	0		0	0	0
gimmick_tree_cd_crop_apple_02_collect	item		Tree cd crop apple 02 collect	tag	0		0	0	0
gimmick_tree_cd_desert_juniper_drop_03	wood		Tree cd desert juniper drop	tag	0		0	0	0
gimmick_tree_cd_palm_sabal_01	wood		Tree cd palm sabal	tag	0		0	0	0
gimmick_tree_cd_pine_spruce_low_01	wood		Tree cd pine spruce low	tag	0		0	0	0
gimmick_tree_crop_cacao_01_collect_01	item		Tree crop cacao 01 collect	tag	0		0	0	0
gimmick_tree_crop_figs_01_collect_01	item		Tree crop figs 01 collect	tag	0		0	0	0
gimmick_tree_crop_orange_01_collect_01	item		Tree crop orange 01 collect	tag	0		0	0	0
gimmick_tree_crop_orange_02_collect_01	item		Tree crop orange 02 collect	tag	0		0	0	0
gimmick_tree_crop_peach_01_collect_01	item		Tree crop peach 01 collect	tag	0		0	0	0
gimmick_tree_crop_peach_02_collect_01	item		Tree crop peach 02 collect	tag	0		0	0	0
gimmick_tree_crop_pomegranate_01_collect_01	item		Tree crop pomegranate 01 collect	tag	0		0	0	0
gimmick_tree_desert_dragon_01	wood		Tree desert dragon	tag	0		0	0	0
gimmick_tree_hexe_marie_02	wood		Tree hexe marie	tag	0		0	0	0
gimmick_tree_out_cypress_italian_hero_01	wood		Tree out cypress italian hero	tag	0		0	0	0
gimmick_tree_out_cypress_italian_hero_03	wood		Tree out cypress italian hero	tag	0		0	0	0
gimmick_tree_out_cypress_italian_hero_teal_03	wood		Wood	tag	0		0	0	0
gimmick_tree_palm_01	wood		Tree palm	tag	0		0	0	0
gimmick_tree_palm_coconut_01	wood		Tree palm coconut	tag	0		0	0	0
gimmick_tree_palm_coconut_02	wood		Tree palm coconut	tag	0		0	0	0
gimmick_tree_palm_coconut_03	wood		Tree palm coconut	tag	0		0	0	0
gimmick_tree_pine_cypress_bhutan_01	wood		Tree pine cypress bhutan	tag	0		0	0	0
gimmick_tree_pine_cypress_bhutan_drop_01	wood		Tree pine cypress bhutan drop	tag	0		0	0	0
gimmick_tree_pine_densiflora_01	wood		Tree pine densiflora	tag	0		0	0	0
gimmick_tree_pine_eastern_01	wood		Tree pine eastern	tag	0		0	0	0
gimmick_tree_pine_redwoodsierra_burnt_01	wood		Tree pine redwoodsierra burnt	tag	0		0	0	0
gimmick_tree_pine_redwoodsierra_burnt_03	wood		Tree pine redwoodsierra burnt	tag	0		0	0	0
gimmick_tree_pine_redwoodsierra_small_01	wood		Tree pine redwoodsierra small	tag	0		0	0	0
gimmick_tree_pine_spruce_high_drop_02	wood		Tree pine spruce high drop	tag	0		0	0	0
gimmick_tree_pine_spruce_north_hero_01	wood		Tree pine spruce north hero	tag	0		0	0	0
gimmick_tree_pine_spruce_north_hero_07	wood		Tree pine spruce north hero	tag	0		0	0	0
gimmick_tree_pine_spruce_north_hero_giant_01	wood		Wood	tag	0		0	0	0
gimmick_tree_pine_spruce_norway_hero_01	wood		Tree pine spruce norway hero	tag	0		0	0	0
gimmick_tree_pine_spruce_norway_hero_02	wood		Tree pine spruce norway hero	tag	0		0	0	0
gimmick_tree_pine_spruce_norway_hero_03	wood		Tree pine spruce norway hero	tag	0		0	0	0
gimmick_tree_pine_spruce_norway_hero_04	wood		Tree pine spruce norway hero	tag	0		0	0	0
gimmick_tree_pine_spruce_norway_hero_drop_01	wood		Wood	tag	0		0	0	0
gimmick_tree_pine_spruce_norway_hero_small_01	wood		Wood	tag	0		0	0	0
gimmick_tumbleweed_0001	plant	Item_gimmick_tumbleweed_0001	Tumbleweed	name	0	Item_gimmick_tumbleweed_0001	0	0	0
gimmick_tumbleweed_0002	plant	Item_gimmick_tumbleweed_0001	Tumbleweed	name	0	Item_gimmick_tumbleweed_0001	0	0	0
gimmick_tumbleweed_0003	plant	Item_gimmick_tumbleweed_0001	Tumbleweed	name	0	Item_gimmick_tumbleweed_0001	0	0	0
gimmick_umbra_break_rock_01	stone		Umbra break rock	name	0		0	0	0
gimmick_umbra_break_rock_02	stone		Umbra break rock	name	0		0	0	0
gimmick_unique_bush_crop_ensete_01_collect_02	item		Crop	tag	0		0	0	0
gimmick_unique_tree_broad_pear_01_collect_01	item		Crop	tag	0		0	0	0
gimmick_unique_tree_broad_rubber_01_collect_01	wood		Wood	tag	0		0	0	0
gimmick_unique_tree_cd_crop_apple_01_collect_01	item		Crop	tag	0		0	0	0
gimmick_unique_tree_crop_cacao_01_collect_01	item		Crop	tag	0		0	0	0
gimmick_unique_tree_crop_figs_01_collect_01	item		Unique tree crop figs 01 collect	tag	0		0	0	0
gimmick_unique_tree_crop_orange_01_collect_01	item		Crop	tag	0		0	0	0
gimmick_unique_tree_crop_peach_01_collect_01	item		Crop	tag	0		0	0	0
gimmick_unique_tree_crop_pomegranate_01_collect_01	item		Crop	tag	0		0	0	0
gimmick_urdavha_water_bottle_01	container		Water bottle	tag	0		0	0	0
gimmick_urdavha_water_bottle_02	container		Water bottle	tag	0		0	0	0
gimmick_vine_bomb_01	pickup		Battle vine bomb	tag	1	BountyHunter_Fabric_Boots_I	0	0	0
gimmick_water_bomb_01	pickup		Battle water bomb	tag	1	BountyHunter_Fabric_Boots_I	0	0	0
gimmick_wood_firewood_0001	container		Wood firewood	tag	0	Wood	0	0	0
gimmick_wood_firewood_set_0001	wood		Wood firewood set	name	0		0	0	0
gimmick_wood_firewood_set_0001_index01	wood		Wood firewood set 0001 index01	name	0		0	0	0
gimmick_woodlog_set_05_01_pail	wood		Woodlog set 05 01 pail	name	0		0	0	0
gimmick_woodlog_set_05_02_pail	wood		Woodlog set 05 02 pail	name	0		0	0	0
gimmick_woodlog_set_05_03_pail	wood		Woodlog set 05 03 pail	name	0		0	0	0
gimmick_woodlog_set_05_04_pail	wood		Woodlog set 05 04 pail	name	0		0	0	0
gimmick_woodlog_set_05_05_pail	wood		Woodlog set 05 05 pail	name	0		0	0	0
